query,approach,pipeline_id,computeSamples,eliminateSingletons,htAlloc,htBuild,htBuildBloomFilter,htBuildTotal,htBuildTree,htCollectAndSort,htCountUniqueKeys,joinOptimize,pipelineCompile,pipelineExec,scanBuild
10a,old,0,0.000,0.000,0.000,0.000,0.000,0.000,0.000,0.000,0.000,0.000,0.000,0.000,0.000
10a,old,1,0.000,0.000,0.000,0.000,0.000,0.000,0.000,0.000,0.000,0.000,1168.000,0.000,0.000
10a,old,2,0.000,0.000,0.000,0.000,0.000,0.000,0.000,0.000,0.000,0.000,0.000,0.000,0.000
10a,old,3,0.000,0.000,0.000,0.000,0.000,0.000,0.000,0.000,0.000,0.000,1156.000,1.000,0.000
10a,old,4,0.000,0.000,0.000,0.000,0.000,0.000,0.000,0.000,0.000,0.000,1299.000,0.000,0.000
10a,old,5,0.000,0.000,0.000,0.000,0.000,0.000,0.000,0.000,0.000,0.000,1489.000,0.000,0.000
10a,old,6,0.000,0.000,0.000,0.000,0.000,0.000,0.000,0.000,0.000,0.000,1241.000,0.000,0.000
10a,old,7,0.000,0.000,0.000,0.000,0.000,0.000,0.000,0.000,0.000,0.000,0.000,0.000,0.000
10a,old,8,0.000,0.000,0.000,0.000,0.000,0.000,0.000,0.000,0.000,0.000,0.000,0.000,0.000
10a,old,9,0.000,0.000,0.000,0.000,0.000,0.000,0.000,0.000,0.000,0.000,0.000,1.000,0.000
10a,old,10,0.000,0.000,0.000,0.000,0.000,0.000,0.000,0.000,0.000,0.000,0.000,0.000,0.000
10a,old,11,0.000,0.000,0.000,0.000,0.000,0.000,0.000,0.000,0.000,0.000,0.000,0.000,0.000
10a,old,12,0.000,0.000,0.000,0.000,0.000,0.000,0.000,0.000,0.000,0.000,0.000,0.000,0.000
10a,old,13,0.000,0.000,0.000,0.000,0.000,0.000,0.000,0.000,0.000,0.000,0.000,0.000,0.000
10a,old,14,0.000,0.000,0.000,0.000,0.000,0.000,0.000,0.000,0.000,0.000,0.000,0.000,0.000
10a,old,15,0.000,0.000,0.000,0.000,0.000,0.000,0.000,0.000,0.000,0.000,0.000,0.000,0.000
10a,old,16,0.000,0.000,0.000,0.000,0.000,0.000,0.000,0.000,0.000,0.000,0.000,0.000,0.000
10a,old,17,0.000,0.000,0.000,0.000,0.000,0.000,0.000,0.000,0.000,0.000,0.000,0.000,0.000
10a,old,18,0.000,0.000,0.000,0.000,0.000,0.000,0.000,0.000,0.000,0.000,0.000,0.000,0.000
10b,old,0,0.000,0.000,0.000,0.000,0.000,0.000,0.000,0.000,0.000,0.000,0.000,0.000,0.000
10b,old,1,0.000,0.000,0.000,0.000,0.000,0.000,0.000,0.000,0.000,0.000,1152.000,0.000,0.000
10b,old,2,0.000,0.000,0.000,0.000,0.000,0.000,0.000,0.000,0.000,0.000,0.000,0.000,0.000
10b,old,3,0.000,0.000,0.000,0.000,0.000,0.000,0.000,0.000,0.000,0.000,1206.000,0.000,0.000
10b,old,4,0.000,0.000,0.000,0.000,0.000,0.000,0.000,0.000,0.000,0.000,1210.000,0.000,0.000
10b,old,5,0.000,0.000,0.000,0.000,0.000,0.000,0.000,0.000,0.000,0.000,0.000,0.000,0.000
10b,old,6,0.000,0.000,0.000,0.000,0.000,0.000,0.000,0.000,0.000,0.000,0.000,0.000,0.000
10b,old,7,0.000,0.000,0.000,0.000,0.000,0.000,0.000,0.000,0.000,0.000,0.000,0.000,0.000
10b,old,8,0.000,0.000,0.000,0.000,0.000,0.000,0.000,0.000,0.000,0.000,0.000,0.000,0.000
10b,old,9,0.000,0.000,0.000,0.000,0.000,0.000,0.000,0.000,0.000,0.000,0.000,0.000,0.000
10b,old,10,0.000,0.000,0.000,0.000,0.000,0.000,0.000,0.000,0.000,0.000,0.000,0.000,0.000
10b,old,11,0.000,0.000,0.000,0.000,0.000,0.000,0.000,0.000,0.000,0.000,0.000,0.000,0.000
10b,old,12,0.000,0.000,0.000,0.000,0.000,0.000,0.000,0.000,0.000,0.000,0.000,0.000,0.000
10c,old,0,0.000,0.000,0.000,0.000,0.000,0.000,0.000,0.000,0.000,0.000,0.000,0.000,0.000
10c,old,1,0.000,0.000,0.000,0.000,0.000,0.000,0.000,0.000,0.000,0.000,1066.000,0.000,0.000
10c,old,2,0.000,0.000,0.000,0.000,0.000,0.000,0.000,0.000,0.000,0.000,0.000,0.000,0.000
10c,old,3,0.000,0.000,0.000,0.000,0.000,0.000,0.000,0.000,0.000,0.000,1095.000,0.000,0.000
10c,old,4,0.000,0.000,0.000,0.000,0.000,0.000,0.000,0.000,0.000,0.000,1275.000,0.000,0.000
10c,old,5,0.000,0.000,0.000,0.000,0.000,0.000,0.000,0.000,0.000,0.000,0.000,0.000,0.000
10c,old,6,0.000,0.000,0.000,0.000,0.000,0.000,0.000,0.000,0.000,0.000,1399.000,0.000,0.000
10c,old,7,0.000,0.000,0.000,0.000,0.000,0.000,0.000,0.000,0.000,0.000,1265.000,0.000,0.000
10c,old,8,0.000,0.000,0.000,0.000,0.000,0.000,0.000,0.000,0.000,0.000,0.000,0.000,0.000
10c,old,9,0.000,0.000,0.000,0.000,0.000,0.000,0.000,0.000,0.000,0.000,0.000,0.000,0.000
10c,old,10,0.000,0.000,0.000,0.000,0.000,0.000,0.000,0.000,0.000,0.000,0.000,0.000,0.000
10c,old,11,0.000,0.000,0.000,0.000,0.000,0.000,0.000,0.000,0.000,0.000,0.000,0.000,0.000
10c,old,12,0.000,0.000,0.000,0.000,0.000,0.000,0.000,0.000,0.000,0.000,0.000,3.000,0.000
10c,old,13,0.000,0.000,0.000,0.000,0.000,0.000,0.000,0.000,0.000,0.000,0.000,0.000,0.000
10c,old,14,0.000,0.000,0.000,0.000,0.000,0.000,0.000,0.000,0.000,0.000,0.000,0.000,0.000
10c,old,15,0.000,0.000,0.000,0.000,0.000,0.000,0.000,0.000,0.000,0.000,0.000,0.000,0.000
10c,old,16,0.000,0.000,0.000,0.000,0.000,0.000,0.000,0.000,0.000,0.000,0.000,0.000,0.000
10c,old,17,0.000,0.000,0.000,0.000,0.000,0.000,0.000,0.000,0.000,0.000,0.000,0.000,0.000
10c,old,18,0.000,0.000,0.000,0.000,0.000,0.000,0.000,0.000,0.000,0.000,0.000,0.000,0.000
10c,old,19,0.000,0.000,0.000,0.000,0.000,0.000,0.000,0.000,0.000,0.000,0.000,0.000,0.000
10c,old,20,0.000,0.000,0.000,0.000,0.000,0.000,0.000,0.000,0.000,0.000,0.000,0.000,0.000
10c,old,21,0.000,0.000,0.000,0.000,0.000,0.000,0.000,0.000,0.000,0.000,0.000,0.000,0.000
11a,old,0,0.000,0.000,0.000,0.000,0.000,0.000,0.000,0.000,0.000,0.000,0.000,0.000,0.000
11a,old,1,0.000,0.000,0.000,0.000,0.000,0.000,0.000,0.000,0.000,0.000,1122.000,0.000,0.000
11a,old,2,0.000,0.000,0.000,0.000,0.000,0.000,0.000,0.000,0.000,0.000,1139.000,0.000,0.000
11a,old,3,0.000,0.000,0.000,0.000,0.000,0.000,0.000,0.000,0.000,0.000,1151.000,0.000,0.000
11a,old,4,0.000,0.000,0.000,0.000,0.000,0.000,0.000,0.000,0.000,0.000,1415.000,0.000,0.000
11a,old,5,0.000,0.000,0.000,0.000,0.000,0.000,0.000,0.000,0.000,0.000,1214.000,0.000,0.000
11a,old,6,0.000,0.000,0.000,0.000,0.000,0.000,0.000,0.000,0.000,0.000,1204.000,0.000,0.000
11a,old,7,0.000,0.000,0.000,0.000,0.000,0.000,0.000,0.000,0.000,0.000,0.000,0.000,0.000
11a,old,8,0.000,0.000,0.000,0.000,0.000,0.000,0.000,0.000,0.000,0.000,0.000,0.000,0.000
11a,old,9,0.000,0.000,0.000,0.000,0.000,0.000,0.000,0.000,0.000,0.000,0.000,0.000,0.000
11a,old,10,0.000,0.000,0.000,0.000,0.000,0.000,0.000,0.000,0.000,0.000,0.000,0.000,0.000
11a,old,11,0.000,0.000,0.000,0.000,0.000,0.000,0.000,0.000,0.000,0.000,0.000,0.000,0.000
11a,old,12,0.000,0.000,0.000,0.000,0.000,0.000,0.000,0.000,0.000,0.000,0.000,0.000,0.000
11a,old,13,0.000,0.000,0.000,0.000,0.000,0.000,0.000,0.000,0.000,0.000,0.000,0.000,0.000
11a,old,14,0.000,0.000,0.000,0.000,0.000,0.000,0.000,0.000,0.000,0.000,0.000,0.000,0.000
11a,old,15,0.000,0.000,0.000,0.000,0.000,0.000,0.000,0.000,0.000,0.000,0.000,0.000,0.000
11a,old,16,0.000,0.000,0.000,0.000,0.000,0.000,0.000,0.000,0.000,0.000,0.000,0.000,0.000
11a,old,17,0.000,0.000,0.000,0.000,0.000,0.000,0.000,0.000,0.000,0.000,0.000,0.000,0.000
11a,old,18,0.000,0.000,0.000,0.000,0.000,0.000,0.000,0.000,0.000,0.000,0.000,1.000,0.000
11b,old,0,0.000,0.000,0.000,0.000,0.000,0.000,0.000,0.000,0.000,0.000,0.000,0.000,0.000
11b,old,1,0.000,0.000,0.000,0.000,0.000,0.000,0.000,0.000,0.000,0.000,1263.000,0.000,0.000
11b,old,2,0.000,0.000,0.000,0.000,0.000,0.000,0.000,0.000,0.000,0.000,1062.000,0.000,0.000
11b,old,3,0.000,0.000,0.000,0.000,0.000,0.000,0.000,0.000,0.000,0.000,1259.000,0.000,0.000
11b,old,4,0.000,0.000,0.000,0.000,0.000,0.000,0.000,0.000,0.000,0.000,1181.000,0.000,0.000
11b,old,5,0.000,0.000,0.000,0.000,0.000,0.000,0.000,0.000,0.000,0.000,1153.000,0.000,0.000
11b,old,6,0.000,0.000,0.000,0.000,0.000,0.000,0.000,0.000,0.000,0.000,0.000,0.000,0.000
11b,old,7,0.000,0.000,0.000,0.000,0.000,0.000,0.000,0.000,0.000,0.000,0.000,0.000,0.000
11b,old,8,0.000,0.000,0.000,0.000,0.000,0.000,0.000,0.000,0.000,0.000,0.000,0.000,0.000
11b,old,9,0.000,0.000,0.000,0.000,0.000,0.000,0.000,0.000,0.000,0.000,0.000,0.000,0.000
11b,old,10,0.000,0.000,0.000,0.000,0.000,0.000,0.000,0.000,0.000,0.000,0.000,0.000,0.000
11b,old,11,0.000,0.000,0.000,0.000,0.000,0.000,0.000,0.000,0.000,0.000,0.000,0.000,0.000
11b,old,12,0.000,0.000,0.000,0.000,0.000,0.000,0.000,0.000,0.000,0.000,0.000,0.000,0.000
11b,old,13,0.000,0.000,0.000,0.000,0.000,0.000,0.000,0.000,0.000,0.000,0.000,0.000,0.000
11b,old,14,0.000,0.000,0.000,0.000,0.000,0.000,0.000,0.000,0.000,0.000,0.000,0.000,0.000
11b,old,15,0.000,0.000,0.000,0.000,0.000,0.000,0.000,0.000,0.000,0.000,0.000,1.000,0.000
11c,old,0,0.000,0.000,0.000,0.000,0.000,0.000,0.000,0.000,0.000,0.000,0.000,0.000,0.000
11c,old,1,0.000,0.000,0.000,0.000,0.000,0.000,0.000,0.000,0.000,0.000,1097.000,0.000,0.000
11c,old,2,0.000,0.000,0.000,0.000,0.000,0.000,0.000,0.000,0.000,0.000,0.000,0.000,0.000
11c,old,3,0.000,0.000,0.000,0.000,0.000,0.000,0.000,0.000,0.000,0.000,0.000,0.000,0.000
11c,old,4,0.000,0.000,0.000,0.000,0.000,0.000,0.000,0.000,0.000,0.000,1165.000,0.000,0.000
11c,old,5,0.000,0.000,0.000,0.000,0.000,0.000,0.000,0.000,0.000,0.000,1145.000,0.000,0.000
11c,old,6,0.000,0.000,0.000,0.000,0.000,0.000,0.000,0.000,0.000,0.000,0.000,0.000,0.000
11c,old,7,0.000,0.000,0.000,0.000,0.000,0.000,0.000,0.000,0.000,0.000,1371.000,0.000,0.000
11c,old,8,0.000,0.000,0.000,0.000,0.000,0.000,0.000,0.000,0.000,0.000,1214.000,1.000,0.000
11c,old,9,0.000,0.000,0.000,0.000,0.000,0.000,0.000,0.000,0.000,0.000,0.000,0.000,0.000
11c,old,10,0.000,0.000,0.000,0.000,0.000,0.000,0.000,0.000,0.000,0.000,0.000,0.000,0.000
11c,old,11,0.000,0.000,0.000,0.000,0.000,0.000,0.000,0.000,0.000,0.000,0.000,0.000,0.000
11c,old,12,0.000,0.000,0.000,0.000,0.000,0.000,0.000,0.000,0.000,0.000,0.000,0.000,0.000
11c,old,13,0.000,0.000,0.000,0.000,0.000,0.000,0.000,0.000,0.000,0.000,0.000,0.000,0.000
11c,old,14,0.000,0.000,0.000,0.000,0.000,0.000,0.000,0.000,0.000,0.000,0.000,0.000,0.000
11c,old,15,0.000,0.000,0.000,0.000,0.000,0.000,0.000,0.000,0.000,0.000,0.000,0.000,0.000
11c,old,16,0.000,0.000,0.000,0.000,0.000,0.000,0.000,0.000,0.000,0.000,0.000,1.000,0.000
11c,old,17,0.000,0.000,0.000,0.000,0.000,0.000,0.000,0.000,0.000,0.000,0.000,0.000,0.000
11c,old,18,0.000,0.000,0.000,0.000,0.000,0.000,0.000,0.000,0.000,0.000,0.000,0.000,0.000
11c,old,19,0.000,0.000,0.000,0.000,0.000,0.000,0.000,0.000,0.000,0.000,0.000,0.000,0.000
11c,old,20,0.000,0.000,0.000,0.000,0.000,0.000,0.000,0.000,0.000,0.000,0.000,0.000,0.000
11c,old,21,0.000,0.000,0.000,0.000,0.000,0.000,0.000,0.000,0.000,0.000,0.000,0.000,0.000
11c,old,22,0.000,0.000,0.000,0.000,0.000,0.000,0.000,0.000,0.000,0.000,0.000,0.000,0.000
11c,old,23,0.000,0.000,0.000,0.000,0.000,0.000,0.000,0.000,0.000,0.000,0.000,0.000,0.000
11c,old,24,0.000,0.000,0.000,0.000,0.000,0.000,0.000,0.000,0.000,0.000,0.000,1.000,0.000
11d,old,0,0.000,0.000,0.000,0.000,0.000,0.000,0.000,0.000,0.000,0.000,0.000,0.000,0.000
11d,old,1,0.000,0.000,0.000,0.000,0.000,0.000,0.000,0.000,0.000,0.000,1070.000,0.000,0.000
11d,old,2,0.000,0.000,0.000,0.000,0.000,0.000,0.000,0.000,0.000,0.000,0.000,0.000,0.000
11d,old,3,0.000,0.000,0.000,0.000,0.000,0.000,0.000,0.000,0.000,0.000,0.000,0.000,0.000
11d,old,4,0.000,0.000,0.000,0.000,0.000,0.000,0.000,0.000,0.000,0.000,0.000,0.000,0.000
11d,old,5,0.000,0.000,0.000,0.000,0.000,0.000,0.000,0.000,0.000,0.000,1152.000,0.000,0.000
11d,old,6,0.000,0.000,0.000,0.000,0.000,0.000,0.000,0.000,0.000,0.000,1102.000,0.000,0.000
11d,old,7,0.000,0.000,0.000,0.000,0.000,0.000,0.000,0.000,0.000,0.000,1215.000,1.000,0.000
11d,old,8,0.000,0.000,0.000,0.000,0.000,0.000,0.000,0.000,0.000,0.000,1231.000,0.000,0.000
11d,old,9,0.000,0.000,0.000,0.000,0.000,0.000,0.000,0.000,0.000,0.000,0.000,0.000,0.000
11d,old,10,0.000,0.000,0.000,0.000,0.000,0.000,0.000,0.000,0.000,0.000,0.000,0.000,0.000
11d,old,11,0.000,0.000,0.000,0.000,0.000,0.000,0.000,0.000,0.000,0.000,0.000,0.000,0.000
11d,old,12,0.000,0.000,0.000,0.000,0.000,0.000,0.000,0.000,0.000,0.000,0.000,0.000,0.000
11d,old,13,0.000,0.000,0.000,0.000,0.000,0.000,0.000,0.000,0.000,0.000,0.000,2.000,0.000
11d,old,14,0.000,0.000,0.000,0.000,0.000,0.000,0.000,0.000,0.000,0.000,0.000,1.000,0.000
11d,old,15,0.000,0.000,0.000,0.000,0.000,0.000,0.000,0.000,0.000,0.000,0.000,0.000,0.000
11d,old,16,0.000,0.000,0.000,0.000,0.000,0.000,0.000,0.000,0.000,0.000,0.000,0.000,0.000
11d,old,17,0.000,0.000,0.000,0.000,0.000,0.000,0.000,0.000,0.000,0.000,0.000,0.000,0.000
11d,old,18,0.000,0.000,0.000,0.000,0.000,0.000,0.000,0.000,0.000,0.000,0.000,0.000,0.000
11d,old,19,0.000,0.000,0.000,0.000,0.000,0.000,0.000,0.000,0.000,0.000,0.000,0.000,0.000
11d,old,20,0.000,0.000,0.000,0.000,0.000,0.000,0.000,0.000,0.000,0.000,0.000,0.000,0.000
11d,old,21,0.000,0.000,0.000,0.000,0.000,0.000,0.000,0.000,0.000,0.000,0.000,0.000,0.000
11d,old,22,0.000,0.000,0.000,0.000,0.000,0.000,0.000,0.000,0.000,0.000,0.000,1.000,0.000
11d,old,23,0.000,0.000,0.000,0.000,0.000,0.000,0.000,0.000,0.000,0.000,0.000,0.000,0.000
11d,old,24,0.000,0.000,0.000,0.000,0.000,0.000,0.000,0.000,0.000,0.000,0.000,0.000,0.000
12a,old,0,0.000,0.000,0.000,0.000,0.000,0.000,0.000,0.000,0.000,0.000,0.000,0.000,0.000
12a,old,1,0.000,0.000,0.000,0.000,0.000,0.000,0.000,0.000,0.000,0.000,1125.000,0.000,0.000
12a,old,2,0.000,0.000,0.000,0.000,0.000,0.000,0.000,0.000,0.000,0.000,1079.000,0.000,0.000
12a,old,3,0.000,0.000,0.000,0.000,0.000,0.000,0.000,0.000,0.000,0.000,1164.000,0.000,0.000
12a,old,4,0.000,0.000,0.000,0.000,0.000,0.000,0.000,0.000,0.000,0.000,1249.000,0.000,0.000
12a,old,5,0.000,0.000,0.000,0.000,0.000,0.000,0.000,0.000,0.000,0.000,1464.000,0.000,0.000
12a,old,6,0.000,0.000,0.000,0.000,0.000,0.000,0.000,0.000,0.000,0.000,0.000,0.000,0.000
12a,old,7,0.000,0.000,0.000,0.000,0.000,0.000,0.000,0.000,0.000,0.000,0.000,0.000,0.000
12a,old,8,0.000,0.000,0.000,0.000,0.000,0.000,0.000,0.000,0.000,0.000,0.000,0.000,0.000
12a,old,9,0.000,0.000,0.000,0.000,0.000,0.000,0.000,0.000,0.000,0.000,0.000,0.000,0.000
12a,old,10,0.000,0.000,0.000,0.000,0.000,0.000,0.000,0.000,0.000,0.000,0.000,0.000,0.000
12a,old,11,0.000,0.000,0.000,0.000,0.000,0.000,0.000,0.000,0.000,0.000,0.000,0.000,0.000
12a,old,12,0.000,0.000,0.000,0.000,0.000,0.000,0.000,0.000,0.000,0.000,0.000,0.000,0.000
12a,old,13,0.000,0.000,0.000,0.000,0.000,0.000,0.000,0.000,0.000,0.000,0.000,0.000,0.000
12a,old,14,0.000,0.000,0.000,0.000,0.000,0.000,0.000,0.000,0.000,0.000,0.000,0.000,0.000
12a,old,15,0.000,0.000,0.000,0.000,0.000,0.000,0.000,0.000,0.000,0.000,0.000,0.000,0.000
12b,old,0,0.000,0.000,0.000,0.000,0.000,0.000,0.000,0.000,0.000,0.000,0.000,0.000,0.000
12b,old,1,0.000,0.000,0.000,0.000,0.000,0.000,0.000,0.000,0.000,0.000,1093.000,0.000,0.000
12b,old,2,0.000,0.000,0.000,0.000,0.000,0.000,0.000,0.000,0.000,0.000,1127.000,0.000,0.000
12b,old,3,0.000,0.000,0.000,0.000,0.000,0.000,0.000,0.000,0.000,0.000,0.000,0.000,0.000
12b,old,4,0.000,0.000,0.000,0.000,0.000,0.000,0.000,0.000,0.000,0.000,1225.000,0.000,0.000
12b,old,5,0.000,0.000,0.000,0.000,0.000,0.000,0.000,0.000,0.000,0.000,0.000,0.000,0.000
12b,old,6,0.000,0.000,0.000,0.000,0.000,0.000,0.000,0.000,0.000,0.000,1241.000,9.000,0.000
12b,old,7,0.000,0.000,0.000,0.000,0.000,0.000,0.000,0.000,0.000,0.000,0.000,0.000,0.000
12b,old,8,0.000,0.000,0.000,0.000,0.000,0.000,0.000,0.000,0.000,0.000,0.000,0.000,0.000
12b,old,9,0.000,0.000,0.000,0.000,0.000,0.000,0.000,0.000,0.000,0.000,0.000,0.000,0.000
12b,old,10,0.000,0.000,0.000,0.000,0.000,0.000,0.000,0.000,0.000,0.000,0.000,0.000,0.000
12b,old,11,0.000,0.000,0.000,0.000,0.000,0.000,0.000,0.000,0.000,0.000,0.000,0.000,0.000
12b,old,12,0.000,0.000,0.000,0.000,0.000,0.000,0.000,0.000,0.000,0.000,0.000,6.000,0.000
12b,old,13,0.000,0.000,0.000,0.000,0.000,0.000,0.000,0.000,0.000,0.000,0.000,0.000,0.000
12b,old,14,0.000,0.000,0.000,0.000,0.000,0.000,0.000,0.000,0.000,0.000,0.000,0.000,0.000
12b,old,15,0.000,0.000,0.000,0.000,0.000,0.000,0.000,0.000,0.000,0.000,0.000,2.000,0.000
12b,old,16,0.000,0.000,0.000,0.000,0.000,0.000,0.000,0.000,0.000,0.000,0.000,0.000,0.000
12b,old,17,0.000,0.000,0.000,0.000,0.000,0.000,0.000,0.000,0.000,0.000,0.000,0.000,0.000
12b,old,18,0.000,0.000,0.000,0.000,0.000,0.000,0.000,0.000,0.000,0.000,0.000,8.000,0.000
12c,old,0,0.000,0.000,0.000,0.000,0.000,0.000,0.000,0.000,0.000,0.000,0.000,0.000,0.000
12c,old,1,0.000,0.000,0.000,0.000,0.000,0.000,0.000,0.000,0.000,0.000,1118.000,0.000,0.000
12c,old,2,0.000,0.000,0.000,0.000,0.000,0.000,0.000,0.000,0.000,0.000,0.000,0.000,0.000
12c,old,3,0.000,0.000,0.000,0.000,0.000,0.000,0.000,0.000,0.000,0.000,1075.000,0.000,0.000
12c,old,4,0.000,0.000,0.000,0.000,0.000,0.000,0.000,0.000,0.000,0.000,1302.000,1.000,0.000
12c,old,5,0.000,0.000,0.000,0.000,0.000,0.000,0.000,0.000,0.000,0.000,1288.000,1.000,0.000
12c,old,6,0.000,0.000,0.000,0.000,0.000,0.000,0.000,0.000,0.000,0.000,0.000,0.000,0.000
12c,old,7,0.000,0.000,0.000,0.000,0.000,0.000,0.000,0.000,0.000,0.000,0.000,1.000,0.000
12c,old,8,0.000,0.000,0.000,0.000,0.000,0.000,0.000,0.000,0.000,0.000,0.000,0.000,0.000
12c,old,9,0.000,0.000,0.000,0.000,0.000,0.000,0.000,0.000,0.000,0.000,0.000,2.000,0.000
12c,old,10,0.000,0.000,0.000,0.000,0.000,0.000,0.000,0.000,0.000,0.000,0.000,1.000,0.000
12c,old,11,0.000,0.000,0.000,0.000,0.000,0.000,0.000,0.000,0.000,0.000,0.000,0.000,0.000
12c,old,12,0.000,0.000,0.000,0.000,0.000,0.000,0.000,0.000,0.000,0.000,0.000,1.000,0.000
12c,old,13,0.000,0.000,0.000,0.000,0.000,0.000,0.000,0.000,0.000,0.000,0.000,0.000,0.000
12c,old,14,0.000,0.000,0.000,0.000,0.000,0.000,0.000,0.000,0.000,0.000,0.000,4.000,0.000
12c,old,15,0.000,0.000,0.000,0.000,0.000,0.000,0.000,0.000,0.000,0.000,0.000,1.000,0.000
13a,old,0,0.000,0.000,0.000,0.000,0.000,0.000,0.000,0.000,0.000,0.000,0.000,0.000,0.000
13a,old,1,0.000,0.000,0.000,0.000,0.000,0.000,0.000,0.000,0.000,0.000,1115.000,0.000,0.000
13a,old,2,0.000,0.000,0.000,0.000,0.000,0.000,0.000,0.000,0.000,0.000,1265.000,1.000,0.000
13a,old,3,0.000,0.000,0.000,0.000,0.000,0.000,0.000,0.000,0.000,0.000,1160.000,0.000,0.000
13a,old,4,0.000,0.000,0.000,0.000,0.000,0.000,0.000,0.000,0.000,0.000,1160.000,1.000,0.000
13a,old,5,0.000,0.000,0.000,0.000,0.000,0.000,0.000,0.000,0.000,0.000,1236.000,11.000,0.000
13a,old,6,0.000,0.000,0.000,0.000,0.000,0.000,0.000,0.000,0.000,0.000,0.000,0.000,0.000
13a,old,7,0.000,0.000,0.000,0.000,0.000,0.000,0.000,0.000,0.000,0.000,0.000,1.000,0.000
13a,old,8,0.000,0.000,0.000,0.000,0.000,0.000,0.000,0.000,0.000,0.000,0.000,1.000,0.000
13a,old,9,0.000,0.000,0.000,0.000,0.000,0.000,0.000,0.000,0.000,0.000,0.000,2.000,0.000
13a,old,10,0.000,0.000,0.000,0.000,0.000,0.000,0.000,0.000,0.000,0.000,0.000,11.000,0.000
13a,old,11,0.000,0.000,0.000,0.000,0.000,0.000,0.000,0.000,0.000,0.000,0.000,0.000,0.000
13a,old,12,0.000,0.000,0.000,0.000,0.000,0.000,0.000,0.000,0.000,0.000,0.000,1.000,0.000
13a,old,13,0.000,0.000,0.000,0.000,0.000,0.000,0.000,0.000,0.000,0.000,0.000,1.000,0.000
13a,old,14,0.000,0.000,0.000,0.000,0.000,0.000,0.000,0.000,0.000,0.000,0.000,2.000,0.000
13a,old,15,0.000,0.000,0.000,0.000,0.000,0.000,0.000,0.000,0.000,0.000,0.000,9.000,0.000
13b,old,0,0.000,0.000,0.000,0.000,0.000,0.000,0.000,0.000,0.000,0.000,0.000,0.000,0.000
13b,old,1,0.000,0.000,0.000,0.000,0.000,0.000,0.000,0.000,0.000,0.000,1321.000,0.000,0.000
13b,old,2,0.000,0.000,0.000,0.000,0.000,0.000,0.000,0.000,0.000,0.000,1167.000,0.000,0.000
13b,old,3,0.000,0.000,0.000,0.000,0.000,0.000,0.000,0.000,0.000,0.000,1190.000,0.000,0.000
13b,old,4,0.000,0.000,0.000,0.000,0.000,0.000,0.000,0.000,0.000,0.000,0.000,0.000,0.000
13b,old,5,0.000,0.000,0.000,0.000,0.000,0.000,0.000,0.000,0.000,0.000,1371.000,3.000,0.000
13b,old,6,0.000,0.000,0.000,0.000,0.000,0.000,0.000,0.000,0.000,0.000,0.000,0.000,0.000
13b,old,7,0.000,0.000,0.000,0.000,0.000,0.000,0.000,0.000,0.000,0.000,0.000,0.000,0.000
13b,old,8,0.000,0.000,0.000,0.000,0.000,0.000,0.000,0.000,0.000,0.000,0.000,0.000,0.000
13b,old,9,0.000,0.000,0.000,0.000,0.000,0.000,0.000,0.000,0.000,0.000,0.000,3.000,0.000
13b,old,10,0.000,0.000,0.000,0.000,0.000,0.000,0.000,0.000,0.000,0.000,0.000,2.000,0.000
13b,old,11,0.000,0.000,0.000,0.000,0.000,0.000,0.000,0.000,0.000,0.000,0.000,0.000,0.000
13b,old,12,0.000,0.000,0.000,0.000,0.000,0.000,0.000,0.000,0.000,0.000,0.000,0.000,0.000
13b,old,13,0.000,0.000,0.000,0.000,0.000,0.000,0.000,0.000,0.000,0.000,0.000,0.000,0.000
13b,old,14,0.000,0.000,0.000,0.000,0.000,0.000,0.000,0.000,0.000,0.000,0.000,0.000,0.000
13b,old,15,0.000,0.000,0.000,0.000,0.000,0.000,0.000,0.000,0.000,0.000,0.000,2.000,0.000
13c,old,0,0.000,0.000,0.000,0.000,0.000,0.000,0.000,0.000,0.000,0.000,0.000,0.000,0.000
13c,old,1,0.000,0.000,0.000,0.000,0.000,0.000,0.000,0.000,0.000,0.000,1115.000,0.000,0.000
13c,old,2,0.000,0.000,0.000,0.000,0.000,0.000,0.000,0.000,0.000,0.000,0.000,0.000,0.000
13c,old,3,0.000,0.000,0.000,0.000,0.000,0.000,0.000,0.000,0.000,0.000,1486.000,1.000,0.000
13c,old,4,0.000,0.000,0.000,0.000,0.000,0.000,0.000,0.000,0.000,0.000,0.000,0.000,0.000
13c,old,5,0.000,0.000,0.000,0.000,0.000,0.000,0.000,0.000,0.000,0.000,1234.000,2.000,0.000
13c,old,6,0.000,0.000,0.000,0.000,0.000,0.000,0.000,0.000,0.000,0.000,0.000,0.000,0.000
13c,old,7,0.000,0.000,0.000,0.000,0.000,0.000,0.000,0.000,0.000,0.000,0.000,0.000,0.000
13c,old,8,0.000,0.000,0.000,0.000,0.000,0.000,0.000,0.000,0.000,0.000,0.000,0.000,0.000
13c,old,9,0.000,0.000,0.000,0.000,0.000,0.000,0.000,0.000,0.000,0.000,0.000,0.000,0.000
13c,old,10,0.000,0.000,0.000,0.000,0.000,0.000,0.000,0.000,0.000,0.000,0.000,2.000,0.000
13c,old,11,0.000,0.000,0.000,0.000,0.000,0.000,0.000,0.000,0.000,0.000,0.000,0.000,0.000
13c,old,12,0.000,0.000,0.000,0.000,0.000,0.000,0.000,0.000,0.000,0.000,0.000,0.000,0.000
13c,old,13,0.000,0.000,0.000,0.000,0.000,0.000,0.000,0.000,0.000,0.000,0.000,0.000,0.000
13c,old,14,0.000,0.000,0.000,0.000,0.000,0.000,0.000,0.000,0.000,0.000,0.000,0.000,0.000
13c,old,15,0.000,0.000,0.000,0.000,0.000,0.000,0.000,0.000,0.000,0.000,0.000,4.000,0.000
13d,old,0,0.000,0.000,0.000,0.000,0.000,0.000,0.000,0.000,0.000,0.000,0.000,0.000,0.000
13d,old,1,0.000,0.000,0.000,0.000,0.000,0.000,0.000,0.000,0.000,0.000,1111.000,0.000,0.000
13d,old,2,0.000,0.000,0.000,1.000,0.000,1.000,0.000,0.000,0.000,0.000,0.000,4.000,0.000
13d,old,3,0.000,0.000,0.000,2.000,0.000,2.000,0.000,0.000,0.000,0.000,0.000,4.000,0.000
13d,old,4,0.000,0.000,0.000,0.000,0.000,0.000,0.000,0.000,0.000,0.000,1448.000,7.000,0.000
13d,old,5,0.000,0.000,0.000,0.000,0.000,0.000,0.000,0.000,0.000,0.000,1224.000,11.000,0.000
13d,old,6,0.000,0.000,0.000,0.000,0.000,0.000,0.000,0.000,0.000,0.000,0.000,0.000,0.000
13d,old,7,0.000,0.000,0.000,0.000,0.000,0.000,0.000,0.000,0.000,0.000,0.000,4.000,0.000
13d,old,8,0.000,0.000,0.000,0.000,0.000,0.000,0.000,0.000,0.000,0.000,0.000,6.000,0.000
13d,old,9,0.000,0.000,0.000,0.000,0.000,0.000,0.000,0.000,0.000,0.000,0.000,3.000,0.000
13d,old,10,0.000,0.000,0.000,0.000,0.000,0.000,0.000,0.000,0.000,0.000,0.000,13.000,0.000
13d,old,11,0.000,0.000,0.000,0.000,0.000,0.000,0.000,0.000,0.000,0.000,0.000,0.000,0.000
13d,old,12,0.000,0.000,0.000,0.000,0.000,0.000,0.000,0.000,0.000,0.000,0.000,5.000,0.000
13d,old,13,0.000,0.000,0.000,0.000,0.000,0.000,0.000,0.000,0.000,0.000,0.000,2.000,0.000
13d,old,14,0.000,0.000,0.000,0.000,0.000,0.000,0.000,0.000,0.000,0.000,0.000,8.000,0.000
13d,old,15,0.000,0.000,0.000,0.000,0.000,0.000,0.000,0.000,0.000,0.000,0.000,11.000,0.000
14a,old,0,0.000,0.000,0.000,0.000,0.000,0.000,0.000,0.000,0.000,0.000,0.000,0.000,0.000
14a,old,1,0.000,0.000,0.000,0.000,0.000,0.000,0.000,0.000,0.000,0.000,1152.000,0.000,0.000
14a,old,2,0.000,0.000,0.000,0.000,0.000,0.000,0.000,0.000,0.000,0.000,0.000,1.000,0.000
14a,old,3,0.000,0.000,0.000,0.000,0.000,0.000,0.000,0.000,0.000,0.000,1287.000,0.000,0.000
14a,old,4,0.000,0.000,0.000,0.000,0.000,0.000,0.000,0.000,0.000,0.000,1246.000,0.000,0.000
14a,old,5,0.000,0.000,0.000,0.000,0.000,0.000,0.000,0.000,0.000,0.000,1363.000,0.000,0.000
14a,old,6,0.000,0.000,0.000,0.000,0.000,0.000,0.000,0.000,0.000,0.000,0.000,0.000,0.000
14a,old,7,0.000,0.000,0.000,0.000,0.000,0.000,0.000,0.000,0.000,0.000,0.000,1.000,0.000
14a,old,8,0.000,0.000,0.000,0.000,0.000,0.000,0.000,0.000,0.000,0.000,0.000,0.000,0.000
14a,old,9,0.000,0.000,0.000,0.000,0.000,0.000,0.000,0.000,0.000,0.000,0.000,0.000,0.000
14a,old,10,0.000,0.000,0.000,0.000,0.000,0.000,0.000,0.000,0.000,0.000,0.000,0.000,0.000
14a,old,11,0.000,0.000,0.000,0.000,0.000,0.000,0.000,0.000,0.000,0.000,0.000,0.000,0.000
14a,old,12,0.000,0.000,0.000,0.000,0.000,0.000,0.000,0.000,0.000,0.000,0.000,1.000,0.000
14a,old,13,0.000,0.000,0.000,0.000,0.000,0.000,0.000,0.000,0.000,0.000,0.000,0.000,0.000
14a,old,14,0.000,0.000,0.000,0.000,0.000,0.000,0.000,0.000,0.000,0.000,0.000,0.000,0.000
14a,old,15,0.000,0.000,0.000,0.000,0.000,0.000,0.000,0.000,0.000,0.000,0.000,0.000,0.000
14b,old,0,0.000,0.000,0.000,0.000,0.000,0.000,0.000,0.000,0.000,0.000,0.000,0.000,0.000
14b,old,1,0.000,0.000,0.000,0.000,0.000,0.000,0.000,0.000,0.000,0.000,1104.000,0.000,0.000
14b,old,2,0.000,0.000,0.000,0.000,0.000,0.000,0.000,0.000,0.000,0.000,0.000,0.000,0.000
14b,old,3,0.000,0.000,0.000,0.000,0.000,0.000,0.000,0.000,0.000,0.000,1225.000,0.000,0.000
14b,old,4,0.000,0.000,0.000,0.000,0.000,0.000,0.000,0.000,0.000,0.000,1438.000,0.000,0.000
14b,old,5,0.000,0.000,0.000,0.000,0.000,0.000,0.000,0.000,0.000,0.000,0.000,0.000,0.000
14b,old,6,0.000,0.000,0.000,0.000,0.000,0.000,0.000,0.000,0.000,0.000,0.000,0.000,0.000
14b,old,7,0.000,0.000,0.000,0.000,0.000,0.000,0.000,0.000,0.000,0.000,0.000,0.000,0.000
14b,old,8,0.000,0.000,0.000,0.000,0.000,0.000,0.000,0.000,0.000,0.000,0.000,0.000,0.000
14b,old,9,0.000,0.000,0.000,0.000,0.000,0.000,0.000,0.000,0.000,0.000,0.000,0.000,0.000
14b,old,10,0.000,0.000,0.000,0.000,0.000,0.000,0.000,0.000,0.000,0.000,0.000,0.000,0.000
14b,old,11,0.000,0.000,0.000,0.000,0.000,0.000,0.000,0.000,0.000,0.000,0.000,0.000,0.000
14b,old,12,0.000,0.000,0.000,0.000,0.000,0.000,0.000,0.000,0.000,0.000,0.000,0.000,0.000
14c,old,0,0.000,0.000,0.000,0.000,0.000,0.000,0.000,0.000,0.000,0.000,0.000,0.000,0.000
14c,old,1,0.000,0.000,0.000,0.000,0.000,0.000,0.000,0.000,0.000,0.000,1161.000,0.000,0.000
14c,old,2,0.000,0.000,0.000,0.000,0.000,0.000,0.000,0.000,0.000,0.000,0.000,0.000,0.000
14c,old,3,0.000,0.000,0.000,0.000,0.000,0.000,0.000,0.000,0.000,0.000,0.000,1.000,0.000
14c,old,4,0.000,0.000,0.000,0.000,0.000,0.000,0.000,0.000,0.000,0.000,1203.000,0.000,0.000
14c,old,5,0.000,0.000,0.000,0.000,0.000,0.000,0.000,0.000,0.000,0.000,1282.000,0.000,0.000
14c,old,6,0.000,0.000,0.000,0.000,0.000,0.000,0.000,0.000,0.000,0.000,1312.000,0.000,0.000
14c,old,7,0.000,0.000,0.000,0.000,0.000,0.000,0.000,0.000,0.000,0.000,0.000,0.000,0.000
14c,old,8,0.000,0.000,0.000,0.000,0.000,0.000,0.000,0.000,0.000,0.000,0.000,0.000,0.000
14c,old,9,0.000,0.000,0.000,0.000,0.000,0.000,0.000,0.000,0.000,0.000,0.000,1.000,0.000
14c,old,10,0.000,0.000,0.000,0.000,0.000,0.000,0.000,0.000,0.000,0.000,0.000,0.000,0.000
14c,old,11,0.000,0.000,0.000,0.000,0.000,0.000,0.000,0.000,0.000,0.000,0.000,0.000,0.000
14c,old,12,0.000,0.000,0.000,0.000,0.000,0.000,0.000,0.000,0.000,0.000,0.000,1.000,0.000
14c,old,13,0.000,0.000,0.000,0.000,0.000,0.000,0.000,0.000,0.000,0.000,0.000,0.000,0.000
14c,old,14,0.000,0.000,0.000,0.000,0.000,0.000,0.000,0.000,0.000,0.000,0.000,0.000,0.000
14c,old,15,0.000,0.000,0.000,0.000,0.000,0.000,0.000,0.000,0.000,0.000,0.000,1.000,0.000
14c,old,16,0.000,0.000,0.000,0.000,0.000,0.000,0.000,0.000,0.000,0.000,0.000,1.000,0.000
14c,old,17,0.000,0.000,0.000,0.000,0.000,0.000,0.000,0.000,0.000,0.000,0.000,5.000,0.000
14c,old,18,0.000,0.000,0.000,0.000,0.000,0.000,0.000,0.000,0.000,0.000,0.000,0.000,0.000
15a,old,0,0.000,0.000,0.000,0.000,0.000,0.000,0.000,0.000,0.000,0.000,0.000,0.000,0.000
15a,old,1,0.000,0.000,0.000,0.000,0.000,0.000,0.000,0.000,0.000,0.000,1112.000,0.000,0.000
15a,old,2,0.000,0.000,0.000,0.000,0.000,0.000,0.000,0.000,0.000,0.000,1148.000,0.000,0.000
15a,old,3,0.000,0.000,0.000,0.000,0.000,0.000,0.000,0.000,0.000,0.000,0.000,0.000,0.000
15a,old,4,0.000,0.000,0.000,0.000,0.000,0.000,0.000,0.000,0.000,0.000,1214.000,0.000,0.000
15a,old,5,0.000,0.000,0.000,0.000,0.000,0.000,0.000,0.000,0.000,0.000,1163.000,0.000,0.000
15a,old,6,0.000,0.000,0.000,0.000,0.000,0.000,0.000,0.000,0.000,0.000,0.000,0.000,0.000
15a,old,7,0.000,0.000,0.000,0.000,0.000,0.000,0.000,0.000,0.000,0.000,1360.000,1.000,0.000
15a,old,8,0.000,0.000,0.000,0.000,0.000,0.000,0.000,0.000,0.000,0.000,1155.000,0.000,0.000
15a,old,9,0.000,0.000,0.000,0.000,0.000,0.000,0.000,0.000,0.000,0.000,0.000,0.000,0.000
15a,old,10,0.000,0.000,0.000,0.000,0.000,0.000,0.000,0.000,0.000,0.000,0.000,0.000,0.000
15a,old,11,0.000,0.000,0.000,0.000,0.000,0.000,0.000,0.000,0.000,0.000,0.000,0.000,0.000
15a,old,12,0.000,0.000,0.000,0.000,0.000,0.000,0.000,0.000,0.000,0.000,0.000,0.000,0.000
15a,old,13,0.000,0.000,0.000,0.000,0.000,0.000,0.000,0.000,0.000,0.000,0.000,0.000,0.000
15a,old,14,0.000,0.000,0.000,0.000,0.000,0.000,0.000,0.000,0.000,0.000,0.000,0.000,0.000
15a,old,15,0.000,0.000,0.000,0.000,0.000,0.000,0.000,0.000,0.000,0.000,0.000,0.000,0.000
15a,old,16,0.000,0.000,0.000,0.000,0.000,0.000,0.000,0.000,0.000,0.000,0.000,0.000,0.000
15a,old,17,0.000,0.000,0.000,0.000,0.000,0.000,0.000,0.000,0.000,0.000,0.000,0.000,0.000
15a,old,18,0.000,0.000,0.000,0.000,0.000,0.000,0.000,0.000,0.000,0.000,0.000,0.000,0.000
15a,old,19,0.000,0.000,0.000,0.000,0.000,0.000,0.000,0.000,0.000,0.000,0.000,0.000,0.000
15a,old,20,0.000,0.000,0.000,0.000,0.000,0.000,0.000,0.000,0.000,0.000,0.000,0.000,0.000
15a,old,21,0.000,0.000,0.000,0.000,0.000,0.000,0.000,0.000,0.000,0.000,0.000,0.000,0.000
15a,old,22,0.000,0.000,0.000,0.000,0.000,0.000,0.000,0.000,0.000,0.000,0.000,1.000,0.000
15a,old,23,0.000,0.000,0.000,0.000,0.000,0.000,0.000,0.000,0.000,0.000,0.000,0.000,0.000
15a,old,24,0.000,0.000,0.000,0.000,0.000,0.000,0.000,0.000,0.000,0.000,0.000,0.000,0.000
15b,old,0,0.000,0.000,0.000,0.000,0.000,0.000,0.000,0.000,0.000,0.000,0.000,0.000,0.000
15b,old,1,0.000,0.000,0.000,0.000,0.000,0.000,0.000,0.000,0.000,0.000,1113.000,0.000,0.000
15b,old,2,0.000,0.000,0.000,0.000,0.000,0.000,0.000,0.000,0.000,0.000,0.000,0.000,0.000
15b,old,3,0.000,0.000,0.000,0.000,0.000,0.000,0.000,0.000,0.000,0.000,1172.000,0.000,0.000
15b,old,4,0.000,0.000,0.000,0.000,0.000,0.000,0.000,0.000,0.000,0.000,1221.000,0.000,0.000
15b,old,5,0.000,0.000,0.000,0.000,0.000,0.000,0.000,0.000,0.000,0.000,0.000,0.000,0.000
15b,old,6,0.000,0.000,0.000,0.000,0.000,0.000,0.000,0.000,0.000,0.000,1242.000,0.000,0.000
15b,old,7,0.000,0.000,0.000,0.000,0.000,0.000,0.000,0.000,0.000,0.000,1279.000,0.000,0.000
15b,old,8,0.000,0.000,0.000,0.000,0.000,0.000,0.000,0.000,0.000,0.000,0.000,0.000,0.000
15b,old,9,0.000,0.000,0.000,0.000,0.000,0.000,0.000,0.000,0.000,0.000,0.000,0.000,0.000
15b,old,10,0.000,0.000,0.000,0.000,0.000,0.000,0.000,0.000,0.000,0.000,0.000,0.000,0.000
15b,old,11,0.000,0.000,0.000,0.000,0.000,0.000,0.000,0.000,0.000,0.000,0.000,0.000,0.000
15b,old,12,0.000,0.000,0.000,0.000,0.000,0.000,0.000,0.000,0.000,0.000,0.000,0.000,0.000
15b,old,13,0.000,0.000,0.000,0.000,0.000,0.000,0.000,0.000,0.000,0.000,0.000,0.000,0.000
15b,old,14,0.000,0.000,0.000,0.000,0.000,0.000,0.000,0.000,0.000,0.000,0.000,0.000,0.000
15b,old,15,0.000,0.000,0.000,0.000,0.000,0.000,0.000,0.000,0.000,0.000,0.000,0.000,0.000
15b,old,16,0.000,0.000,0.000,0.000,0.000,0.000,0.000,0.000,0.000,0.000,0.000,0.000,0.000
15b,old,17,0.000,0.000,0.000,0.000,0.000,0.000,0.000,0.000,0.000,0.000,0.000,0.000,0.000
15b,old,18,0.000,0.000,0.000,0.000,0.000,0.000,0.000,0.000,0.000,0.000,0.000,0.000,0.000
15b,old,19,0.000,0.000,0.000,0.000,0.000,0.000,0.000,0.000,0.000,0.000,0.000,0.000,0.000
15b,old,20,0.000,0.000,0.000,0.000,0.000,0.000,0.000,0.000,0.000,0.000,0.000,3.000,0.000
15b,old,21,0.000,0.000,0.000,0.000,0.000,0.000,0.000,0.000,0.000,0.000,0.000,0.000,0.000
15c,old,0,0.000,0.000,0.000,0.000,0.000,0.000,0.000,0.000,0.000,0.000,0.000,0.000,0.000
15c,old,1,0.000,0.000,0.000,0.000,0.000,0.000,0.000,0.000,0.000,0.000,1171.000,0.000,0.000
15c,old,2,0.000,0.000,0.000,0.000,0.000,0.000,0.000,0.000,0.000,0.000,1206.000,0.000,0.000
15c,old,3,0.000,0.000,0.000,0.000,0.000,0.000,0.000,0.000,0.000,0.000,0.000,0.000,0.000
15c,old,4,0.000,0.000,0.000,0.000,0.000,0.000,0.000,0.000,0.000,0.000,1459.000,1.000,0.000
15c,old,5,0.000,0.000,0.000,0.000,0.000,0.000,0.000,0.000,0.000,0.000,1246.000,0.000,0.000
15c,old,6,0.000,0.000,0.000,0.000,0.000,0.000,0.000,0.000,0.000,0.000,1441.000,0.000,0.000
15c,old,7,0.000,0.000,0.000,0.000,0.000,0.000,0.000,0.000,0.000,0.000,1501.000,1.000,0.000
15c,old,8,0.000,0.000,0.000,0.000,0.000,0.000,0.000,0.000,0.000,0.000,1243.000,0.000,0.000
15c,old,9,0.000,0.000,0.000,0.000,0.000,0.000,0.000,0.000,0.000,0.000,0.000,0.000,0.000
15c,old,10,0.000,0.000,0.000,0.000,0.000,0.000,0.000,0.000,0.000,0.000,0.000,0.000,0.000
15c,old,11,0.000,0.000,0.000,0.000,0.000,0.000,0.000,0.000,0.000,0.000,0.000,0.000,0.000
15c,old,12,0.000,0.000,0.000,0.000,0.000,0.000,0.000,0.000,0.000,0.000,0.000,0.000,0.000
15c,old,13,0.000,0.000,0.000,0.000,0.000,0.000,0.000,0.000,0.000,0.000,0.000,0.000,0.000
15c,old,14,0.000,0.000,0.000,0.000,0.000,0.000,0.000,0.000,0.000,0.000,0.000,0.000,0.000
15c,old,15,0.000,0.000,0.000,0.000,0.000,0.000,0.000,0.000,0.000,0.000,0.000,1.000,0.000
15c,old,16,0.000,0.000,0.000,0.000,0.000,0.000,0.000,0.000,0.000,0.000,0.000,0.000,0.000
15c,old,17,0.000,0.000,0.000,0.000,0.000,0.000,0.000,0.000,0.000,0.000,0.000,0.000,0.000
15c,old,18,0.000,0.000,0.000,0.000,0.000,0.000,0.000,0.000,0.000,0.000,0.000,0.000,0.000
15c,old,19,0.000,0.000,0.000,0.000,0.000,0.000,0.000,0.000,0.000,0.000,0.000,0.000,0.000
15c,old,20,0.000,0.000,0.000,0.000,0.000,0.000,0.000,0.000,0.000,0.000,0.000,0.000,0.000
15c,old,21,0.000,0.000,0.000,0.000,0.000,0.000,0.000,0.000,0.000,0.000,0.000,0.000,0.000
15c,old,22,0.000,0.000,0.000,0.000,0.000,0.000,0.000,0.000,0.000,0.000,0.000,0.000,0.000
15c,old,23,0.000,0.000,0.000,0.000,0.000,0.000,0.000,0.000,0.000,0.000,0.000,1.000,0.000
15c,old,24,0.000,0.000,0.000,0.000,0.000,0.000,0.000,0.000,0.000,0.000,0.000,0.000,0.000
15d,old,0,0.000,0.000,0.000,0.000,0.000,0.000,0.000,0.000,0.000,0.000,0.000,0.000,0.000
15d,old,1,0.000,0.000,0.000,0.000,0.000,0.000,0.000,0.000,0.000,0.000,1270.000,0.000,0.000
15d,old,2,0.000,0.000,0.000,0.000,0.000,0.000,0.000,0.000,0.000,0.000,0.000,0.000,0.000
15d,old,3,0.000,0.000,0.000,0.000,0.000,0.000,0.000,0.000,0.000,0.000,1265.000,0.000,0.000
15d,old,4,0.000,0.000,0.000,0.000,0.000,0.000,0.000,0.000,0.000,0.000,1412.000,0.000,0.000
15d,old,5,0.000,0.000,0.000,0.000,0.000,0.000,0.000,0.000,0.000,0.000,1256.000,0.000,0.000
15d,old,6,0.000,0.000,0.000,0.000,0.000,0.000,0.000,0.000,0.000,0.000,1353.000,0.000,0.000
15d,old,7,0.000,0.000,0.000,0.000,0.000,0.000,0.000,0.000,0.000,0.000,1248.000,1.000,0.000
15d,old,8,0.000,0.000,0.000,0.000,0.000,0.000,0.000,0.000,0.000,0.000,1236.000,0.000,0.000
15d,old,9,0.000,0.000,0.000,0.000,0.000,0.000,0.000,0.000,0.000,0.000,0.000,0.000,0.000
15d,old,10,0.000,0.000,0.000,0.000,0.000,0.000,0.000,0.000,0.000,0.000,0.000,0.000,0.000
15d,old,11,0.000,0.000,0.000,0.000,0.000,0.000,0.000,0.000,0.000,0.000,0.000,0.000,0.000
15d,old,12,0.000,0.000,0.000,0.000,0.000,0.000,0.000,0.000,0.000,0.000,0.000,0.000,0.000
15d,old,13,0.000,0.000,0.000,0.000,0.000,0.000,0.000,0.000,0.000,0.000,0.000,0.000,0.000
15d,old,14,0.000,0.000,0.000,0.000,0.000,0.000,0.000,0.000,0.000,0.000,0.000,0.000,0.000
15d,old,15,0.000,0.000,0.000,0.000,0.000,0.000,0.000,0.000,0.000,0.000,0.000,1.000,0.000
15d,old,16,0.000,0.000,0.000,0.000,0.000,0.000,0.000,0.000,0.000,0.000,0.000,0.000,0.000
15d,old,17,0.000,0.000,0.000,0.000,0.000,0.000,0.000,0.000,0.000,0.000,0.000,0.000,0.000
15d,old,18,0.000,0.000,0.000,0.000,0.000,0.000,0.000,0.000,0.000,0.000,0.000,0.000,0.000
15d,old,19,0.000,0.000,0.000,0.000,0.000,0.000,0.000,0.000,0.000,0.000,0.000,0.000,0.000
15d,old,20,0.000,0.000,0.000,0.000,0.000,0.000,0.000,0.000,0.000,0.000,0.000,0.000,0.000
15d,old,21,0.000,0.000,0.000,0.000,0.000,0.000,0.000,0.000,0.000,0.000,0.000,0.000,0.000
15d,old,22,0.000,0.000,0.000,0.000,0.000,0.000,0.000,0.000,0.000,0.000,0.000,0.000,0.000
15d,old,23,0.000,0.000,0.000,0.000,0.000,0.000,0.000,0.000,0.000,0.000,0.000,1.000,0.000
15d,old,24,0.000,0.000,0.000,0.000,0.000,0.000,0.000,0.000,0.000,0.000,0.000,0.000,0.000
16a,old,0,0.000,0.000,0.000,0.000,0.000,0.000,0.000,0.000,0.000,0.000,0.000,0.000,0.000
16a,old,1,0.000,0.000,0.000,0.000,0.000,0.000,0.000,0.000,0.000,0.000,1242.000,1.000,0.000
16a,old,2,0.000,0.000,0.000,0.000,0.000,0.000,0.000,0.000,0.000,0.000,1253.000,0.000,0.000
16a,old,3,0.000,0.000,0.000,0.000,0.000,0.000,0.000,0.000,0.000,0.000,1353.000,1.000,0.000
16a,old,4,0.000,0.000,0.000,0.000,0.000,0.000,0.000,0.000,0.000,0.000,1230.000,0.000,0.000
16a,old,5,0.000,0.000,0.000,0.000,0.000,0.000,0.000,0.000,0.000,0.000,1244.000,8.000,0.000
16a,old,6,0.000,0.000,0.000,0.000,0.000,0.000,0.000,0.000,0.000,0.000,1306.000,0.000,0.000
16a,old,7,0.000,0.000,0.000,0.000,0.000,0.000,0.000,0.000,0.000,0.000,1246.000,1.000,0.000
16a,old,8,0.000,0.000,0.000,0.000,0.000,0.000,0.000,0.000,0.000,0.000,0.000,1.000,0.000
16a,old,9,0.000,0.000,0.000,0.000,0.000,0.000,0.000,0.000,0.000,0.000,0.000,0.000,0.000
16a,old,10,0.000,0.000,0.000,0.000,0.000,0.000,0.000,0.000,0.000,0.000,0.000,1.000,0.000
16a,old,11,0.000,0.000,0.000,0.000,0.000,0.000,0.000,0.000,0.000,0.000,0.000,0.000,0.000
16a,old,12,0.000,0.000,0.000,0.000,0.000,0.000,0.000,0.000,0.000,0.000,0.000,7.000,0.000
16a,old,13,0.000,0.000,0.000,0.000,0.000,0.000,0.000,0.000,0.000,0.000,0.000,0.000,0.000
16a,old,14,0.000,0.000,0.000,0.000,0.000,0.000,0.000,0.000,0.000,0.000,0.000,0.000,0.000
16a,old,15,0.000,0.000,0.000,0.000,0.000,0.000,0.000,0.000,0.000,0.000,0.000,0.000,0.000
16a,old,16,0.000,0.000,0.000,0.000,0.000,0.000,0.000,0.000,0.000,0.000,0.000,0.000,0.000
16a,old,17,0.000,0.000,0.000,0.000,0.000,0.000,0.000,0.000,0.000,0.000,0.000,0.000,0.000
16a,old,18,0.000,0.000,0.000,0.000,0.000,0.000,0.000,0.000,0.000,0.000,0.000,0.000,0.000
16a,old,19,0.000,0.000,0.000,0.000,0.000,0.000,0.000,0.000,0.000,0.000,0.000,5.000,0.000
16a,old,20,0.000,0.000,0.000,0.000,0.000,0.000,0.000,0.000,0.000,0.000,0.000,0.000,0.000
16a,old,21,0.000,0.000,0.000,0.000,0.000,0.000,0.000,0.000,0.000,0.000,0.000,0.000,0.000
16b,old,0,0.000,0.000,0.000,0.000,0.000,0.000,0.000,0.000,0.000,0.000,0.000,0.000,0.000
16b,old,1,0.000,0.000,0.000,0.000,0.000,0.000,0.000,0.000,0.000,0.000,1173.000,1.000,0.000
16b,old,2,0.000,0.000,0.000,0.000,0.000,0.000,0.000,0.000,0.000,0.000,1245.000,2.000,0.000
16b,old,3,0.000,0.000,0.000,0.000,0.000,0.000,0.000,0.000,0.000,0.000,1239.000,2.000,0.000
16b,old,4,0.000,0.000,0.000,0.000,0.000,0.000,0.000,0.000,0.000,0.000,1312.000,1.000,0.000
16b,old,5,0.000,0.000,0.000,2.000,0.000,2.000,0.000,0.000,0.000,0.000,0.000,4.000,0.000
16b,old,6,0.000,0.000,0.000,1.000,0.000,1.000,0.000,0.000,0.000,0.000,1216.000,12.000,0.000
16b,old,7,0.000,0.000,0.000,0.000,0.000,0.000,0.000,0.000,0.000,0.000,1311.000,32.000,0.000
16b,old,8,0.000,0.000,0.000,0.000,0.000,0.000,0.000,0.000,0.000,0.000,0.000,1.000,0.000
16b,old,9,0.000,0.000,0.000,0.000,0.000,0.000,0.000,0.000,0.000,0.000,0.000,1.000,0.000
16b,old,10,0.000,0.000,0.000,0.000,0.000,0.000,0.000,0.000,0.000,0.000,0.000,1.000,0.000
16b,old,11,0.000,0.000,0.000,0.000,0.000,0.000,0.000,0.000,0.000,0.000,0.000,0.000,0.000
16b,old,12,0.000,0.000,0.000,2.000,0.000,2.000,0.000,0.000,0.000,0.000,0.000,4.000,0.000
16b,old,13,0.000,0.000,0.000,1.000,0.000,1.000,0.000,0.000,0.000,0.000,0.000,10.000,0.000
16b,old,14,0.000,0.000,0.000,0.000,0.000,0.000,0.000,0.000,0.000,0.000,0.000,25.000,0.000
16b,old,15,0.000,0.000,0.000,0.000,0.000,0.000,0.000,0.000,0.000,0.000,0.000,1.000,0.000
16b,old,16,0.000,0.000,0.000,0.000,0.000,0.000,0.000,0.000,0.000,0.000,0.000,1.000,0.000
16b,old,17,0.000,0.000,0.000,0.000,0.000,0.000,0.000,0.000,0.000,0.000,0.000,1.000,0.000
16b,old,18,0.000,0.000,0.000,0.000,0.000,0.000,0.000,0.000,0.000,0.000,0.000,0.000,0.000
16b,old,19,0.000,0.000,0.000,2.000,0.000,2.000,0.000,0.000,0.000,0.000,0.000,4.000,0.000
16b,old,20,0.000,0.000,0.000,1.000,0.000,1.000,0.000,0.000,0.000,0.000,0.000,10.000,0.000
16b,old,21,0.000,0.000,0.000,0.000,0.000,0.000,0.000,0.000,0.000,0.000,0.000,25.000,0.000
16c,old,0,0.000,0.000,0.000,0.000,0.000,0.000,0.000,0.000,0.000,0.000,0.000,0.000,0.000
16c,old,1,0.000,0.000,0.000,0.000,0.000,0.000,0.000,0.000,0.000,0.000,1166.000,1.000,0.000
16c,old,2,0.000,0.000,0.000,0.000,0.000,0.000,0.000,0.000,0.000,0.000,1258.000,0.000,0.000
16c,old,3,0.000,0.000,0.000,0.000,0.000,0.000,0.000,0.000,0.000,0.000,1350.000,1.000,0.000
16c,old,4,0.000,0.000,0.000,0.000,0.000,0.000,0.000,0.000,0.000,0.000,1270.000,0.000,0.000
16c,old,5,0.000,0.000,0.000,0.000,0.000,0.000,0.000,0.000,0.000,0.000,0.000,10.000,0.000
16c,old,6,0.000,0.000,0.000,0.000,0.000,0.000,0.000,0.000,0.000,0.000,1336.000,2.000,0.000
16c,old,7,0.000,0.000,0.000,0.000,0.000,0.000,0.000,0.000,0.000,0.000,1255.000,4.000,0.000
16c,old,8,0.000,0.000,0.000,0.000,0.000,0.000,0.000,0.000,0.000,0.000,0.000,1.000,0.000
16c,old,9,0.000,0.000,0.000,0.000,0.000,0.000,0.000,0.000,0.000,0.000,0.000,0.000,0.000
16c,old,10,0.000,0.000,0.000,0.000,0.000,0.000,0.000,0.000,0.000,0.000,0.000,1.000,0.000
16c,old,11,0.000,0.000,0.000,0.000,0.000,0.000,0.000,0.000,0.000,0.000,0.000,0.000,0.000
16c,old,12,0.000,0.000,0.000,0.000,0.000,0.000,0.000,0.000,0.000,0.000,0.000,9.000,0.000
16c,old,13,0.000,0.000,0.000,0.000,0.000,0.000,0.000,0.000,0.000,0.000,0.000,1.000,0.000
16c,old,14,0.000,0.000,0.000,0.000,0.000,0.000,0.000,0.000,0.000,0.000,0.000,2.000,0.000
16c,old,15,0.000,0.000,0.000,0.000,0.000,0.000,0.000,0.000,0.000,0.000,0.000,1.000,0.000
16c,old,16,0.000,0.000,0.000,0.000,0.000,0.000,0.000,0.000,0.000,0.000,0.000,0.000,0.000
16c,old,17,0.000,0.000,0.000,0.000,0.000,0.000,0.000,0.000,0.000,0.000,0.000,0.000,0.000
16c,old,18,0.000,0.000,0.000,0.000,0.000,0.000,0.000,0.000,0.000,0.000,0.000,0.000,0.000
16c,old,19,0.000,0.000,0.000,0.000,0.000,0.000,0.000,0.000,0.000,0.000,0.000,6.000,0.000
16c,old,20,0.000,0.000,0.000,0.000,0.000,0.000,0.000,0.000,0.000,0.000,0.000,1.000,0.000
16c,old,21,0.000,0.000,0.000,0.000,0.000,0.000,0.000,0.000,0.000,0.000,0.000,2.000,0.000
16d,old,0,0.000,0.000,0.000,0.000,0.000,0.000,0.000,0.000,0.000,0.000,0.000,0.000,0.000
16d,old,1,0.000,0.000,0.000,0.000,0.000,0.000,0.000,0.000,0.000,0.000,1170.000,1.000,0.000
16d,old,2,0.000,0.000,0.000,0.000,0.000,0.000,0.000,0.000,0.000,0.000,1254.000,0.000,0.000
16d,old,3,0.000,0.000,0.000,0.000,0.000,0.000,0.000,0.000,0.000,0.000,1337.000,1.000,0.000
16d,old,4,0.000,0.000,0.000,0.000,0.000,0.000,0.000,0.000,0.000,0.000,1241.000,0.000,0.000
16d,old,5,0.000,0.000,0.000,0.000,0.000,0.000,0.000,0.000,0.000,0.000,1221.000,12.000,0.000
16d,old,6,0.000,0.000,0.000,0.000,0.000,0.000,0.000,0.000,0.000,0.000,1308.000,1.000,0.000
16d,old,7,0.000,0.000,0.000,0.000,0.000,0.000,0.000,0.000,0.000,0.000,1219.000,3.000,0.000
16d,old,8,0.000,0.000,0.000,0.000,0.000,0.000,0.000,0.000,0.000,0.000,0.000,1.000,0.000
16d,old,9,0.000,0.000,0.000,0.000,0.000,0.000,0.000,0.000,0.000,0.000,0.000,0.000,0.000
16d,old,10,0.000,0.000,0.000,0.000,0.000,0.000,0.000,0.000,0.000,0.000,0.000,1.000,0.000
16d,old,11,0.000,0.000,0.000,0.000,0.000,0.000,0.000,0.000,0.000,0.000,0.000,0.000,0.000
16d,old,12,0.000,0.000,0.000,0.000,0.000,0.000,0.000,0.000,0.000,0.000,0.000,11.000,0.000
16d,old,13,0.000,0.000,0.000,0.000,0.000,0.000,0.000,0.000,0.000,0.000,0.000,1.000,0.000
16d,old,14,0.000,0.000,0.000,0.000,0.000,0.000,0.000,0.000,0.000,0.000,0.000,2.000,0.000
16d,old,15,0.000,0.000,0.000,0.000,0.000,0.000,0.000,0.000,0.000,0.000,0.000,1.000,0.000
16d,old,16,0.000,0.000,0.000,0.000,0.000,0.000,0.000,0.000,0.000,0.000,0.000,0.000,0.000
16d,old,17,0.000,0.000,0.000,0.000,0.000,0.000,0.000,0.000,0.000,0.000,0.000,0.000,0.000
16d,old,18,0.000,0.000,0.000,0.000,0.000,0.000,0.000,0.000,0.000,0.000,0.000,0.000,0.000
16d,old,19,0.000,0.000,0.000,0.000,0.000,0.000,0.000,0.000,0.000,0.000,0.000,7.000,0.000
16d,old,20,0.000,0.000,0.000,0.000,0.000,0.000,0.000,0.000,0.000,0.000,0.000,1.000,0.000
16d,old,21,0.000,0.000,0.000,0.000,0.000,0.000,0.000,0.000,0.000,0.000,0.000,2.000,0.000
17a,old,0,0.000,0.000,0.000,0.000,0.000,0.000,0.000,0.000,0.000,0.000,0.000,0.000,0.000
17a,old,1,0.000,0.000,0.000,0.000,0.000,0.000,0.000,0.000,0.000,0.000,1141.000,1.000,0.000
17a,old,2,0.000,0.000,0.000,0.000,0.000,0.000,0.000,0.000,0.000,0.000,1260.000,1.000,0.000
17a,old,3,0.000,0.000,0.000,0.000,0.000,0.000,0.000,0.000,0.000,0.000,1247.000,1.000,0.000
17a,old,4,0.000,0.000,0.000,0.000,0.000,0.000,0.000,0.000,0.000,0.000,0.000,1.000,0.000
17a,old,5,0.000,0.000,0.000,0.000,0.000,0.000,0.000,0.000,0.000,0.000,1307.000,1.000,0.000
17a,old,6,0.000,0.000,0.000,0.000,0.000,0.000,0.000,0.000,0.000,0.000,1332.000,16.000,0.000
17a,old,7,0.000,0.000,0.000,0.000,0.000,0.000,0.000,0.000,0.000,0.000,0.000,1.000,0.000
17a,old,8,0.000,0.000,0.000,0.000,0.000,0.000,0.000,0.000,0.000,0.000,0.000,1.000,0.000
17a,old,9,0.000,0.000,0.000,0.000,0.000,0.000,0.000,0.000,0.000,0.000,0.000,1.000,0.000
17a,old,10,0.000,0.000,0.000,0.000,0.000,0.000,0.000,0.000,0.000,0.000,0.000,1.000,0.000
17a,old,11,0.000,0.000,0.000,0.000,0.000,0.000,0.000,0.000,0.000,0.000,0.000,1.000,0.000
17a,old,12,0.000,0.000,0.000,0.000,0.000,0.000,0.000,0.000,0.000,0.000,0.000,10.000,0.000
17a,old,13,0.000,0.000,0.000,0.000,0.000,0.000,0.000,0.000,0.000,0.000,0.000,0.000,0.000
17a,old,14,0.000,0.000,0.000,0.000,0.000,0.000,0.000,0.000,0.000,0.000,0.000,1.000,0.000
17a,old,15,0.000,0.000,0.000,0.000,0.000,0.000,0.000,0.000,0.000,0.000,0.000,0.000,0.000
17a,old,16,0.000,0.000,0.000,0.000,0.000,0.000,0.000,0.000,0.000,0.000,0.000,1.000,0.000
17a,old,17,0.000,0.000,0.000,0.000,0.000,0.000,0.000,0.000,0.000,0.000,0.000,0.000,0.000
17a,old,18,0.000,0.000,0.000,0.000,0.000,0.000,0.000,0.000,0.000,0.000,0.000,9.000,0.000
17b,old,0,0.000,0.000,0.000,0.000,0.000,0.000,0.000,0.000,0.000,0.000,0.000,0.000,0.000
17b,old,1,0.000,0.000,0.000,0.000,0.000,0.000,0.000,0.000,0.000,0.000,1167.000,1.000,0.000
17b,old,2,0.000,0.000,0.000,0.000,0.000,0.000,0.000,0.000,0.000,0.000,1262.000,2.000,0.000
17b,old,3,0.000,0.000,0.000,0.000,0.000,0.000,0.000,0.000,0.000,0.000,0.000,0.000,0.000
17b,old,4,0.000,0.000,0.000,0.000,0.000,0.000,0.000,0.000,0.000,0.000,1322.000,1.000,0.000
17b,old,5,0.000,0.000,0.000,0.000,0.000,0.000,0.000,0.000,0.000,0.000,1323.000,9.000,0.000
17b,old,6,0.000,0.000,0.000,0.000,0.000,0.000,0.000,0.000,0.000,0.000,1326.000,0.000,0.000
17b,old,7,0.000,0.000,0.000,0.000,0.000,0.000,0.000,0.000,0.000,0.000,0.000,1.000,0.000
17b,old,8,0.000,0.000,0.000,0.000,0.000,0.000,0.000,0.000,0.000,0.000,0.000,2.000,0.000
17b,old,9,0.000,0.000,0.000,0.000,0.000,0.000,0.000,0.000,0.000,0.000,0.000,0.000,0.000
17b,old,10,0.000,0.000,0.000,0.000,0.000,0.000,0.000,0.000,0.000,0.000,0.000,1.000,0.000
17b,old,11,0.000,0.000,0.000,0.000,0.000,0.000,0.000,0.000,0.000,0.000,0.000,8.000,0.000
17b,old,12,0.000,0.000,0.000,0.000,0.000,0.000,0.000,0.000,0.000,0.000,0.000,0.000,0.000
17b,old,13,0.000,0.000,0.000,0.000,0.000,0.000,0.000,0.000,0.000,0.000,0.000,1.000,0.000
17b,old,14,0.000,0.000,0.000,0.000,0.000,0.000,0.000,0.000,0.000,0.000,0.000,1.000,0.000
17b,old,15,0.000,0.000,0.000,0.000,0.000,0.000,0.000,0.000,0.000,0.000,0.000,0.000,0.000
17b,old,16,0.000,0.000,0.000,0.000,0.000,0.000,0.000,0.000,0.000,0.000,0.000,1.000,0.000
17b,old,17,0.000,0.000,0.000,0.000,0.000,0.000,0.000,0.000,0.000,0.000,0.000,6.000,0.000
17b,old,18,0.000,0.000,0.000,0.000,0.000,0.000,0.000,0.000,0.000,0.000,0.000,0.000,0.000
17c,old,0,0.000,0.000,0.000,0.000,0.000,0.000,0.000,0.000,0.000,0.000,0.000,0.000,0.000
17c,old,1,0.000,0.000,0.000,0.000,0.000,0.000,0.000,0.000,0.000,0.000,1232.000,0.000,0.000
17c,old,2,0.000,0.000,0.000,0.000,0.000,0.000,0.000,0.000,0.000,0.000,1444.000,0.000,0.000
17c,old,3,0.000,0.000,0.000,0.000,0.000,0.000,0.000,0.000,0.000,0.000,0.000,1.000,0.000
17c,old,4,0.000,0.000,0.000,0.000,0.000,0.000,0.000,0.000,0.000,0.000,1153.000,1.000,0.000
17c,old,5,0.000,0.000,0.000,0.000,0.000,0.000,0.000,0.000,0.000,0.000,1386.000,11.000,0.000
17c,old,6,0.000,0.000,0.000,0.000,0.000,0.000,0.000,0.000,0.000,0.000,1287.000,0.000,0.000
17c,old,7,0.000,0.000,0.000,0.000,0.000,0.000,0.000,0.000,0.000,0.000,0.000,0.000,0.000
17c,old,8,0.000,0.000,0.000,0.000,0.000,0.000,0.000,0.000,0.000,0.000,0.000,0.000,0.000
17c,old,9,0.000,0.000,0.000,0.000,0.000,0.000,0.000,0.000,0.000,0.000,0.000,1.000,0.000
17c,old,10,0.000,0.000,0.000,0.000,0.000,0.000,0.000,0.000,0.000,0.000,0.000,1.000,0.000
17c,old,11,0.000,0.000,0.000,0.000,0.000,0.000,0.000,0.000,0.000,0.000,0.000,8.000,0.000
17c,old,12,0.000,0.000,0.000,0.000,0.000,0.000,0.000,0.000,0.000,0.000,0.000,0.000,0.000
17c,old,13,0.000,0.000,0.000,0.000,0.000,0.000,0.000,0.000,0.000,0.000,0.000,0.000,0.000
17c,old,14,0.000,0.000,0.000,0.000,0.000,0.000,0.000,0.000,0.000,0.000,0.000,3.000,0.000
17c,old,15,0.000,0.000,0.000,0.000,0.000,0.000,0.000,0.000,0.000,0.000,0.000,1.000,0.000
17c,old,16,0.000,0.000,0.000,0.000,0.000,0.000,0.000,0.000,0.000,0.000,0.000,1.000,0.000
17c,old,17,0.000,0.000,0.000,0.000,0.000,0.000,0.000,0.000,0.000,0.000,0.000,9.000,0.000
17c,old,18,0.000,0.000,0.000,0.000,0.000,0.000,0.000,0.000,0.000,0.000,0.000,0.000,0.000
17d,old,0,0.000,0.000,0.000,0.000,0.000,0.000,0.000,0.000,0.000,0.000,0.000,0.000,0.000
17d,old,1,0.000,0.000,0.000,0.000,0.000,0.000,0.000,0.000,0.000,0.000,1220.000,0.000,0.000
17d,old,2,0.000,0.000,0.000,0.000,0.000,0.000,0.000,0.000,0.000,0.000,1134.000,1.000,0.000
17d,old,3,0.000,0.000,0.000,1.000,0.000,1.000,0.000,0.000,0.000,0.000,0.000,4.000,0.000
17d,old,4,0.000,0.000,0.000,0.000,0.000,0.000,0.000,0.000,0.000,0.000,1152.000,1.000,0.000
17d,old,5,0.000,0.000,0.000,0.000,0.000,0.000,0.000,0.000,0.000,0.000,1288.000,8.000,0.000
17d,old,6,0.000,0.000,0.000,0.000,0.000,0.000,0.000,0.000,0.000,0.000,1248.000,0.000,0.000
17d,old,7,0.000,0.000,0.000,0.000,0.000,0.000,0.000,0.000,0.000,0.000,0.000,0.000,0.000
17d,old,8,0.000,0.000,0.000,0.000,0.000,0.000,0.000,0.000,0.000,0.000,0.000,1.000,0.000
17d,old,9,0.000,0.000,0.000,0.000,0.000,0.000,0.000,0.000,0.000,0.000,0.000,1.000,0.000
17d,old,10,0.000,0.000,0.000,0.000,0.000,0.000,0.000,0.000,0.000,0.000,0.000,1.000,0.000
17d,old,11,0.000,0.000,0.000,0.000,0.000,0.000,0.000,0.000,0.000,0.000,0.000,11.000,0.000
17d,old,12,0.000,0.000,0.000,0.000,0.000,0.000,0.000,0.000,0.000,0.000,0.000,0.000,0.000
17d,old,13,0.000,0.000,0.000,0.000,0.000,0.000,0.000,0.000,0.000,0.000,0.000,0.000,0.000
17d,old,14,0.000,0.000,0.000,0.000,0.000,0.000,0.000,0.000,0.000,0.000,0.000,1.000,0.000
17d,old,15,0.000,0.000,0.000,0.000,0.000,0.000,0.000,0.000,0.000,0.000,0.000,1.000,0.000
17d,old,16,0.000,0.000,0.000,0.000,0.000,0.000,0.000,0.000,0.000,0.000,0.000,7.000,0.000
17d,old,17,0.000,0.000,0.000,0.000,0.000,0.000,0.000,0.000,0.000,0.000,0.000,11.000,0.000
17d,old,18,0.000,0.000,0.000,0.000,0.000,0.000,0.000,0.000,0.000,0.000,0.000,0.000,0.000
17e,old,0,0.000,0.000,0.000,0.000,0.000,0.000,0.000,0.000,0.000,0.000,0.000,0.000,0.000
17e,old,1,0.000,0.000,0.000,0.000,0.000,0.000,0.000,0.000,0.000,0.000,1103.000,1.000,0.000
17e,old,2,0.000,0.000,0.000,0.000,0.000,0.000,0.000,0.000,0.000,0.000,1096.000,1.000,0.000
17e,old,3,0.000,0.000,0.000,0.000,0.000,0.000,0.000,0.000,0.000,0.000,1339.000,1.000,0.000
17e,old,4,0.000,0.000,0.000,0.000,0.000,0.000,0.000,0.000,0.000,0.000,1346.000,0.000,0.000
17e,old,5,0.000,0.000,0.000,1.000,0.000,1.000,0.000,0.000,0.000,0.000,0.000,21.000,0.000
17e,old,6,0.000,0.000,0.000,0.000,0.000,0.000,0.000,0.000,0.000,0.000,1311.000,13.000,0.000
17e,old,7,0.000,0.000,0.000,0.000,0.000,0.000,0.000,0.000,0.000,0.000,0.000,4.000,0.000
17e,old,8,0.000,0.000,0.000,0.000,0.000,0.000,0.000,0.000,0.000,0.000,0.000,1.000,0.000
17e,old,9,0.000,0.000,0.000,0.000,0.000,0.000,0.000,0.000,0.000,0.000,0.000,1.000,0.000
17e,old,10,0.000,0.000,0.000,0.000,0.000,0.000,0.000,0.000,0.000,0.000,0.000,0.000,0.000
17e,old,11,0.000,0.000,0.000,1.000,0.000,1.000,0.000,0.000,0.000,0.000,0.000,22.000,0.000
17e,old,12,0.000,0.000,0.000,0.000,0.000,0.000,0.000,0.000,0.000,0.000,0.000,16.000,0.000
17e,old,13,0.000,0.000,0.000,0.000,0.000,0.000,0.000,0.000,0.000,0.000,0.000,0.000,0.000
17e,old,14,0.000,0.000,0.000,0.000,0.000,0.000,0.000,0.000,0.000,0.000,0.000,1.000,0.000
17e,old,15,0.000,0.000,0.000,0.000,0.000,0.000,0.000,0.000,0.000,0.000,0.000,5.000,0.000
17e,old,16,0.000,0.000,0.000,0.000,0.000,0.000,0.000,0.000,0.000,0.000,0.000,0.000,0.000
17e,old,17,0.000,0.000,0.000,5.000,0.000,5.000,0.000,0.000,0.000,0.000,0.000,29.000,0.000
17e,old,18,0.000,0.000,0.000,0.000,0.000,0.000,0.000,0.000,0.000,0.000,0.000,18.000,0.000
17f,old,0,0.000,0.000,0.000,0.000,0.000,0.000,0.000,0.000,0.000,0.000,0.000,0.000,0.000
17f,old,1,0.000,0.000,0.000,0.000,0.000,0.000,0.000,0.000,0.000,0.000,1085.000,0.000,0.000
17f,old,2,0.000,0.000,0.000,0.000,0.000,0.000,0.000,0.000,0.000,0.000,1099.000,1.000,0.000
17f,old,3,0.000,0.000,0.000,0.000,0.000,0.000,0.000,0.000,0.000,0.000,1180.000,1.000,0.000
17f,old,4,0.000,0.000,0.000,0.000,0.000,0.000,0.000,0.000,0.000,0.000,1420.000,1.000,0.000
17f,old,5,0.000,0.000,0.000,1.000,0.000,1.000,0.000,0.000,0.000,0.000,0.000,5.000,0.000
17f,old,6,0.000,0.000,0.000,0.000,0.000,0.000,0.000,0.000,0.000,0.000,1297.000,24.000,0.000
17f,old,7,0.000,0.000,0.000,0.000,0.000,0.000,0.000,0.000,0.000,0.000,0.000,1.000,0.000
17f,old,8,0.000,0.000,0.000,0.000,0.000,0.000,0.000,0.000,0.000,0.000,0.000,1.000,0.000
17f,old,9,0.000,0.000,0.000,0.000,0.000,0.000,0.000,0.000,0.000,0.000,0.000,4.000,0.000
17f,old,10,0.000,0.000,0.000,0.000,0.000,0.000,0.000,0.000,0.000,0.000,0.000,1.000,0.000
17f,old,11,0.000,0.000,0.000,7.000,0.000,7.000,0.000,0.000,0.000,0.000,0.000,8.000,0.000
17f,old,12,0.000,0.000,0.000,0.000,0.000,0.000,0.000,0.000,0.000,0.000,0.000,27.000,0.000
17f,old,13,0.000,0.000,0.000,0.000,0.000,0.000,0.000,0.000,0.000,0.000,0.000,1.000,0.000
17f,old,14,0.000,0.000,0.000,0.000,0.000,0.000,0.000,0.000,0.000,0.000,0.000,1.000,0.000
17f,old,15,0.000,0.000,0.000,0.000,0.000,0.000,0.000,0.000,0.000,0.000,0.000,3.000,0.000
17f,old,16,0.000,0.000,0.000,0.000,0.000,0.000,0.000,0.000,0.000,0.000,0.000,2.000,0.000
17f,old,17,0.000,0.000,0.000,5.000,0.000,5.000,0.000,0.000,0.000,0.000,0.000,6.000,0.000
17f,old,18,0.000,0.000,0.000,0.000,0.000,0.000,0.000,0.000,0.000,0.000,0.000,24.000,0.000
18a,old,0,0.000,0.000,0.000,0.000,0.000,0.000,0.000,0.000,0.000,0.000,0.000,0.000,0.000
18a,old,1,0.000,0.000,0.000,0.000,0.000,0.000,0.000,0.000,0.000,0.000,1300.000,0.000,0.000
18a,old,2,0.000,0.000,0.000,0.000,0.000,0.000,0.000,0.000,0.000,0.000,1148.000,0.000,0.000
18a,old,3,0.000,0.000,0.000,0.000,0.000,0.000,0.000,0.000,0.000,0.000,1095.000,1.000,0.000
18a,old,4,0.000,0.000,0.000,0.000,0.000,0.000,0.000,0.000,0.000,0.000,1263.000,1.000,0.000
18a,old,5,0.000,0.000,0.000,0.000,0.000,0.000,0.000,0.000,0.000,0.000,1303.000,8.000,0.000
18a,old,6,0.000,0.000,0.000,0.000,0.000,0.000,0.000,0.000,0.000,0.000,0.000,0.000,0.000
18a,old,7,0.000,0.000,0.000,0.000,0.000,0.000,0.000,0.000,0.000,0.000,0.000,0.000,0.000
18a,old,8,0.000,0.000,0.000,0.000,0.000,0.000,0.000,0.000,0.000,0.000,0.000,1.000,0.000
18a,old,9,0.000,0.000,0.000,0.000,0.000,0.000,0.000,0.000,0.000,0.000,0.000,0.000,0.000
18a,old,10,0.000,0.000,0.000,0.000,0.000,0.000,0.000,0.000,0.000,0.000,0.000,9.000,0.000
18a,old,11,0.000,0.000,0.000,0.000,0.000,0.000,0.000,0.000,0.000,0.000,0.000,0.000,0.000
18a,old,12,0.000,0.000,0.000,0.000,0.000,0.000,0.000,0.000,0.000,0.000,0.000,0.000,0.000
18a,old,13,0.000,0.000,0.000,0.000,0.000,0.000,0.000,0.000,0.000,0.000,0.000,1.000,0.000
18a,old,14,0.000,0.000,0.000,0.000,0.000,0.000,0.000,0.000,0.000,0.000,0.000,0.000,0.000
18a,old,15,0.000,0.000,0.000,0.000,0.000,0.000,0.000,0.000,0.000,0.000,0.000,9.000,0.000
18b,old,0,0.000,0.000,0.000,0.000,0.000,0.000,0.000,0.000,0.000,0.000,0.000,0.000,0.000
18b,old,1,0.000,0.000,0.000,0.000,0.000,0.000,0.000,0.000,0.000,0.000,1153.000,0.000,0.000
18b,old,2,0.000,0.000,0.000,0.000,0.000,0.000,0.000,0.000,0.000,0.000,0.000,0.000,0.000
18b,old,3,0.000,0.000,0.000,0.000,0.000,0.000,0.000,0.000,0.000,0.000,1282.000,0.000,0.000
18b,old,4,0.000,0.000,0.000,0.000,0.000,0.000,0.000,0.000,0.000,0.000,1218.000,0.000,0.000
18b,old,5,0.000,0.000,0.000,0.000,0.000,0.000,0.000,0.000,0.000,0.000,1350.000,0.000,0.000
18b,old,6,0.000,0.000,0.000,0.000,0.000,0.000,0.000,0.000,0.000,0.000,0.000,0.000,0.000
18b,old,7,0.000,0.000,0.000,0.000,0.000,0.000,0.000,0.000,0.000,0.000,0.000,0.000,0.000
18b,old,8,0.000,0.000,0.000,0.000,0.000,0.000,0.000,0.000,0.000,0.000,0.000,0.000,0.000
18b,old,9,0.000,0.000,0.000,0.000,0.000,0.000,0.000,0.000,0.000,0.000,0.000,0.000,0.000
18b,old,10,0.000,0.000,0.000,0.000,0.000,0.000,0.000,0.000,0.000,0.000,0.000,0.000,0.000
18b,old,11,0.000,0.000,0.000,0.000,0.000,0.000,0.000,0.000,0.000,0.000,0.000,0.000,0.000
18b,old,12,0.000,0.000,0.000,0.000,0.000,0.000,0.000,0.000,0.000,0.000,0.000,0.000,0.000
18b,old,13,0.000,0.000,0.000,0.000,0.000,0.000,0.000,0.000,0.000,0.000,0.000,0.000,0.000
18b,old,14,0.000,0.000,0.000,0.000,0.000,0.000,0.000,0.000,0.000,0.000,0.000,0.000,0.000
18b,old,15,0.000,0.000,0.000,0.000,0.000,0.000,0.000,0.000,0.000,0.000,0.000,3.000,0.000
18c,old,0,0.000,0.000,0.000,0.000,0.000,0.000,0.000,0.000,0.000,0.000,0.000,0.000,0.000
18c,old,1,0.000,0.000,0.000,0.000,0.000,0.000,0.000,0.000,0.000,0.000,1083.000,0.000,0.000
18c,old,2,0.000,0.000,0.000,0.000,0.000,0.000,0.000,0.000,0.000,0.000,0.000,0.000,0.000
18c,old,3,0.000,0.000,0.000,0.000,0.000,0.000,0.000,0.000,0.000,0.000,1357.000,1.000,0.000
18c,old,4,0.000,0.000,0.000,0.000,0.000,0.000,0.000,0.000,0.000,0.000,1508.000,1.000,0.000
18c,old,5,0.000,0.000,0.000,0.000,0.000,0.000,0.000,0.000,0.000,0.000,1270.000,0.000,0.000
18c,old,6,0.000,0.000,0.000,0.000,0.000,0.000,0.000,0.000,0.000,0.000,0.000,0.000,0.000
18c,old,7,0.000,0.000,0.000,0.000,0.000,0.000,0.000,0.000,0.000,0.000,0.000,3.000,0.000
18c,old,8,0.000,0.000,0.000,0.000,0.000,0.000,0.000,0.000,0.000,0.000,0.000,1.000,0.000
18c,old,9,0.000,0.000,0.000,0.000,0.000,0.000,0.000,0.000,0.000,0.000,0.000,1.000,0.000
18c,old,10,0.000,0.000,0.000,0.000,0.000,0.000,0.000,0.000,0.000,0.000,0.000,1.000,0.000
18c,old,11,0.000,0.000,0.000,0.000,0.000,0.000,0.000,0.000,0.000,0.000,0.000,1.000,0.000
18c,old,12,0.000,0.000,0.000,0.000,0.000,0.000,0.000,0.000,0.000,0.000,0.000,3.000,0.000
18c,old,13,0.000,0.000,0.000,0.000,0.000,0.000,0.000,0.000,0.000,0.000,0.000,1.000,0.000
18c,old,14,0.000,0.000,0.000,0.000,0.000,0.000,0.000,0.000,0.000,0.000,0.000,1.000,0.000
18c,old,15,0.000,0.000,0.000,0.000,0.000,0.000,0.000,0.000,0.000,0.000,0.000,0.000,0.000
19a,old,0,0.000,0.000,0.000,0.000,0.000,0.000,0.000,0.000,0.000,0.000,0.000,0.000,0.000
19a,old,1,0.000,0.000,0.000,0.000,0.000,0.000,0.000,0.000,0.000,0.000,1121.000,0.000,0.000
19a,old,2,0.000,0.000,0.000,0.000,0.000,0.000,0.000,0.000,0.000,0.000,1141.000,0.000,0.000
19a,old,3,0.000,0.000,0.000,0.000,0.000,0.000,0.000,0.000,0.000,0.000,1534.000,0.000,0.000
19a,old,4,0.000,0.000,0.000,0.000,0.000,0.000,0.000,0.000,0.000,0.000,1201.000,0.000,0.000
19a,old,5,0.000,0.000,0.000,0.000,0.000,0.000,0.000,0.000,0.000,0.000,0.000,0.000,0.000
19a,old,6,0.000,0.000,0.000,0.000,0.000,0.000,0.000,0.000,0.000,0.000,1250.000,0.000,0.000
19a,old,7,0.000,0.000,0.000,0.000,0.000,0.000,0.000,0.000,0.000,0.000,1293.000,0.000,0.000
19a,old,8,0.000,0.000,0.000,0.000,0.000,0.000,0.000,0.000,0.000,0.000,1214.000,0.000,0.000
19a,old,9,0.000,0.000,0.000,0.000,0.000,0.000,0.000,0.000,0.000,0.000,0.000,0.000,0.000
19a,old,10,0.000,0.000,0.000,0.000,0.000,0.000,0.000,0.000,0.000,0.000,0.000,0.000,0.000
19a,old,11,0.000,0.000,0.000,0.000,0.000,0.000,0.000,0.000,0.000,0.000,0.000,0.000,0.000
19a,old,12,0.000,0.000,0.000,0.000,0.000,0.000,0.000,0.000,0.000,0.000,0.000,0.000,0.000
19a,old,13,0.000,0.000,0.000,0.000,0.000,0.000,0.000,0.000,0.000,0.000,0.000,0.000,0.000
19a,old,14,0.000,0.000,0.000,0.000,0.000,0.000,0.000,0.000,0.000,0.000,0.000,0.000,0.000
19a,old,15,0.000,0.000,0.000,0.000,0.000,0.000,0.000,0.000,0.000,0.000,0.000,0.000,0.000
19a,old,16,0.000,0.000,0.000,0.000,0.000,0.000,0.000,0.000,0.000,0.000,0.000,0.000,0.000
19a,old,17,0.000,0.000,0.000,0.000,0.000,0.000,0.000,0.000,0.000,0.000,0.000,0.000,0.000
19a,old,18,0.000,0.000,0.000,0.000,0.000,0.000,0.000,0.000,0.000,0.000,0.000,4.000,0.000
19a,old,19,0.000,0.000,0.000,0.000,0.000,0.000,0.000,0.000,0.000,0.000,0.000,0.000,0.000
19a,old,20,0.000,0.000,0.000,0.000,0.000,0.000,0.000,0.000,0.000,0.000,0.000,0.000,0.000
19a,old,21,0.000,0.000,0.000,0.000,0.000,0.000,0.000,0.000,0.000,0.000,0.000,0.000,0.000
19a,old,22,0.000,0.000,0.000,0.000,0.000,0.000,0.000,0.000,0.000,0.000,0.000,0.000,0.000
19a,old,23,0.000,0.000,0.000,0.000,0.000,0.000,0.000,0.000,0.000,0.000,0.000,0.000,0.000
19a,old,24,0.000,0.000,0.000,0.000,0.000,0.000,0.000,0.000,0.000,0.000,0.000,0.000,0.000
19b,old,0,0.000,0.000,0.000,0.000,0.000,0.000,0.000,0.000,0.000,0.000,0.000,0.000,0.000
19b,old,1,0.000,0.000,0.000,0.000,0.000,0.000,0.000,0.000,0.000,0.000,1076.000,0.000,0.000
19b,old,2,0.000,0.000,0.000,0.000,0.000,0.000,0.000,0.000,0.000,0.000,1123.000,0.000,0.000
19b,old,3,0.000,0.000,0.000,0.000,0.000,0.000,0.000,0.000,0.000,0.000,1258.000,0.000,0.000
19b,old,4,0.000,0.000,0.000,0.000,0.000,0.000,0.000,0.000,0.000,0.000,0.000,0.000,0.000
19b,old,5,0.000,0.000,0.000,0.000,0.000,0.000,0.000,0.000,0.000,0.000,0.000,0.000,0.000
19b,old,6,0.000,0.000,0.000,0.000,0.000,0.000,0.000,0.000,0.000,0.000,1332.000,0.000,0.000
19b,old,7,0.000,0.000,0.000,0.000,0.000,0.000,0.000,0.000,0.000,0.000,1463.000,0.000,0.000
19b,old,8,0.000,0.000,0.000,0.000,0.000,0.000,0.000,0.000,0.000,0.000,1371.000,0.000,0.000
19b,old,9,0.000,0.000,0.000,0.000,0.000,0.000,0.000,0.000,0.000,0.000,0.000,0.000,0.000
19b,old,10,0.000,0.000,0.000,0.000,0.000,0.000,0.000,0.000,0.000,0.000,0.000,0.000,0.000
19b,old,11,0.000,0.000,0.000,0.000,0.000,0.000,0.000,0.000,0.000,0.000,0.000,0.000,0.000
19b,old,12,0.000,0.000,0.000,0.000,0.000,0.000,0.000,0.000,0.000,0.000,0.000,0.000,0.000
19b,old,13,0.000,0.000,0.000,0.000,0.000,0.000,0.000,0.000,0.000,0.000,0.000,0.000,0.000
19b,old,14,0.000,0.000,0.000,0.000,0.000,0.000,0.000,0.000,0.000,0.000,0.000,0.000,0.000
19b,old,15,0.000,0.000,0.000,0.000,0.000,0.000,0.000,0.000,0.000,0.000,0.000,0.000,0.000
19b,old,16,0.000,0.000,0.000,0.000,0.000,0.000,0.000,0.000,0.000,0.000,0.000,0.000,0.000
19b,old,17,0.000,0.000,0.000,0.000,0.000,0.000,0.000,0.000,0.000,0.000,0.000,0.000,0.000
19b,old,18,0.000,0.000,0.000,0.000,0.000,0.000,0.000,0.000,0.000,0.000,0.000,0.000,0.000
19b,old,19,0.000,0.000,0.000,0.000,0.000,0.000,0.000,0.000,0.000,0.000,0.000,4.000,0.000
19b,old,20,0.000,0.000,0.000,0.000,0.000,0.000,0.000,0.000,0.000,0.000,0.000,0.000,0.000
19b,old,21,0.000,0.000,0.000,0.000,0.000,0.000,0.000,0.000,0.000,0.000,0.000,0.000,0.000
19b,old,22,0.000,0.000,0.000,0.000,0.000,0.000,0.000,0.000,0.000,0.000,0.000,0.000,0.000
19b,old,23,0.000,0.000,0.000,0.000,0.000,0.000,0.000,0.000,0.000,0.000,0.000,0.000,0.000
19b,old,24,0.000,0.000,0.000,0.000,0.000,0.000,0.000,0.000,0.000,0.000,0.000,0.000,0.000
19c,old,0,0.000,0.000,0.000,0.000,0.000,0.000,0.000,0.000,0.000,0.000,0.000,0.000,0.000
19c,old,1,0.000,0.000,0.000,0.000,0.000,0.000,0.000,0.000,0.000,0.000,1174.000,0.000,0.000
19c,old,2,0.000,0.000,0.000,0.000,0.000,0.000,0.000,0.000,0.000,0.000,1085.000,0.000,0.000
19c,old,3,0.000,0.000,0.000,0.000,0.000,0.000,0.000,0.000,0.000,0.000,1178.000,0.000,0.000
19c,old,4,0.000,0.000,0.000,0.000,0.000,0.000,0.000,0.000,0.000,0.000,1151.000,0.000,0.000
19c,old,5,0.000,0.000,0.000,0.000,0.000,0.000,0.000,0.000,0.000,0.000,0.000,0.000,0.000
19c,old,6,0.000,0.000,0.000,0.000,0.000,0.000,0.000,0.000,0.000,0.000,1257.000,0.000,0.000
19c,old,7,0.000,0.000,0.000,0.000,0.000,0.000,0.000,0.000,0.000,0.000,1425.000,0.000,0.000
19c,old,8,0.000,0.000,0.000,0.000,0.000,0.000,0.000,0.000,0.000,0.000,1142.000,0.000,0.000
19c,old,9,0.000,0.000,0.000,0.000,0.000,0.000,0.000,0.000,0.000,0.000,0.000,0.000,0.000
19c,old,10,0.000,0.000,0.000,0.000,0.000,0.000,0.000,0.000,0.000,0.000,0.000,0.000,0.000
19c,old,11,0.000,0.000,0.000,0.000,0.000,0.000,0.000,0.000,0.000,0.000,0.000,0.000,0.000
19c,old,12,0.000,0.000,0.000,0.000,0.000,0.000,0.000,0.000,0.000,0.000,0.000,0.000,0.000
19c,old,13,0.000,0.000,0.000,0.000,0.000,0.000,0.000,0.000,0.000,0.000,0.000,0.000,0.000
19c,old,14,0.000,0.000,0.000,0.000,0.000,0.000,0.000,0.000,0.000,0.000,0.000,0.000,0.000
19c,old,15,0.000,0.000,0.000,0.000,0.000,0.000,0.000,0.000,0.000,0.000,0.000,0.000,0.000
19c,old,16,0.000,0.000,0.000,0.000,0.000,0.000,0.000,0.000,0.000,0.000,0.000,0.000,0.000
19c,old,17,0.000,0.000,0.000,0.000,0.000,0.000,0.000,0.000,0.000,0.000,0.000,0.000,0.000
19c,old,18,0.000,0.000,0.000,0.000,0.000,0.000,0.000,0.000,0.000,0.000,0.000,0.000,0.000
19c,old,19,0.000,0.000,0.000,0.000,0.000,0.000,0.000,0.000,0.000,0.000,0.000,0.000,0.000
19c,old,20,0.000,0.000,0.000,0.000,0.000,0.000,0.000,0.000,0.000,0.000,0.000,0.000,0.000
19c,old,21,0.000,0.000,0.000,0.000,0.000,0.000,0.000,0.000,0.000,0.000,0.000,0.000,0.000
19c,old,22,0.000,0.000,0.000,0.000,0.000,0.000,0.000,0.000,0.000,0.000,0.000,0.000,0.000
19c,old,23,0.000,0.000,0.000,0.000,0.000,0.000,0.000,0.000,0.000,0.000,0.000,0.000,0.000
19c,old,24,0.000,0.000,0.000,0.000,0.000,0.000,0.000,0.000,0.000,0.000,0.000,1.000,0.000
19d,old,0,0.000,0.000,0.000,0.000,0.000,0.000,0.000,0.000,0.000,0.000,0.000,0.000,0.000
19d,old,1,0.000,0.000,0.000,0.000,0.000,0.000,0.000,0.000,0.000,0.000,1106.000,0.000,0.000
19d,old,2,0.000,0.000,0.000,0.000,0.000,0.000,0.000,0.000,0.000,0.000,1111.000,1.000,0.000
19d,old,3,0.000,0.000,0.000,0.000,0.000,0.000,0.000,0.000,0.000,0.000,0.000,0.000,0.000
19d,old,4,0.000,0.000,0.000,0.000,0.000,0.000,0.000,0.000,0.000,0.000,1222.000,1.000,0.000
19d,old,5,0.000,0.000,0.000,0.000,0.000,0.000,0.000,0.000,0.000,0.000,1076.000,0.000,0.000
19d,old,6,0.000,0.000,0.000,0.000,0.000,0.000,0.000,0.000,0.000,0.000,1471.000,1.000,0.000
19d,old,7,0.000,0.000,0.000,0.000,0.000,0.000,0.000,0.000,0.000,0.000,1215.000,6.000,0.000
19d,old,8,0.000,0.000,0.000,0.000,0.000,0.000,0.000,0.000,0.000,0.000,1130.000,8.000,0.000
19d,old,9,0.000,0.000,0.000,0.000,0.000,0.000,0.000,0.000,0.000,0.000,0.000,0.000,0.000
19d,old,10,0.000,0.000,0.000,0.000,0.000,0.000,0.000,0.000,0.000,0.000,0.000,1.000,0.000
19d,old,11,0.000,0.000,0.000,0.000,0.000,0.000,0.000,0.000,0.000,0.000,0.000,0.000,0.000
19d,old,12,0.000,0.000,0.000,0.000,0.000,0.000,0.000,0.000,0.000,0.000,0.000,3.000,0.000
19d,old,13,0.000,0.000,0.000,0.000,0.000,0.000,0.000,0.000,0.000,0.000,0.000,0.000,0.000
19d,old,14,0.000,0.000,0.000,0.000,0.000,0.000,0.000,0.000,0.000,0.000,0.000,1.000,0.000
19d,old,15,0.000,0.000,0.000,0.000,0.000,0.000,0.000,0.000,0.000,0.000,0.000,5.000,0.000
19d,old,16,0.000,0.000,0.000,0.000,0.000,0.000,0.000,0.000,0.000,0.000,0.000,6.000,0.000
19d,old,17,0.000,0.000,0.000,0.000,0.000,0.000,0.000,0.000,0.000,0.000,0.000,0.000,0.000
19d,old,18,0.000,0.000,0.000,0.000,0.000,0.000,0.000,0.000,0.000,0.000,0.000,1.000,0.000
19d,old,19,0.000,0.000,0.000,0.000,0.000,0.000,0.000,0.000,0.000,0.000,0.000,0.000,0.000
19d,old,20,0.000,0.000,0.000,0.000,0.000,0.000,0.000,0.000,0.000,0.000,0.000,1.000,0.000
19d,old,21,0.000,0.000,0.000,0.000,0.000,0.000,0.000,0.000,0.000,0.000,0.000,1.000,0.000
19d,old,22,0.000,0.000,0.000,0.000,0.000,0.000,0.000,0.000,0.000,0.000,0.000,2.000,0.000
19d,old,23,0.000,0.000,0.000,0.000,0.000,0.000,0.000,0.000,0.000,0.000,0.000,7.000,0.000
19d,old,24,0.000,0.000,0.000,0.000,0.000,0.000,0.000,0.000,0.000,0.000,0.000,7.000,0.000
1a,old,0,0.000,0.000,0.000,0.000,0.000,0.000,0.000,0.000,0.000,0.000,0.000,0.000,0.000
1a,old,1,0.000,0.000,0.000,0.000,0.000,0.000,0.000,0.000,0.000,0.000,1115.000,0.000,0.000
1a,old,2,0.000,0.000,0.000,0.000,0.000,0.000,0.000,0.000,0.000,0.000,1245.000,0.000,0.000
1a,old,3,0.000,0.000,0.000,0.000,0.000,0.000,0.000,0.000,0.000,0.000,1383.000,0.000,0.000
1a,old,4,0.000,0.000,0.000,0.000,0.000,0.000,0.000,0.000,0.000,0.000,0.000,0.000,0.000
1a,old,5,0.000,0.000,0.000,0.000,0.000,0.000,0.000,0.000,0.000,0.000,0.000,0.000,0.000
1a,old,6,0.000,0.000,0.000,0.000,0.000,0.000,0.000,0.000,0.000,0.000,0.000,1.000,0.000
1a,old,7,0.000,0.000,0.000,0.000,0.000,0.000,0.000,0.000,0.000,0.000,0.000,0.000,0.000
1a,old,8,0.000,0.000,0.000,0.000,0.000,0.000,0.000,0.000,0.000,0.000,0.000,0.000,0.000
1a,old,9,0.000,0.000,0.000,0.000,0.000,0.000,0.000,0.000,0.000,0.000,0.000,0.000,0.000
1b,old,0,0.000,0.000,0.000,0.000,0.000,0.000,0.000,0.000,0.000,0.000,0.000,0.000,0.000
1b,old,1,0.000,0.000,0.000,0.000,0.000,0.000,0.000,0.000,0.000,0.000,1136.000,0.000,0.000
1b,old,2,0.000,0.000,0.000,0.000,0.000,0.000,0.000,0.000,0.000,0.000,1245.000,0.000,0.000
1b,old,3,0.000,0.000,0.000,0.000,0.000,0.000,0.000,0.000,0.000,0.000,1383.000,0.000,0.000
1b,old,4,0.000,0.000,0.000,0.000,0.000,0.000,0.000,0.000,0.000,0.000,0.000,0.000,0.000
1b,old,5,0.000,0.000,0.000,0.000,0.000,0.000,0.000,0.000,0.000,0.000,0.000,0.000,0.000
1b,old,6,0.000,0.000,0.000,0.000,0.000,0.000,0.000,0.000,0.000,0.000,0.000,0.000,0.000
1b,old,7,0.000,0.000,0.000,0.000,0.000,0.000,0.000,0.000,0.000,0.000,0.000,0.000,0.000
1b,old,8,0.000,0.000,0.000,0.000,0.000,0.000,0.000,0.000,0.000,0.000,0.000,0.000,0.000
1b,old,9,0.000,0.000,0.000,0.000,0.000,0.000,0.000,0.000,0.000,0.000,0.000,3.000,0.000
1c,old,0,0.000,0.000,0.000,0.000,0.000,0.000,0.000,0.000,0.000,0.000,0.000,0.000,0.000
1c,old,1,0.000,0.000,0.000,0.000,0.000,0.000,0.000,0.000,0.000,0.000,1242.000,0.000,0.000
1c,old,2,0.000,0.000,0.000,0.000,0.000,0.000,0.000,0.000,0.000,0.000,1139.000,0.000,0.000
1c,old,3,0.000,0.000,0.000,0.000,0.000,0.000,0.000,0.000,0.000,0.000,1148.000,0.000,0.000
1c,old,4,0.000,0.000,0.000,0.000,0.000,0.000,0.000,0.000,0.000,0.000,0.000,0.000,0.000
1c,old,5,0.000,0.000,0.000,0.000,0.000,0.000,0.000,0.000,0.000,0.000,0.000,0.000,0.000
1c,old,6,0.000,0.000,0.000,0.000,0.000,0.000,0.000,0.000,0.000,0.000,0.000,0.000,0.000
1c,old,7,0.000,0.000,0.000,0.000,0.000,0.000,0.000,0.000,0.000,0.000,0.000,0.000,0.000
1c,old,8,0.000,0.000,0.000,0.000,0.000,0.000,0.000,0.000,0.000,0.000,0.000,0.000,0.000
1c,old,9,0.000,0.000,0.000,0.000,0.000,0.000,0.000,0.000,0.000,0.000,0.000,0.000,0.000
1d,old,0,0.000,0.000,0.000,0.000,0.000,0.000,0.000,0.000,0.000,0.000,0.000,0.000,0.000
1d,old,1,0.000,0.000,0.000,0.000,0.000,0.000,0.000,0.000,0.000,0.000,1142.000,0.000,0.000
1d,old,2,0.000,0.000,0.000,0.000,0.000,0.000,0.000,0.000,0.000,0.000,1097.000,0.000,0.000
1d,old,3,0.000,0.000,0.000,0.000,0.000,0.000,0.000,0.000,0.000,0.000,1184.000,0.000,0.000
1d,old,4,0.000,0.000,0.000,0.000,0.000,0.000,0.000,0.000,0.000,0.000,0.000,0.000,0.000
1d,old,5,0.000,0.000,0.000,0.000,0.000,0.000,0.000,0.000,0.000,0.000,0.000,0.000,0.000
1d,old,6,0.000,0.000,0.000,0.000,0.000,0.000,0.000,0.000,0.000,0.000,0.000,0.000,0.000
1d,old,7,0.000,0.000,0.000,0.000,0.000,0.000,0.000,0.000,0.000,0.000,0.000,0.000,0.000
1d,old,8,0.000,0.000,0.000,0.000,0.000,0.000,0.000,0.000,0.000,0.000,0.000,0.000,0.000
1d,old,9,0.000,0.000,0.000,0.000,0.000,0.000,0.000,0.000,0.000,0.000,0.000,0.000,0.000
20a,old,0,0.000,0.000,0.000,0.000,0.000,0.000,0.000,0.000,0.000,0.000,0.000,0.000,0.000
20a,old,1,0.000,0.000,0.000,0.000,0.000,0.000,0.000,0.000,0.000,0.000,1082.000,0.000,0.000
20a,old,2,0.000,0.000,0.000,0.000,0.000,0.000,0.000,0.000,0.000,0.000,0.000,0.000,0.000
20a,old,3,0.000,0.000,0.000,0.000,0.000,0.000,0.000,0.000,0.000,0.000,0.000,0.000,0.000
20a,old,4,0.000,0.000,0.000,0.000,0.000,0.000,0.000,0.000,0.000,0.000,0.000,1.000,0.000
20a,old,5,0.000,0.000,0.000,0.000,0.000,0.000,0.000,0.000,0.000,0.000,0.000,0.000,0.000
20a,old,6,0.000,0.000,0.000,0.000,0.000,0.000,0.000,0.000,0.000,0.000,1203.000,0.000,0.000
20a,old,7,0.000,0.000,0.000,0.000,0.000,0.000,0.000,0.000,0.000,0.000,1228.000,11.000,0.000
20a,old,8,0.000,0.000,0.000,0.000,0.000,0.000,0.000,0.000,0.000,0.000,1279.000,0.000,0.000
20a,old,9,0.000,0.000,0.000,0.000,0.000,0.000,0.000,0.000,0.000,0.000,0.000,0.000,0.000
20a,old,10,0.000,0.000,0.000,0.000,0.000,0.000,0.000,0.000,0.000,0.000,0.000,0.000,0.000
20a,old,11,0.000,0.000,0.000,0.000,0.000,0.000,0.000,0.000,0.000,0.000,0.000,0.000,0.000
20a,old,12,0.000,0.000,0.000,0.000,0.000,0.000,0.000,0.000,0.000,0.000,0.000,1.000,0.000
20a,old,13,0.000,0.000,0.000,0.000,0.000,0.000,0.000,0.000,0.000,0.000,0.000,0.000,0.000
20a,old,14,0.000,0.000,0.000,0.000,0.000,0.000,0.000,0.000,0.000,0.000,0.000,0.000,0.000
20a,old,15,0.000,0.000,0.000,0.000,0.000,0.000,0.000,0.000,0.000,0.000,0.000,11.000,0.000
20a,old,16,0.000,0.000,0.000,0.000,0.000,0.000,0.000,0.000,0.000,0.000,0.000,3.000,0.000
20a,old,17,0.000,0.000,0.000,0.000,0.000,0.000,0.000,0.000,0.000,0.000,0.000,0.000,0.000
20a,old,18,0.000,0.000,0.000,0.000,0.000,0.000,0.000,0.000,0.000,0.000,0.000,0.000,0.000
20a,old,19,0.000,0.000,0.000,0.000,0.000,0.000,0.000,0.000,0.000,0.000,0.000,0.000,0.000
20a,old,20,0.000,0.000,0.000,0.000,0.000,0.000,0.000,0.000,0.000,0.000,0.000,1.000,0.000
20a,old,21,0.000,0.000,0.000,0.000,0.000,0.000,0.000,0.000,0.000,0.000,0.000,0.000,0.000
20a,old,22,0.000,0.000,0.000,0.000,0.000,0.000,0.000,0.000,0.000,0.000,0.000,0.000,0.000
20a,old,23,0.000,0.000,0.000,0.000,0.000,0.000,0.000,0.000,0.000,0.000,0.000,17.000,0.000
20a,old,24,0.000,0.000,0.000,0.000,0.000,0.000,0.000,0.000,0.000,0.000,0.000,0.000,0.000
20b,old,0,0.000,0.000,0.000,0.000,0.000,0.000,0.000,0.000,0.000,0.000,0.000,0.000,0.000
20b,old,1,0.000,0.000,0.000,0.000,0.000,0.000,0.000,0.000,0.000,0.000,1088.000,0.000,0.000
20b,old,2,0.000,0.000,0.000,0.000,0.000,0.000,0.000,0.000,0.000,0.000,0.000,0.000,0.000
20b,old,3,0.000,0.000,0.000,0.000,0.000,0.000,0.000,0.000,0.000,0.000,0.000,0.000,0.000
20b,old,4,0.000,0.000,0.000,0.000,0.000,0.000,0.000,0.000,0.000,0.000,0.000,0.000,0.000
20b,old,5,0.000,0.000,0.000,0.000,0.000,0.000,0.000,0.000,0.000,0.000,0.000,1.000,0.000
20b,old,6,0.000,0.000,0.000,0.000,0.000,0.000,0.000,0.000,0.000,0.000,0.000,0.000,0.000
20b,old,7,0.000,0.000,0.000,0.000,0.000,0.000,0.000,0.000,0.000,0.000,1229.000,0.000,0.000
20b,old,8,0.000,0.000,0.000,0.000,0.000,0.000,0.000,0.000,0.000,0.000,1236.000,9.000,0.000
20b,old,9,0.000,0.000,0.000,0.000,0.000,0.000,0.000,0.000,0.000,0.000,0.000,0.000,0.000
20b,old,10,0.000,0.000,0.000,0.000,0.000,0.000,0.000,0.000,0.000,0.000,0.000,0.000,0.000
20b,old,11,0.000,0.000,0.000,0.000,0.000,0.000,0.000,0.000,0.000,0.000,0.000,0.000,0.000
20b,old,12,0.000,0.000,0.000,0.000,0.000,0.000,0.000,0.000,0.000,0.000,0.000,0.000,0.000
20b,old,13,0.000,0.000,0.000,0.000,0.000,0.000,0.000,0.000,0.000,0.000,0.000,1.000,0.000
20b,old,14,0.000,0.000,0.000,0.000,0.000,0.000,0.000,0.000,0.000,0.000,0.000,0.000,0.000
20b,old,15,0.000,0.000,0.000,0.000,0.000,0.000,0.000,0.000,0.000,0.000,0.000,0.000,0.000
20b,old,16,0.000,0.000,0.000,0.000,0.000,0.000,0.000,0.000,0.000,0.000,0.000,9.000,0.000
20b,old,17,0.000,0.000,0.000,0.000,0.000,0.000,0.000,0.000,0.000,0.000,0.000,0.000,0.000
20b,old,18,0.000,0.000,0.000,0.000,0.000,0.000,0.000,0.000,0.000,0.000,0.000,0.000,0.000
20b,old,19,0.000,0.000,0.000,0.000,0.000,0.000,0.000,0.000,0.000,0.000,0.000,0.000,0.000
20b,old,20,0.000,0.000,0.000,0.000,0.000,0.000,0.000,0.000,0.000,0.000,0.000,0.000,0.000
20b,old,21,0.000,0.000,0.000,0.000,0.000,0.000,0.000,0.000,0.000,0.000,0.000,1.000,0.000
20b,old,22,0.000,0.000,0.000,0.000,0.000,0.000,0.000,0.000,0.000,0.000,0.000,0.000,0.000
20b,old,23,0.000,0.000,0.000,0.000,0.000,0.000,0.000,0.000,0.000,0.000,0.000,0.000,0.000
20b,old,24,0.000,0.000,0.000,0.000,0.000,0.000,0.000,0.000,0.000,0.000,0.000,8.000,0.000
20c,old,0,0.000,0.000,0.000,0.000,0.000,0.000,0.000,0.000,0.000,0.000,0.000,0.000,0.000
20c,old,1,0.000,0.000,0.000,0.000,0.000,0.000,0.000,0.000,0.000,0.000,1096.000,0.000,0.000
20c,old,2,0.000,0.000,0.000,0.000,0.000,0.000,0.000,0.000,0.000,0.000,0.000,0.000,0.000
20c,old,3,0.000,0.000,0.000,0.000,0.000,0.000,0.000,0.000,0.000,0.000,0.000,1.000,0.000
20c,old,4,0.000,0.000,0.000,0.000,0.000,0.000,0.000,0.000,0.000,0.000,0.000,0.000,0.000
20c,old,5,0.000,0.000,0.000,0.000,0.000,0.000,0.000,0.000,0.000,0.000,1244.000,0.000,0.000
20c,old,6,0.000,0.000,0.000,0.000,0.000,0.000,0.000,0.000,0.000,0.000,0.000,0.000,0.000
20c,old,7,0.000,0.000,0.000,0.000,0.000,0.000,0.000,0.000,0.000,0.000,1705.000,11.000,0.000
20c,old,8,0.000,0.000,0.000,0.000,0.000,0.000,0.000,0.000,0.000,0.000,1363.000,1.000,0.000
20c,old,9,0.000,0.000,0.000,0.000,0.000,0.000,0.000,0.000,0.000,0.000,0.000,0.000,0.000
20c,old,10,0.000,0.000,0.000,0.000,0.000,0.000,0.000,0.000,0.000,0.000,0.000,0.000,0.000
20c,old,11,0.000,0.000,0.000,0.000,0.000,0.000,0.000,0.000,0.000,0.000,0.000,1.000,0.000
20c,old,12,0.000,0.000,0.000,0.000,0.000,0.000,0.000,0.000,0.000,0.000,0.000,0.000,0.000
20c,old,13,0.000,0.000,0.000,0.000,0.000,0.000,0.000,0.000,0.000,0.000,0.000,0.000,0.000
20c,old,14,0.000,0.000,0.000,0.000,0.000,0.000,0.000,0.000,0.000,0.000,0.000,0.000,0.000
20c,old,15,0.000,0.000,0.000,0.000,0.000,0.000,0.000,0.000,0.000,0.000,0.000,16.000,0.000
20c,old,16,0.000,0.000,0.000,0.000,0.000,0.000,0.000,0.000,0.000,0.000,0.000,1.000,0.000
20c,old,17,0.000,0.000,0.000,0.000,0.000,0.000,0.000,0.000,0.000,0.000,0.000,0.000,0.000
20c,old,18,0.000,0.000,0.000,0.000,0.000,0.000,0.000,0.000,0.000,0.000,0.000,0.000,0.000
20c,old,19,0.000,0.000,0.000,0.000,0.000,0.000,0.000,0.000,0.000,0.000,0.000,3.000,0.000
20c,old,20,0.000,0.000,0.000,0.000,0.000,0.000,0.000,0.000,0.000,0.000,0.000,0.000,0.000
20c,old,21,0.000,0.000,0.000,0.000,0.000,0.000,0.000,0.000,0.000,0.000,0.000,0.000,0.000
20c,old,22,0.000,0.000,0.000,0.000,0.000,0.000,0.000,0.000,0.000,0.000,0.000,0.000,0.000
20c,old,23,0.000,0.000,0.000,0.000,0.000,0.000,0.000,0.000,0.000,0.000,0.000,15.000,0.000
20c,old,24,0.000,0.000,0.000,0.000,0.000,0.000,0.000,0.000,0.000,0.000,0.000,1.000,0.000
21a,old,0,0.000,0.000,0.000,0.000,0.000,0.000,0.000,0.000,0.000,0.000,0.000,0.000,0.000
21a,old,1,0.000,0.000,0.000,0.000,0.000,0.000,0.000,0.000,0.000,0.000,1147.000,0.000,0.000
21a,old,2,0.000,0.000,0.000,0.000,0.000,0.000,0.000,0.000,0.000,0.000,0.000,0.000,0.000
21a,old,3,0.000,0.000,0.000,0.000,0.000,0.000,0.000,0.000,0.000,0.000,1148.000,0.000,0.000
21a,old,4,0.000,0.000,0.000,0.000,0.000,0.000,0.000,0.000,0.000,0.000,1255.000,0.000,0.000
21a,old,5,0.000,0.000,0.000,0.000,0.000,0.000,0.000,0.000,0.000,0.000,1268.000,0.000,0.000
21a,old,6,0.000,0.000,0.000,0.000,0.000,0.000,0.000,0.000,0.000,0.000,1159.000,0.000,0.000
21a,old,7,0.000,0.000,0.000,0.000,0.000,0.000,0.000,0.000,0.000,0.000,1178.000,0.000,0.000
21a,old,8,0.000,0.000,0.000,0.000,0.000,0.000,0.000,0.000,0.000,0.000,0.000,0.000,0.000
21a,old,9,0.000,0.000,0.000,0.000,0.000,0.000,0.000,0.000,0.000,0.000,0.000,0.000,0.000
21a,old,10,0.000,0.000,0.000,0.000,0.000,0.000,0.000,0.000,0.000,0.000,0.000,0.000,0.000
21a,old,11,0.000,0.000,0.000,0.000,0.000,0.000,0.000,0.000,0.000,0.000,0.000,0.000,0.000
21a,old,12,0.000,0.000,0.000,0.000,0.000,0.000,0.000,0.000,0.000,0.000,0.000,0.000,0.000
21a,old,13,0.000,0.000,0.000,0.000,0.000,0.000,0.000,0.000,0.000,0.000,0.000,0.000,0.000
21a,old,14,0.000,0.000,0.000,0.000,0.000,0.000,0.000,0.000,0.000,0.000,0.000,0.000,0.000
21a,old,15,0.000,0.000,0.000,0.000,0.000,0.000,0.000,0.000,0.000,0.000,0.000,0.000,0.000
21a,old,16,0.000,0.000,0.000,0.000,0.000,0.000,0.000,0.000,0.000,0.000,0.000,0.000,0.000
21a,old,17,0.000,0.000,0.000,0.000,0.000,0.000,0.000,0.000,0.000,0.000,0.000,0.000,0.000
21a,old,18,0.000,0.000,0.000,0.000,0.000,0.000,0.000,0.000,0.000,0.000,0.000,0.000,0.000
21a,old,19,0.000,0.000,0.000,0.000,0.000,0.000,0.000,0.000,0.000,0.000,0.000,0.000,0.000
21a,old,20,0.000,0.000,0.000,0.000,0.000,0.000,0.000,0.000,0.000,0.000,0.000,0.000,0.000
21a,old,21,0.000,0.000,0.000,0.000,0.000,0.000,0.000,0.000,0.000,0.000,0.000,3.000,0.000
21b,old,0,0.000,0.000,0.000,0.000,0.000,0.000,0.000,0.000,0.000,0.000,0.000,0.000,0.000
21b,old,1,0.000,0.000,0.000,0.000,0.000,0.000,0.000,0.000,0.000,0.000,1278.000,0.000,0.000
21b,old,2,0.000,0.000,0.000,0.000,0.000,0.000,0.000,0.000,0.000,0.000,0.000,0.000,0.000
21b,old,3,0.000,0.000,0.000,0.000,0.000,0.000,0.000,0.000,0.000,0.000,1174.000,0.000,0.000
21b,old,4,0.000,0.000,0.000,0.000,0.000,0.000,0.000,0.000,0.000,0.000,1245.000,0.000,0.000
21b,old,5,0.000,0.000,0.000,0.000,0.000,0.000,0.000,0.000,0.000,0.000,1148.000,0.000,0.000
21b,old,6,0.000,0.000,0.000,0.000,0.000,0.000,0.000,0.000,0.000,0.000,1150.000,0.000,0.000
21b,old,7,0.000,0.000,0.000,0.000,0.000,0.000,0.000,0.000,0.000,0.000,1173.000,0.000,0.000
21b,old,8,0.000,0.000,0.000,0.000,0.000,0.000,0.000,0.000,0.000,0.000,0.000,0.000,0.000
21b,old,9,0.000,0.000,0.000,0.000,0.000,0.000,0.000,0.000,0.000,0.000,0.000,0.000,0.000
21b,old,10,0.000,0.000,0.000,0.000,0.000,0.000,0.000,0.000,0.000,0.000,0.000,0.000,0.000
21b,old,11,0.000,0.000,0.000,0.000,0.000,0.000,0.000,0.000,0.000,0.000,0.000,0.000,0.000
21b,old,12,0.000,0.000,0.000,0.000,0.000,0.000,0.000,0.000,0.000,0.000,0.000,0.000,0.000
21b,old,13,0.000,0.000,0.000,0.000,0.000,0.000,0.000,0.000,0.000,0.000,0.000,0.000,0.000
21b,old,14,0.000,0.000,0.000,0.000,0.000,0.000,0.000,0.000,0.000,0.000,0.000,0.000,0.000
21b,old,15,0.000,0.000,0.000,0.000,0.000,0.000,0.000,0.000,0.000,0.000,0.000,0.000,0.000
21b,old,16,0.000,0.000,0.000,0.000,0.000,0.000,0.000,0.000,0.000,0.000,0.000,0.000,0.000
21b,old,17,0.000,0.000,0.000,0.000,0.000,0.000,0.000,0.000,0.000,0.000,0.000,0.000,0.000
21b,old,18,0.000,0.000,0.000,0.000,0.000,0.000,0.000,0.000,0.000,0.000,0.000,0.000,0.000
21b,old,19,0.000,0.000,0.000,0.000,0.000,0.000,0.000,0.000,0.000,0.000,0.000,0.000,0.000
21b,old,20,0.000,0.000,0.000,0.000,0.000,0.000,0.000,0.000,0.000,0.000,0.000,0.000,0.000
21b,old,21,0.000,0.000,0.000,0.000,0.000,0.000,0.000,0.000,0.000,0.000,0.000,0.000,0.000
21c,old,0,0.000,0.000,0.000,0.000,0.000,0.000,0.000,0.000,0.000,0.000,0.000,0.000,0.000
21c,old,1,0.000,0.000,0.000,0.000,0.000,0.000,0.000,0.000,0.000,0.000,1106.000,0.000,0.000
21c,old,2,0.000,0.000,0.000,0.000,0.000,0.000,0.000,0.000,0.000,0.000,0.000,0.000,0.000
21c,old,3,0.000,0.000,0.000,0.000,0.000,0.000,0.000,0.000,0.000,0.000,1260.000,0.000,0.000
21c,old,4,0.000,0.000,0.000,0.000,0.000,0.000,0.000,0.000,0.000,0.000,1235.000,0.000,0.000
21c,old,5,0.000,0.000,0.000,0.000,0.000,0.000,0.000,0.000,0.000,0.000,1324.000,0.000,0.000
21c,old,6,0.000,0.000,0.000,0.000,0.000,0.000,0.000,0.000,0.000,0.000,1326.000,0.000,0.000
21c,old,7,0.000,0.000,0.000,0.000,0.000,0.000,0.000,0.000,0.000,0.000,1307.000,0.000,0.000
21c,old,8,0.000,0.000,0.000,0.000,0.000,0.000,0.000,0.000,0.000,0.000,0.000,0.000,0.000
21c,old,9,0.000,0.000,0.000,0.000,0.000,0.000,0.000,0.000,0.000,0.000,0.000,0.000,0.000
21c,old,10,0.000,0.000,0.000,0.000,0.000,0.000,0.000,0.000,0.000,0.000,0.000,0.000,0.000
21c,old,11,0.000,0.000,0.000,0.000,0.000,0.000,0.000,0.000,0.000,0.000,0.000,0.000,0.000
21c,old,12,0.000,0.000,0.000,0.000,0.000,0.000,0.000,0.000,0.000,0.000,0.000,0.000,0.000
21c,old,13,0.000,0.000,0.000,0.000,0.000,0.000,0.000,0.000,0.000,0.000,0.000,0.000,0.000
21c,old,14,0.000,0.000,0.000,0.000,0.000,0.000,0.000,0.000,0.000,0.000,0.000,0.000,0.000
21c,old,15,0.000,0.000,0.000,0.000,0.000,0.000,0.000,0.000,0.000,0.000,0.000,0.000,0.000
21c,old,16,0.000,0.000,0.000,0.000,0.000,0.000,0.000,0.000,0.000,0.000,0.000,0.000,0.000
21c,old,17,0.000,0.000,0.000,0.000,0.000,0.000,0.000,0.000,0.000,0.000,0.000,0.000,0.000
21c,old,18,0.000,0.000,0.000,0.000,0.000,0.000,0.000,0.000,0.000,0.000,0.000,0.000,0.000
21c,old,19,0.000,0.000,0.000,0.000,0.000,0.000,0.000,0.000,0.000,0.000,0.000,0.000,0.000
21c,old,20,0.000,0.000,0.000,0.000,0.000,0.000,0.000,0.000,0.000,0.000,0.000,0.000,0.000
21c,old,21,0.000,0.000,0.000,0.000,0.000,0.000,0.000,0.000,0.000,0.000,0.000,0.000,0.000
22a,old,0,0.000,0.000,0.000,0.000,0.000,0.000,0.000,0.000,0.000,0.000,0.000,0.000,0.000
22a,old,1,0.000,0.000,0.000,0.000,0.000,0.000,0.000,0.000,0.000,0.000,1115.000,0.000,0.000
22a,old,2,0.000,0.000,0.000,0.000,0.000,0.000,0.000,0.000,0.000,0.000,0.000,0.000,0.000
22a,old,3,0.000,0.000,0.000,0.000,0.000,0.000,0.000,0.000,0.000,0.000,0.000,0.000,0.000
22a,old,4,0.000,0.000,0.000,0.000,0.000,0.000,0.000,0.000,0.000,0.000,0.000,1.000,0.000
22a,old,5,0.000,0.000,0.000,0.000,0.000,0.000,0.000,0.000,0.000,0.000,0.000,0.000,0.000
22a,old,6,0.000,0.000,0.000,0.000,0.000,0.000,0.000,0.000,0.000,0.000,1101.000,0.000,0.000
22a,old,7,0.000,0.000,0.000,0.000,0.000,0.000,0.000,0.000,0.000,0.000,1313.000,0.000,0.000
22a,old,8,0.000,0.000,0.000,0.000,0.000,0.000,0.000,0.000,0.000,0.000,1484.000,0.000,0.000
22a,old,9,0.000,0.000,0.000,0.000,0.000,0.000,0.000,0.000,0.000,0.000,1455.000,0.000,0.000
22a,old,10,0.000,0.000,0.000,0.000,0.000,0.000,0.000,0.000,0.000,0.000,0.000,0.000,0.000
22a,old,11,0.000,0.000,0.000,0.000,0.000,0.000,0.000,0.000,0.000,0.000,0.000,0.000,0.000
22a,old,12,0.000,0.000,0.000,0.000,0.000,0.000,0.000,0.000,0.000,0.000,0.000,0.000,0.000
22a,old,13,0.000,0.000,0.000,0.000,0.000,0.000,0.000,0.000,0.000,0.000,0.000,1.000,0.000
22a,old,14,0.000,0.000,0.000,0.000,0.000,0.000,0.000,0.000,0.000,0.000,0.000,0.000,0.000
22a,old,15,0.000,0.000,0.000,0.000,0.000,0.000,0.000,0.000,0.000,0.000,0.000,0.000,0.000
22a,old,16,0.000,0.000,0.000,0.000,0.000,0.000,0.000,0.000,0.000,0.000,0.000,0.000,0.000
22a,old,17,0.000,0.000,0.000,0.000,0.000,0.000,0.000,0.000,0.000,0.000,0.000,0.000,0.000
22a,old,18,0.000,0.000,0.000,0.000,0.000,0.000,0.000,0.000,0.000,0.000,0.000,0.000,0.000
22a,old,19,0.000,0.000,0.000,0.000,0.000,0.000,0.000,0.000,0.000,0.000,0.000,0.000,0.000
22a,old,20,0.000,0.000,0.000,0.000,0.000,0.000,0.000,0.000,0.000,0.000,0.000,0.000,0.000
22a,old,21,0.000,0.000,0.000,0.000,0.000,0.000,0.000,0.000,0.000,0.000,0.000,0.000,0.000
22a,old,22,0.000,0.000,0.000,0.000,0.000,0.000,0.000,0.000,0.000,0.000,0.000,1.000,0.000
22a,old,23,0.000,0.000,0.000,0.000,0.000,0.000,0.000,0.000,0.000,0.000,0.000,0.000,0.000
22a,old,24,0.000,0.000,0.000,0.000,0.000,0.000,0.000,0.000,0.000,0.000,0.000,0.000,0.000
22a,old,25,0.000,0.000,0.000,0.000,0.000,0.000,0.000,0.000,0.000,0.000,0.000,0.000,0.000
22a,old,26,0.000,0.000,0.000,0.000,0.000,0.000,0.000,0.000,0.000,0.000,0.000,0.000,0.000
22a,old,27,0.000,0.000,0.000,0.000,0.000,0.000,0.000,0.000,0.000,0.000,0.000,0.000,0.000
22b,old,0,0.000,0.000,0.000,0.000,0.000,0.000,0.000,0.000,0.000,0.000,0.000,0.000,0.000
22b,old,1,0.000,0.000,0.000,0.000,0.000,0.000,0.000,0.000,0.000,0.000,1073.000,0.000,0.000
22b,old,2,0.000,0.000,0.000,0.000,0.000,0.000,0.000,0.000,0.000,0.000,0.000,0.000,0.000
22b,old,3,0.000,0.000,0.000,0.000,0.000,0.000,0.000,0.000,0.000,0.000,0.000,0.000,0.000
22b,old,4,0.000,0.000,0.000,0.000,0.000,0.000,0.000,0.000,0.000,0.000,0.000,1.000,0.000
22b,old,5,0.000,0.000,0.000,0.000,0.000,0.000,0.000,0.000,0.000,0.000,1099.000,0.000,0.000
22b,old,6,0.000,0.000,0.000,0.000,0.000,0.000,0.000,0.000,0.000,0.000,0.000,0.000,0.000
22b,old,7,0.000,0.000,0.000,0.000,0.000,0.000,0.000,0.000,0.000,0.000,1167.000,0.000,0.000
22b,old,8,0.000,0.000,0.000,0.000,0.000,0.000,0.000,0.000,0.000,0.000,1227.000,0.000,0.000
22b,old,9,0.000,0.000,0.000,0.000,0.000,0.000,0.000,0.000,0.000,0.000,1253.000,0.000,0.000
22b,old,10,0.000,0.000,0.000,0.000,0.000,0.000,0.000,0.000,0.000,0.000,0.000,0.000,0.000
22b,old,11,0.000,0.000,0.000,0.000,0.000,0.000,0.000,0.000,0.000,0.000,0.000,0.000,0.000
22b,old,12,0.000,0.000,0.000,0.000,0.000,0.000,0.000,0.000,0.000,0.000,0.000,0.000,0.000
22b,old,13,0.000,0.000,0.000,0.000,0.000,0.000,0.000,0.000,0.000,0.000,0.000,1.000,0.000
22b,old,14,0.000,0.000,0.000,0.000,0.000,0.000,0.000,0.000,0.000,0.000,0.000,0.000,0.000
22b,old,15,0.000,0.000,0.000,0.000,0.000,0.000,0.000,0.000,0.000,0.000,0.000,0.000,0.000
22b,old,16,0.000,0.000,0.000,0.000,0.000,0.000,0.000,0.000,0.000,0.000,0.000,0.000,0.000
22b,old,17,0.000,0.000,0.000,0.000,0.000,0.000,0.000,0.000,0.000,0.000,0.000,2.000,0.000
22b,old,18,0.000,0.000,0.000,0.000,0.000,0.000,0.000,0.000,0.000,0.000,0.000,0.000,0.000
22b,old,19,0.000,0.000,0.000,0.000,0.000,0.000,0.000,0.000,0.000,0.000,0.000,0.000,0.000
22b,old,20,0.000,0.000,0.000,0.000,0.000,0.000,0.000,0.000,0.000,0.000,0.000,0.000,0.000
22b,old,21,0.000,0.000,0.000,0.000,0.000,0.000,0.000,0.000,0.000,0.000,0.000,0.000,0.000
22b,old,22,0.000,0.000,0.000,0.000,0.000,0.000,0.000,0.000,0.000,0.000,0.000,1.000,0.000
22b,old,23,0.000,0.000,0.000,0.000,0.000,0.000,0.000,0.000,0.000,0.000,0.000,0.000,0.000
22b,old,24,0.000,0.000,0.000,0.000,0.000,0.000,0.000,0.000,0.000,0.000,0.000,0.000,0.000
22b,old,25,0.000,0.000,0.000,0.000,0.000,0.000,0.000,0.000,0.000,0.000,0.000,0.000,0.000
22b,old,26,0.000,0.000,0.000,0.000,0.000,0.000,0.000,0.000,0.000,0.000,0.000,0.000,0.000
22b,old,27,0.000,0.000,0.000,0.000,0.000,0.000,0.000,0.000,0.000,0.000,0.000,0.000,0.000
22c,old,0,0.000,0.000,0.000,0.000,0.000,0.000,0.000,0.000,0.000,0.000,0.000,0.000,0.000
22c,old,1,0.000,0.000,0.000,0.000,0.000,0.000,0.000,0.000,0.000,0.000,1633.000,0.000,0.000
22c,old,2,0.000,0.000,0.000,0.000,0.000,0.000,0.000,0.000,0.000,0.000,0.000,0.000,0.000
22c,old,3,0.000,0.000,0.000,0.000,0.000,0.000,0.000,0.000,0.000,0.000,0.000,0.000,0.000
22c,old,4,0.000,0.000,0.000,0.000,0.000,0.000,0.000,0.000,0.000,0.000,0.000,1.000,0.000
22c,old,5,0.000,0.000,0.000,0.000,0.000,0.000,0.000,0.000,0.000,0.000,1083.000,1.000,0.000
22c,old,6,0.000,0.000,0.000,0.000,0.000,0.000,0.000,0.000,0.000,0.000,0.000,0.000,0.000
22c,old,7,0.000,0.000,0.000,0.000,0.000,0.000,0.000,0.000,0.000,0.000,1194.000,0.000,0.000
22c,old,8,0.000,0.000,0.000,0.000,0.000,0.000,0.000,0.000,0.000,0.000,1519.000,0.000,0.000
22c,old,9,0.000,0.000,0.000,0.000,0.000,0.000,0.000,0.000,0.000,0.000,1441.000,0.000,0.000
22c,old,10,0.000,0.000,0.000,0.000,0.000,0.000,0.000,0.000,0.000,0.000,0.000,0.000,0.000
22c,old,11,0.000,0.000,0.000,0.000,0.000,0.000,0.000,0.000,0.000,0.000,0.000,0.000,0.000
22c,old,12,0.000,0.000,0.000,0.000,0.000,0.000,0.000,0.000,0.000,0.000,0.000,0.000,0.000
22c,old,13,0.000,0.000,0.000,0.000,0.000,0.000,0.000,0.000,0.000,0.000,0.000,1.000,0.000
22c,old,14,0.000,0.000,0.000,2.000,0.000,2.000,0.000,0.000,0.000,0.000,0.000,3.000,0.000
22c,old,15,0.000,0.000,0.000,0.000,0.000,0.000,0.000,0.000,0.000,0.000,0.000,0.000,0.000
22c,old,16,0.000,0.000,0.000,0.000,0.000,0.000,0.000,0.000,0.000,0.000,0.000,0.000,0.000
22c,old,17,0.000,0.000,0.000,0.000,0.000,0.000,0.000,0.000,0.000,0.000,0.000,0.000,0.000
22c,old,18,0.000,0.000,0.000,0.000,0.000,0.000,0.000,0.000,0.000,0.000,0.000,0.000,0.000
22c,old,19,0.000,0.000,0.000,0.000,0.000,0.000,0.000,0.000,0.000,0.000,0.000,0.000,0.000
22c,old,20,0.000,0.000,0.000,0.000,0.000,0.000,0.000,0.000,0.000,0.000,0.000,0.000,0.000
22c,old,21,0.000,0.000,0.000,0.000,0.000,0.000,0.000,0.000,0.000,0.000,0.000,0.000,0.000
22c,old,22,0.000,0.000,0.000,0.000,0.000,0.000,0.000,0.000,0.000,0.000,0.000,1.000,0.000
22c,old,23,0.000,0.000,0.000,0.000,0.000,0.000,0.000,0.000,0.000,0.000,0.000,0.000,0.000
22c,old,24,0.000,0.000,0.000,0.000,0.000,0.000,0.000,0.000,0.000,0.000,0.000,0.000,0.000
22c,old,25,0.000,0.000,0.000,0.000,0.000,0.000,0.000,0.000,0.000,0.000,0.000,0.000,0.000
22c,old,26,0.000,0.000,0.000,0.000,0.000,0.000,0.000,0.000,0.000,0.000,0.000,0.000,0.000
22c,old,27,0.000,0.000,0.000,0.000,0.000,0.000,0.000,0.000,0.000,0.000,0.000,0.000,0.000
22d,old,0,0.000,0.000,0.000,0.000,0.000,0.000,0.000,0.000,0.000,0.000,0.000,0.000,0.000
22d,old,1,0.000,0.000,0.000,0.000,0.000,0.000,0.000,0.000,0.000,0.000,1187.000,0.000,0.000
22d,old,2,0.000,0.000,0.000,0.000,0.000,0.000,0.000,0.000,0.000,0.000,0.000,0.000,0.000
22d,old,3,0.000,0.000,0.000,0.000,0.000,0.000,0.000,0.000,0.000,0.000,0.000,0.000,0.000
22d,old,4,0.000,0.000,0.000,0.000,0.000,0.000,0.000,0.000,0.000,0.000,0.000,3.000,0.000
22d,old,5,0.000,0.000,0.000,0.000,0.000,0.000,0.000,0.000,0.000,0.000,1309.000,1.000,0.000
22d,old,6,0.000,0.000,0.000,0.000,0.000,0.000,0.000,0.000,0.000,0.000,1166.000,0.000,0.000
22d,old,7,0.000,0.000,0.000,0.000,0.000,0.000,0.000,0.000,0.000,0.000,1326.000,0.000,0.000
22d,old,8,0.000,0.000,0.000,0.000,0.000,0.000,0.000,0.000,0.000,0.000,1180.000,0.000,0.000
22d,old,9,0.000,0.000,0.000,0.000,0.000,0.000,0.000,0.000,0.000,0.000,1335.000,0.000,0.000
22d,old,10,0.000,0.000,0.000,0.000,0.000,0.000,0.000,0.000,0.000,0.000,0.000,0.000,0.000
22d,old,11,0.000,0.000,0.000,0.000,0.000,0.000,0.000,0.000,0.000,0.000,0.000,0.000,0.000
22d,old,12,0.000,0.000,0.000,0.000,0.000,0.000,0.000,0.000,0.000,0.000,0.000,0.000,0.000
22d,old,13,0.000,0.000,0.000,0.000,0.000,0.000,0.000,0.000,0.000,0.000,0.000,1.000,0.000
22d,old,14,0.000,0.000,0.000,0.000,0.000,0.000,0.000,0.000,0.000,0.000,0.000,0.000,0.000
22d,old,15,0.000,0.000,0.000,0.000,0.000,0.000,0.000,0.000,0.000,0.000,0.000,1.000,0.000
22d,old,16,0.000,0.000,0.000,0.000,0.000,0.000,0.000,0.000,0.000,0.000,0.000,0.000,0.000
22d,old,17,0.000,0.000,0.000,0.000,0.000,0.000,0.000,0.000,0.000,0.000,0.000,1.000,0.000
22d,old,18,0.000,0.000,0.000,0.000,0.000,0.000,0.000,0.000,0.000,0.000,0.000,0.000,0.000
22d,old,19,0.000,0.000,0.000,0.000,0.000,0.000,0.000,0.000,0.000,0.000,0.000,0.000,0.000
22d,old,20,0.000,0.000,0.000,0.000,0.000,0.000,0.000,0.000,0.000,0.000,0.000,0.000,0.000
22d,old,21,0.000,0.000,0.000,0.000,0.000,0.000,0.000,0.000,0.000,0.000,0.000,0.000,0.000
22d,old,22,0.000,0.000,0.000,0.000,0.000,0.000,0.000,0.000,0.000,0.000,0.000,1.000,0.000
22d,old,23,0.000,0.000,0.000,0.000,0.000,0.000,0.000,0.000,0.000,0.000,0.000,0.000,0.000
22d,old,24,0.000,0.000,0.000,0.000,0.000,0.000,0.000,0.000,0.000,0.000,0.000,1.000,0.000
22d,old,25,0.000,0.000,0.000,0.000,0.000,0.000,0.000,0.000,0.000,0.000,0.000,0.000,0.000
22d,old,26,0.000,0.000,0.000,0.000,0.000,0.000,0.000,0.000,0.000,0.000,0.000,1.000,0.000
22d,old,27,0.000,0.000,0.000,0.000,0.000,0.000,0.000,0.000,0.000,0.000,0.000,0.000,0.000
23a,old,0,0.000,0.000,0.000,0.000,0.000,0.000,0.000,0.000,0.000,0.000,0.000,0.000,0.000
23a,old,1,0.000,0.000,0.000,0.000,0.000,0.000,0.000,0.000,0.000,0.000,1197.000,0.000,0.000
23a,old,2,0.000,0.000,0.000,0.000,0.000,0.000,0.000,0.000,0.000,0.000,0.000,0.000,0.000
23a,old,3,0.000,0.000,0.000,0.000,0.000,0.000,0.000,0.000,0.000,0.000,1300.000,0.000,0.000
23a,old,4,0.000,0.000,0.000,0.000,0.000,0.000,0.000,0.000,0.000,0.000,1233.000,0.000,0.000
23a,old,5,0.000,0.000,0.000,0.000,0.000,0.000,0.000,0.000,0.000,0.000,1394.000,0.000,0.000
23a,old,6,0.000,0.000,0.000,0.000,0.000,0.000,0.000,0.000,0.000,0.000,1332.000,0.000,0.000
23a,old,7,0.000,0.000,0.000,0.000,0.000,0.000,0.000,0.000,0.000,0.000,1339.000,0.000,0.000
23a,old,8,0.000,0.000,0.000,0.000,0.000,0.000,0.000,0.000,0.000,0.000,1334.000,0.000,0.000
23a,old,9,0.000,0.000,0.000,0.000,0.000,0.000,0.000,0.000,0.000,0.000,0.000,0.000,0.000
23a,old,10,0.000,0.000,0.000,0.000,0.000,0.000,0.000,0.000,0.000,0.000,0.000,0.000,0.000
23a,old,11,0.000,0.000,0.000,0.000,0.000,0.000,0.000,0.000,0.000,0.000,0.000,0.000,0.000
23a,old,12,0.000,0.000,0.000,0.000,0.000,0.000,0.000,0.000,0.000,0.000,0.000,0.000,0.000
23a,old,13,0.000,0.000,0.000,0.000,0.000,0.000,0.000,0.000,0.000,0.000,0.000,0.000,0.000
23a,old,14,0.000,0.000,0.000,0.000,0.000,0.000,0.000,0.000,0.000,0.000,0.000,0.000,0.000
23a,old,15,0.000,0.000,0.000,0.000,0.000,0.000,0.000,0.000,0.000,0.000,0.000,0.000,0.000
23a,old,16,0.000,0.000,0.000,0.000,0.000,0.000,0.000,0.000,0.000,0.000,0.000,0.000,0.000
23a,old,17,0.000,0.000,0.000,0.000,0.000,0.000,0.000,0.000,0.000,0.000,0.000,0.000,0.000
23a,old,18,0.000,0.000,0.000,0.000,0.000,0.000,0.000,0.000,0.000,0.000,0.000,0.000,0.000
23a,old,19,0.000,0.000,0.000,0.000,0.000,0.000,0.000,0.000,0.000,0.000,0.000,0.000,0.000
23a,old,20,0.000,0.000,0.000,0.000,0.000,0.000,0.000,0.000,0.000,0.000,0.000,0.000,0.000
23a,old,21,0.000,0.000,0.000,0.000,0.000,0.000,0.000,0.000,0.000,0.000,0.000,0.000,0.000
23a,old,22,0.000,0.000,0.000,0.000,0.000,0.000,0.000,0.000,0.000,0.000,0.000,0.000,0.000
23a,old,23,0.000,0.000,0.000,0.000,0.000,0.000,0.000,0.000,0.000,0.000,0.000,0.000,0.000
23a,old,24,0.000,0.000,0.000,0.000,0.000,0.000,0.000,0.000,0.000,0.000,0.000,0.000,0.000
23b,old,0,0.000,0.000,0.000,0.000,0.000,0.000,0.000,0.000,0.000,0.000,0.000,0.000,0.000
23b,old,1,0.000,0.000,0.000,0.000,0.000,0.000,0.000,0.000,0.000,0.000,1251.000,0.000,0.000
23b,old,2,0.000,0.000,0.000,0.000,0.000,0.000,0.000,0.000,0.000,0.000,0.000,0.000,0.000
23b,old,3,0.000,0.000,0.000,0.000,0.000,0.000,0.000,0.000,0.000,0.000,0.000,0.000,0.000
23b,old,4,0.000,0.000,0.000,0.000,0.000,0.000,0.000,0.000,0.000,0.000,0.000,0.000,0.000
23b,old,5,0.000,0.000,0.000,0.000,0.000,0.000,0.000,0.000,0.000,0.000,1350.000,0.000,0.000
23b,old,6,0.000,0.000,0.000,0.000,0.000,0.000,0.000,0.000,0.000,0.000,1137.000,0.000,0.000
23b,old,7,0.000,0.000,0.000,0.000,0.000,0.000,0.000,0.000,0.000,0.000,1401.000,1.000,0.000
23b,old,8,0.000,0.000,0.000,0.000,0.000,0.000,0.000,0.000,0.000,0.000,1300.000,0.000,0.000
23b,old,9,0.000,0.000,0.000,0.000,0.000,0.000,0.000,0.000,0.000,0.000,0.000,0.000,0.000
23b,old,10,0.000,0.000,0.000,0.000,0.000,0.000,0.000,0.000,0.000,0.000,0.000,0.000,0.000
23b,old,11,0.000,0.000,0.000,0.000,0.000,0.000,0.000,0.000,0.000,0.000,0.000,0.000,0.000
23b,old,12,0.000,0.000,0.000,0.000,0.000,0.000,0.000,0.000,0.000,0.000,0.000,0.000,0.000
23b,old,13,0.000,0.000,0.000,0.000,0.000,0.000,0.000,0.000,0.000,0.000,0.000,0.000,0.000
23b,old,14,0.000,0.000,0.000,0.000,0.000,0.000,0.000,0.000,0.000,0.000,0.000,0.000,0.000
23b,old,15,0.000,0.000,0.000,0.000,0.000,0.000,0.000,0.000,0.000,0.000,0.000,0.000,0.000
23b,old,16,0.000,0.000,0.000,0.000,0.000,0.000,0.000,0.000,0.000,0.000,0.000,0.000,0.000
23b,old,17,0.000,0.000,0.000,0.000,0.000,0.000,0.000,0.000,0.000,0.000,0.000,0.000,0.000
23b,old,18,0.000,0.000,0.000,0.000,0.000,0.000,0.000,0.000,0.000,0.000,0.000,0.000,0.000
23b,old,19,0.000,0.000,0.000,0.000,0.000,0.000,0.000,0.000,0.000,0.000,0.000,0.000,0.000
23b,old,20,0.000,0.000,0.000,0.000,0.000,0.000,0.000,0.000,0.000,0.000,0.000,0.000,0.000
23b,old,21,0.000,0.000,0.000,0.000,0.000,0.000,0.000,0.000,0.000,0.000,0.000,0.000,0.000
23b,old,22,0.000,0.000,0.000,0.000,0.000,0.000,0.000,0.000,0.000,0.000,0.000,0.000,0.000
23b,old,23,0.000,0.000,0.000,0.000,0.000,0.000,0.000,0.000,0.000,0.000,0.000,0.000,0.000
23b,old,24,0.000,0.000,0.000,0.000,0.000,0.000,0.000,0.000,0.000,0.000,0.000,0.000,0.000
23c,old,0,0.000,0.000,0.000,0.000,0.000,0.000,0.000,0.000,0.000,0.000,0.000,0.000,0.000
23c,old,1,0.000,0.000,0.000,0.000,0.000,0.000,0.000,0.000,0.000,0.000,1165.000,0.000,0.000
23c,old,2,0.000,0.000,0.000,0.000,0.000,0.000,0.000,0.000,0.000,0.000,1189.000,0.000,0.000
23c,old,3,0.000,0.000,0.000,0.000,0.000,0.000,0.000,0.000,0.000,0.000,0.000,0.000,0.000
23c,old,4,0.000,0.000,0.000,0.000,0.000,0.000,0.000,0.000,0.000,0.000,1201.000,0.000,0.000
23c,old,5,0.000,0.000,0.000,0.000,0.000,0.000,0.000,0.000,0.000,0.000,1263.000,0.000,0.000
23c,old,6,0.000,0.000,0.000,0.000,0.000,0.000,0.000,0.000,0.000,0.000,1449.000,0.000,0.000
23c,old,7,0.000,0.000,0.000,0.000,0.000,0.000,0.000,0.000,0.000,0.000,1201.000,0.000,0.000
23c,old,8,0.000,0.000,0.000,0.000,0.000,0.000,0.000,0.000,0.000,0.000,1148.000,0.000,0.000
23c,old,9,0.000,0.000,0.000,0.000,0.000,0.000,0.000,0.000,0.000,0.000,1158.000,0.000,0.000
23c,old,10,0.000,0.000,0.000,0.000,0.000,0.000,0.000,0.000,0.000,0.000,0.000,0.000,0.000
23c,old,11,0.000,0.000,0.000,0.000,0.000,0.000,0.000,0.000,0.000,0.000,0.000,0.000,0.000
23c,old,12,0.000,0.000,0.000,0.000,0.000,0.000,0.000,0.000,0.000,0.000,0.000,0.000,0.000
23c,old,13,0.000,0.000,0.000,0.000,0.000,0.000,0.000,0.000,0.000,0.000,0.000,0.000,0.000
23c,old,14,0.000,0.000,0.000,0.000,0.000,0.000,0.000,0.000,0.000,0.000,0.000,0.000,0.000
23c,old,15,0.000,0.000,0.000,0.000,0.000,0.000,0.000,0.000,0.000,0.000,0.000,0.000,0.000
23c,old,16,0.000,0.000,0.000,0.000,0.000,0.000,0.000,0.000,0.000,0.000,0.000,0.000,0.000
23c,old,17,0.000,0.000,0.000,0.000,0.000,0.000,0.000,0.000,0.000,0.000,0.000,0.000,0.000
23c,old,18,0.000,0.000,0.000,0.000,0.000,0.000,0.000,0.000,0.000,0.000,0.000,0.000,0.000
23c,old,19,0.000,0.000,0.000,0.000,0.000,0.000,0.000,0.000,0.000,0.000,0.000,0.000,0.000
23c,old,20,0.000,0.000,0.000,0.000,0.000,0.000,0.000,0.000,0.000,0.000,0.000,0.000,0.000
23c,old,21,0.000,0.000,0.000,0.000,0.000,0.000,0.000,0.000,0.000,0.000,0.000,0.000,0.000
23c,old,22,0.000,0.000,0.000,0.000,0.000,0.000,0.000,0.000,0.000,0.000,0.000,0.000,0.000
23c,old,23,0.000,0.000,0.000,0.000,0.000,0.000,0.000,0.000,0.000,0.000,0.000,0.000,0.000
23c,old,24,0.000,0.000,0.000,0.000,0.000,0.000,0.000,0.000,0.000,0.000,0.000,0.000,0.000
23c,old,25,0.000,0.000,0.000,0.000,0.000,0.000,0.000,0.000,0.000,0.000,0.000,0.000,0.000
23c,old,26,0.000,0.000,0.000,0.000,0.000,0.000,0.000,0.000,0.000,0.000,0.000,2.000,0.000
23c,old,27,0.000,0.000,0.000,0.000,0.000,0.000,0.000,0.000,0.000,0.000,0.000,0.000,0.000
24a,old,0,0.000,0.000,0.000,0.000,0.000,0.000,0.000,0.000,0.000,0.000,0.000,0.000,0.000
24a,old,1,0.000,0.000,0.000,0.000,0.000,0.000,0.000,0.000,0.000,0.000,1075.000,0.000,0.000
24a,old,2,0.000,0.000,0.000,0.000,0.000,0.000,0.000,0.000,0.000,0.000,0.000,0.000,0.000
24a,old,3,0.000,0.000,0.000,0.000,0.000,0.000,0.000,0.000,0.000,0.000,0.000,0.000,0.000
24a,old,4,0.000,0.000,0.000,0.000,0.000,0.000,0.000,0.000,0.000,0.000,1165.000,0.000,0.000
24a,old,5,0.000,0.000,0.000,0.000,0.000,0.000,0.000,0.000,0.000,0.000,1317.000,0.000,0.000
24a,old,6,0.000,0.000,0.000,0.000,0.000,0.000,0.000,0.000,0.000,0.000,1085.000,0.000,0.000
24a,old,7,0.000,0.000,0.000,0.000,0.000,0.000,0.000,0.000,0.000,0.000,1396.000,0.000,0.000
24a,old,8,0.000,0.000,0.000,0.000,0.000,0.000,0.000,0.000,0.000,0.000,0.000,0.000,0.000
24a,old,9,0.000,0.000,0.000,0.000,0.000,0.000,0.000,0.000,0.000,0.000,1258.000,0.000,0.000
24a,old,10,0.000,0.000,0.000,0.000,0.000,0.000,0.000,0.000,0.000,0.000,1154.000,0.000,0.000
24a,old,11,0.000,0.000,0.000,0.000,0.000,0.000,0.000,0.000,0.000,0.000,0.000,0.000,0.000
24a,old,12,0.000,0.000,0.000,0.000,0.000,0.000,0.000,0.000,0.000,0.000,0.000,1.000,0.000
24a,old,13,0.000,0.000,0.000,1.000,0.000,1.000,0.000,0.000,0.000,0.000,0.000,1.000,0.000
24a,old,14,0.000,0.000,0.000,0.000,0.000,0.000,0.000,0.000,0.000,0.000,0.000,0.000,0.000
24a,old,15,0.000,0.000,0.000,0.000,0.000,0.000,0.000,0.000,0.000,0.000,0.000,0.000,0.000
24a,old,16,0.000,0.000,0.000,0.000,0.000,0.000,0.000,0.000,0.000,0.000,0.000,0.000,0.000
24a,old,17,0.000,0.000,0.000,0.000,0.000,0.000,0.000,0.000,0.000,0.000,0.000,0.000,0.000
24a,old,18,0.000,0.000,0.000,0.000,0.000,0.000,0.000,0.000,0.000,0.000,0.000,0.000,0.000
24a,old,19,0.000,0.000,0.000,0.000,0.000,0.000,0.000,0.000,0.000,0.000,0.000,0.000,0.000
24a,old,20,0.000,0.000,0.000,0.000,0.000,0.000,0.000,0.000,0.000,0.000,0.000,0.000,0.000
24a,old,21,0.000,0.000,0.000,0.000,0.000,0.000,0.000,0.000,0.000,0.000,0.000,0.000,0.000
24a,old,22,0.000,0.000,0.000,0.000,0.000,0.000,0.000,0.000,0.000,0.000,0.000,1.000,0.000
24a,old,23,0.000,0.000,0.000,0.000,0.000,0.000,0.000,0.000,0.000,0.000,0.000,0.000,0.000
24a,old,24,0.000,0.000,0.000,0.000,0.000,0.000,0.000,0.000,0.000,0.000,0.000,0.000,0.000
24a,old,25,0.000,0.000,0.000,0.000,0.000,0.000,0.000,0.000,0.000,0.000,0.000,0.000,0.000
24a,old,26,0.000,0.000,0.000,0.000,0.000,0.000,0.000,0.000,0.000,0.000,0.000,0.000,0.000
24a,old,27,0.000,0.000,0.000,0.000,0.000,0.000,0.000,0.000,0.000,0.000,0.000,0.000,0.000
24a,old,28,0.000,0.000,0.000,0.000,0.000,0.000,0.000,0.000,0.000,0.000,0.000,0.000,0.000
24a,old,29,0.000,0.000,0.000,0.000,0.000,0.000,0.000,0.000,0.000,0.000,0.000,0.000,0.000
24a,old,30,0.000,0.000,0.000,0.000,0.000,0.000,0.000,0.000,0.000,0.000,0.000,1.000,0.000
24b,old,0,0.000,0.000,0.000,0.000,0.000,0.000,0.000,0.000,0.000,0.000,0.000,0.000,0.000
24b,old,1,0.000,0.000,0.000,0.000,0.000,0.000,0.000,0.000,0.000,0.000,1146.000,0.000,0.000
24b,old,2,0.000,0.000,0.000,0.000,0.000,0.000,0.000,0.000,0.000,0.000,1161.000,0.000,0.000
24b,old,3,0.000,0.000,0.000,0.000,0.000,0.000,0.000,0.000,0.000,0.000,0.000,0.000,0.000
24b,old,4,0.000,0.000,0.000,0.000,0.000,0.000,0.000,0.000,0.000,0.000,1351.000,0.000,0.000
24b,old,5,0.000,0.000,0.000,0.000,0.000,0.000,0.000,0.000,0.000,0.000,0.000,0.000,0.000
24b,old,6,0.000,0.000,0.000,0.000,0.000,0.000,0.000,0.000,0.000,0.000,1368.000,0.000,0.000
24b,old,7,0.000,0.000,0.000,0.000,0.000,0.000,0.000,0.000,0.000,0.000,0.000,0.000,0.000
24b,old,8,0.000,0.000,0.000,0.000,0.000,0.000,0.000,0.000,0.000,0.000,1359.000,0.000,0.000
24b,old,9,0.000,0.000,0.000,0.000,0.000,0.000,0.000,0.000,0.000,0.000,1323.000,0.000,0.000
24b,old,10,0.000,0.000,0.000,0.000,0.000,0.000,0.000,0.000,0.000,0.000,0.000,0.000,0.000
24b,old,11,0.000,0.000,0.000,0.000,0.000,0.000,0.000,0.000,0.000,0.000,0.000,0.000,0.000
24b,old,12,0.000,0.000,0.000,0.000,0.000,0.000,0.000,0.000,0.000,0.000,0.000,0.000,0.000
24b,old,13,0.000,0.000,0.000,0.000,0.000,0.000,0.000,0.000,0.000,0.000,0.000,0.000,0.000
24b,old,14,0.000,0.000,0.000,0.000,0.000,0.000,0.000,0.000,0.000,0.000,0.000,0.000,0.000
24b,old,15,0.000,0.000,0.000,0.000,0.000,0.000,0.000,0.000,0.000,0.000,0.000,0.000,0.000
24b,old,16,0.000,0.000,0.000,0.000,0.000,0.000,0.000,0.000,0.000,0.000,0.000,0.000,0.000
24b,old,17,0.000,0.000,0.000,0.000,0.000,0.000,0.000,0.000,0.000,0.000,0.000,0.000,0.000
24b,old,18,0.000,0.000,0.000,0.000,0.000,0.000,0.000,0.000,0.000,0.000,0.000,2.000,0.000
24b,old,19,0.000,0.000,0.000,0.000,0.000,0.000,0.000,0.000,0.000,0.000,0.000,0.000,0.000
24b,old,20,0.000,0.000,0.000,0.000,0.000,0.000,0.000,0.000,0.000,0.000,0.000,0.000,0.000
24b,old,21,0.000,0.000,0.000,0.000,0.000,0.000,0.000,0.000,0.000,0.000,0.000,0.000,0.000
24b,old,22,0.000,0.000,0.000,0.000,0.000,0.000,0.000,0.000,0.000,0.000,0.000,0.000,0.000
24b,old,23,0.000,0.000,0.000,0.000,0.000,0.000,0.000,0.000,0.000,0.000,0.000,0.000,0.000
24b,old,24,0.000,0.000,0.000,0.000,0.000,0.000,0.000,0.000,0.000,0.000,0.000,0.000,0.000
24b,old,25,0.000,0.000,0.000,0.000,0.000,0.000,0.000,0.000,0.000,0.000,0.000,0.000,0.000
24b,old,26,0.000,0.000,0.000,0.000,0.000,0.000,0.000,0.000,0.000,0.000,0.000,0.000,0.000
24b,old,27,0.000,0.000,0.000,0.000,0.000,0.000,0.000,0.000,0.000,0.000,0.000,0.000,0.000
25a,old,0,0.000,0.000,0.000,0.000,0.000,0.000,0.000,0.000,0.000,0.000,0.000,0.000,0.000
25a,old,1,0.000,0.000,0.000,0.000,0.000,0.000,0.000,0.000,0.000,0.000,1091.000,0.000,0.000
25a,old,2,0.000,0.000,0.000,0.000,0.000,0.000,0.000,0.000,0.000,0.000,1157.000,0.000,0.000
25a,old,3,0.000,0.000,0.000,0.000,0.000,0.000,0.000,0.000,0.000,0.000,0.000,0.000,0.000
25a,old,4,0.000,0.000,0.000,0.000,0.000,0.000,0.000,0.000,0.000,0.000,0.000,0.000,0.000
25a,old,5,0.000,0.000,0.000,0.000,0.000,0.000,0.000,0.000,0.000,0.000,1529.000,1.000,0.000
25a,old,6,0.000,0.000,0.000,0.000,0.000,0.000,0.000,0.000,0.000,0.000,1341.000,0.000,0.000
25a,old,7,0.000,0.000,0.000,0.000,0.000,0.000,0.000,0.000,0.000,0.000,1338.000,0.000,0.000
25a,old,8,0.000,0.000,0.000,0.000,0.000,0.000,0.000,0.000,0.000,0.000,0.000,0.000,0.000
25a,old,9,0.000,0.000,0.000,0.000,0.000,0.000,0.000,0.000,0.000,0.000,0.000,0.000,0.000
25a,old,10,0.000,0.000,0.000,0.000,0.000,0.000,0.000,0.000,0.000,0.000,0.000,1.000,0.000
25a,old,11,0.000,0.000,0.000,0.000,0.000,0.000,0.000,0.000,0.000,0.000,0.000,0.000,0.000
25a,old,12,0.000,0.000,0.000,0.000,0.000,0.000,0.000,0.000,0.000,0.000,0.000,1.000,0.000
25a,old,13,0.000,0.000,0.000,0.000,0.000,0.000,0.000,0.000,0.000,0.000,0.000,1.000,0.000
25a,old,14,0.000,0.000,0.000,0.000,0.000,0.000,0.000,0.000,0.000,0.000,0.000,0.000,0.000
25a,old,15,0.000,0.000,0.000,0.000,0.000,0.000,0.000,0.000,0.000,0.000,0.000,0.000,0.000
25a,old,16,0.000,0.000,0.000,0.000,0.000,0.000,0.000,0.000,0.000,0.000,0.000,0.000,0.000
25a,old,17,0.000,0.000,0.000,0.000,0.000,0.000,0.000,0.000,0.000,0.000,0.000,1.000,0.000
25a,old,18,0.000,0.000,0.000,0.000,0.000,0.000,0.000,0.000,0.000,0.000,0.000,0.000,0.000
25a,old,19,0.000,0.000,0.000,0.000,0.000,0.000,0.000,0.000,0.000,0.000,0.000,1.000,0.000
25a,old,20,0.000,0.000,0.000,0.000,0.000,0.000,0.000,0.000,0.000,0.000,0.000,1.000,0.000
25a,old,21,0.000,0.000,0.000,0.000,0.000,0.000,0.000,0.000,0.000,0.000,0.000,1.000,0.000
25b,old,0,0.000,0.000,0.000,0.000,0.000,0.000,0.000,0.000,0.000,0.000,0.000,0.000,0.000
25b,old,1,0.000,0.000,0.000,0.000,0.000,0.000,0.000,0.000,0.000,0.000,1173.000,0.000,0.000
25b,old,2,0.000,0.000,0.000,0.000,0.000,0.000,0.000,0.000,0.000,0.000,1172.000,0.000,0.000
25b,old,3,0.000,0.000,0.000,0.000,0.000,0.000,0.000,0.000,0.000,0.000,1262.000,0.000,0.000
25b,old,4,0.000,0.000,0.000,0.000,0.000,0.000,0.000,0.000,0.000,0.000,1240.000,0.000,0.000
25b,old,5,0.000,0.000,0.000,0.000,0.000,0.000,0.000,0.000,0.000,0.000,0.000,0.000,0.000
25b,old,6,0.000,0.000,0.000,0.000,0.000,0.000,0.000,0.000,0.000,0.000,1324.000,0.000,0.000
25b,old,7,0.000,0.000,0.000,0.000,0.000,0.000,0.000,0.000,0.000,0.000,1224.000,0.000,0.000
25b,old,8,0.000,0.000,0.000,0.000,0.000,0.000,0.000,0.000,0.000,0.000,0.000,0.000,0.000
25b,old,9,0.000,0.000,0.000,0.000,0.000,0.000,0.000,0.000,0.000,0.000,0.000,0.000,0.000
25b,old,10,0.000,0.000,0.000,0.000,0.000,0.000,0.000,0.000,0.000,0.000,0.000,0.000,0.000
25b,old,11,0.000,0.000,0.000,0.000,0.000,0.000,0.000,0.000,0.000,0.000,0.000,0.000,0.000
25b,old,12,0.000,0.000,0.000,0.000,0.000,0.000,0.000,0.000,0.000,0.000,0.000,0.000,0.000
25b,old,13,0.000,0.000,0.000,0.000,0.000,0.000,0.000,0.000,0.000,0.000,0.000,0.000,0.000
25b,old,14,0.000,0.000,0.000,0.000,0.000,0.000,0.000,0.000,0.000,0.000,0.000,0.000,0.000
25b,old,15,0.000,0.000,0.000,0.000,0.000,0.000,0.000,0.000,0.000,0.000,0.000,0.000,0.000
25b,old,16,0.000,0.000,0.000,0.000,0.000,0.000,0.000,0.000,0.000,0.000,0.000,0.000,0.000
25b,old,17,0.000,0.000,0.000,0.000,0.000,0.000,0.000,0.000,0.000,0.000,0.000,0.000,0.000
25b,old,18,0.000,0.000,0.000,0.000,0.000,0.000,0.000,0.000,0.000,0.000,0.000,0.000,0.000
25b,old,19,0.000,0.000,0.000,0.000,0.000,0.000,0.000,0.000,0.000,0.000,0.000,0.000,0.000
25b,old,20,0.000,0.000,0.000,0.000,0.000,0.000,0.000,0.000,0.000,0.000,0.000,0.000,0.000
25b,old,21,0.000,0.000,0.000,0.000,0.000,0.000,0.000,0.000,0.000,0.000,0.000,0.000,0.000
25c,old,0,0.000,0.000,0.000,0.000,0.000,0.000,0.000,0.000,0.000,0.000,0.000,0.000,0.000
25c,old,1,0.000,0.000,0.000,0.000,0.000,0.000,0.000,0.000,0.000,0.000,1195.000,0.000,0.000
25c,old,2,0.000,0.000,0.000,0.000,0.000,0.000,0.000,0.000,0.000,0.000,0.000,2.000,0.000
25c,old,3,0.000,0.000,0.000,0.000,0.000,0.000,0.000,0.000,0.000,0.000,1186.000,1.000,0.000
25c,old,4,0.000,0.000,0.000,0.000,0.000,0.000,0.000,0.000,0.000,0.000,0.000,0.000,0.000
25c,old,5,0.000,0.000,0.000,0.000,0.000,0.000,0.000,0.000,0.000,0.000,1401.000,1.000,0.000
25c,old,6,0.000,0.000,0.000,0.000,0.000,0.000,0.000,0.000,0.000,0.000,1476.000,0.000,0.000
25c,old,7,0.000,0.000,0.000,0.000,0.000,0.000,0.000,0.000,0.000,0.000,1191.000,0.000,0.000
25c,old,8,0.000,0.000,0.000,0.000,0.000,0.000,0.000,0.000,0.000,0.000,0.000,0.000,0.000
25c,old,9,0.000,0.000,0.000,0.000,0.000,0.000,0.000,0.000,0.000,0.000,0.000,1.000,0.000
25c,old,10,0.000,0.000,0.000,0.000,0.000,0.000,0.000,0.000,0.000,0.000,0.000,1.000,0.000
25c,old,11,0.000,0.000,0.000,0.000,0.000,0.000,0.000,0.000,0.000,0.000,0.000,0.000,0.000
25c,old,12,0.000,0.000,0.000,0.000,0.000,0.000,0.000,0.000,0.000,0.000,0.000,3.000,0.000
25c,old,13,0.000,0.000,0.000,0.000,0.000,0.000,0.000,0.000,0.000,0.000,0.000,0.000,0.000
25c,old,14,0.000,0.000,0.000,0.000,0.000,0.000,0.000,0.000,0.000,0.000,0.000,0.000,0.000
25c,old,15,0.000,0.000,0.000,0.000,0.000,0.000,0.000,0.000,0.000,0.000,0.000,0.000,0.000
25c,old,16,0.000,0.000,0.000,0.000,0.000,0.000,0.000,0.000,0.000,0.000,0.000,1.000,0.000
25c,old,17,0.000,0.000,0.000,0.000,0.000,0.000,0.000,0.000,0.000,0.000,0.000,1.000,0.000
25c,old,18,0.000,0.000,0.000,0.000,0.000,0.000,0.000,0.000,0.000,0.000,0.000,0.000,0.000
25c,old,19,0.000,0.000,0.000,6.000,0.000,6.000,0.000,0.000,0.000,0.000,0.000,7.000,0.000
25c,old,20,0.000,0.000,0.000,0.000,0.000,0.000,0.000,0.000,0.000,0.000,0.000,0.000,0.000
25c,old,21,0.000,0.000,0.000,0.000,0.000,0.000,0.000,0.000,0.000,0.000,0.000,0.000,0.000
26a,old,0,0.000,0.000,0.000,0.000,0.000,0.000,0.000,0.000,0.000,0.000,0.000,0.000,0.000
26a,old,1,0.000,0.000,0.000,0.000,0.000,0.000,0.000,0.000,0.000,0.000,1237.000,0.000,0.000
26a,old,2,0.000,0.000,0.000,0.000,0.000,0.000,0.000,0.000,0.000,0.000,0.000,0.000,0.000
26a,old,3,0.000,0.000,0.000,0.000,0.000,0.000,0.000,0.000,0.000,0.000,0.000,1.000,0.000
26a,old,4,0.000,0.000,0.000,0.000,0.000,0.000,0.000,0.000,0.000,0.000,0.000,0.000,0.000
26a,old,5,0.000,0.000,0.000,0.000,0.000,0.000,0.000,0.000,0.000,0.000,1240.000,0.000,0.000
26a,old,6,0.000,0.000,0.000,0.000,0.000,0.000,0.000,0.000,0.000,0.000,1275.000,0.000,0.000
26a,old,7,0.000,0.000,0.000,0.000,0.000,0.000,0.000,0.000,0.000,0.000,1238.000,0.000,0.000
26a,old,8,0.000,0.000,0.000,0.000,0.000,0.000,0.000,0.000,0.000,0.000,1302.000,15.000,0.000
26a,old,9,0.000,0.000,0.000,0.000,0.000,0.000,0.000,0.000,0.000,0.000,1196.000,2.000,0.000
26a,old,10,0.000,0.000,0.000,0.000,0.000,0.000,0.000,0.000,0.000,0.000,0.000,0.000,0.000
26a,old,11,0.000,0.000,0.000,0.000,0.000,0.000,0.000,0.000,0.000,0.000,0.000,0.000,0.000
26a,old,12,0.000,0.000,0.000,0.000,0.000,0.000,0.000,0.000,0.000,0.000,0.000,4.000,0.000
26a,old,13,0.000,0.000,0.000,0.000,0.000,0.000,0.000,0.000,0.000,0.000,0.000,0.000,0.000
26a,old,14,0.000,0.000,0.000,0.000,0.000,0.000,0.000,0.000,0.000,0.000,0.000,0.000,0.000
26a,old,15,0.000,0.000,0.000,0.000,0.000,0.000,0.000,0.000,0.000,0.000,0.000,0.000,0.000
26a,old,16,0.000,0.000,0.000,0.000,0.000,0.000,0.000,0.000,0.000,0.000,0.000,0.000,0.000
26a,old,17,0.000,0.000,0.000,0.000,0.000,0.000,0.000,0.000,0.000,0.000,0.000,15.000,0.000
26a,old,18,0.000,0.000,0.000,0.000,0.000,0.000,0.000,0.000,0.000,0.000,0.000,2.000,0.000
26a,old,19,0.000,0.000,0.000,0.000,0.000,0.000,0.000,0.000,0.000,0.000,0.000,0.000,0.000
26a,old,20,0.000,0.000,0.000,0.000,0.000,0.000,0.000,0.000,0.000,0.000,0.000,0.000,0.000
26a,old,21,0.000,0.000,0.000,0.000,0.000,0.000,0.000,0.000,0.000,0.000,0.000,1.000,0.000
26a,old,22,0.000,0.000,0.000,0.000,0.000,0.000,0.000,0.000,0.000,0.000,0.000,0.000,0.000
26a,old,23,0.000,0.000,0.000,0.000,0.000,0.000,0.000,0.000,0.000,0.000,0.000,0.000,0.000
26a,old,24,0.000,0.000,0.000,0.000,0.000,0.000,0.000,0.000,0.000,0.000,0.000,0.000,0.000
26a,old,25,0.000,0.000,0.000,0.000,0.000,0.000,0.000,0.000,0.000,0.000,0.000,0.000,0.000
26a,old,26,0.000,0.000,0.000,0.000,0.000,0.000,0.000,0.000,0.000,0.000,0.000,20.000,0.000
26a,old,27,0.000,0.000,0.000,0.000,0.000,0.000,0.000,0.000,0.000,0.000,0.000,2.000,0.000
26b,old,0,0.000,0.000,0.000,0.000,0.000,0.000,0.000,0.000,0.000,0.000,0.000,0.000,0.000
26b,old,1,0.000,0.000,0.000,0.000,0.000,0.000,0.000,0.000,0.000,0.000,1164.000,0.000,0.000
26b,old,2,0.000,0.000,0.000,0.000,0.000,0.000,0.000,0.000,0.000,0.000,0.000,0.000,0.000
26b,old,3,0.000,0.000,0.000,0.000,0.000,0.000,0.000,0.000,0.000,0.000,1331.000,0.000,0.000
26b,old,4,0.000,0.000,0.000,0.000,0.000,0.000,0.000,0.000,0.000,0.000,0.000,0.000,0.000
26b,old,5,0.000,0.000,0.000,0.000,0.000,0.000,0.000,0.000,0.000,0.000,1498.000,0.000,0.000
26b,old,6,0.000,0.000,0.000,0.000,0.000,0.000,0.000,0.000,0.000,0.000,1474.000,0.000,0.000
26b,old,7,0.000,0.000,0.000,0.000,0.000,0.000,0.000,0.000,0.000,0.000,0.000,0.000,0.000
26b,old,8,0.000,0.000,0.000,0.000,0.000,0.000,0.000,0.000,0.000,0.000,1499.000,6.000,0.000
26b,old,9,0.000,0.000,0.000,0.000,0.000,0.000,0.000,0.000,0.000,0.000,1234.000,0.000,0.000
26b,old,10,0.000,0.000,0.000,0.000,0.000,0.000,0.000,0.000,0.000,0.000,0.000,0.000,0.000
26b,old,11,0.000,0.000,0.000,0.000,0.000,0.000,0.000,0.000,0.000,0.000,0.000,0.000,0.000
26b,old,12,0.000,0.000,0.000,0.000,0.000,0.000,0.000,0.000,0.000,0.000,0.000,0.000,0.000
26b,old,13,0.000,0.000,0.000,0.000,0.000,0.000,0.000,0.000,0.000,0.000,0.000,2.000,0.000
26b,old,14,0.000,0.000,0.000,0.000,0.000,0.000,0.000,0.000,0.000,0.000,0.000,0.000,0.000
26b,old,15,0.000,0.000,0.000,0.000,0.000,0.000,0.000,0.000,0.000,0.000,0.000,0.000,0.000
26b,old,16,0.000,0.000,0.000,0.000,0.000,0.000,0.000,0.000,0.000,0.000,0.000,0.000,0.000
26b,old,17,0.000,0.000,0.000,0.000,0.000,0.000,0.000,0.000,0.000,0.000,0.000,7.000,0.000
26b,old,18,0.000,0.000,0.000,0.000,0.000,0.000,0.000,0.000,0.000,0.000,0.000,0.000,0.000
26b,old,19,0.000,0.000,0.000,0.000,0.000,0.000,0.000,0.000,0.000,0.000,0.000,0.000,0.000
26b,old,20,0.000,0.000,0.000,0.000,0.000,0.000,0.000,0.000,0.000,0.000,0.000,0.000,0.000
26b,old,21,0.000,0.000,0.000,0.000,0.000,0.000,0.000,0.000,0.000,0.000,0.000,0.000,0.000
26b,old,22,0.000,0.000,0.000,0.000,0.000,0.000,0.000,0.000,0.000,0.000,0.000,0.000,0.000
26b,old,23,0.000,0.000,0.000,0.000,0.000,0.000,0.000,0.000,0.000,0.000,0.000,0.000,0.000
26b,old,24,0.000,0.000,0.000,0.000,0.000,0.000,0.000,0.000,0.000,0.000,0.000,1.000,0.000
26b,old,25,0.000,0.000,0.000,0.000,0.000,0.000,0.000,0.000,0.000,0.000,0.000,0.000,0.000
26b,old,26,0.000,0.000,0.000,0.000,0.000,0.000,0.000,0.000,0.000,0.000,0.000,6.000,0.000
26b,old,27,0.000,0.000,0.000,0.000,0.000,0.000,0.000,0.000,0.000,0.000,0.000,0.000,0.000
26c,old,0,0.000,0.000,0.000,0.000,0.000,0.000,0.000,0.000,0.000,0.000,0.000,0.000,0.000
26c,old,1,0.000,0.000,0.000,0.000,0.000,0.000,0.000,0.000,0.000,0.000,1222.000,0.000,0.000
26c,old,2,0.000,0.000,0.000,0.000,0.000,0.000,0.000,0.000,0.000,0.000,0.000,0.000,0.000
26c,old,3,0.000,0.000,0.000,0.000,0.000,0.000,0.000,0.000,0.000,0.000,0.000,1.000,0.000
26c,old,4,0.000,0.000,0.000,0.000,0.000,0.000,0.000,0.000,0.000,0.000,0.000,0.000,0.000
26c,old,5,0.000,0.000,0.000,0.000,0.000,0.000,0.000,0.000,0.000,0.000,1390.000,0.000,0.000
26c,old,6,0.000,0.000,0.000,0.000,0.000,0.000,0.000,0.000,0.000,0.000,1484.000,0.000,0.000
26c,old,7,0.000,0.000,0.000,0.000,0.000,0.000,0.000,0.000,0.000,0.000,1248.000,0.000,0.000
26c,old,8,0.000,0.000,0.000,0.000,0.000,0.000,0.000,0.000,0.000,0.000,1241.000,12.000,0.000
26c,old,9,0.000,0.000,0.000,0.000,0.000,0.000,0.000,0.000,0.000,0.000,1187.000,1.000,0.000
26c,old,10,0.000,0.000,0.000,0.000,0.000,0.000,0.000,0.000,0.000,0.000,0.000,0.000,0.000
26c,old,11,0.000,0.000,0.000,0.000,0.000,0.000,0.000,0.000,0.000,0.000,0.000,0.000,0.000
26c,old,12,0.000,0.000,0.000,0.000,0.000,0.000,0.000,0.000,0.000,0.000,0.000,1.000,0.000
26c,old,13,0.000,0.000,0.000,0.000,0.000,0.000,0.000,0.000,0.000,0.000,0.000,0.000,0.000
26c,old,14,0.000,0.000,0.000,0.000,0.000,0.000,0.000,0.000,0.000,0.000,0.000,0.000,0.000
26c,old,15,0.000,0.000,0.000,0.000,0.000,0.000,0.000,0.000,0.000,0.000,0.000,3.000,0.000
26c,old,16,0.000,0.000,0.000,0.000,0.000,0.000,0.000,0.000,0.000,0.000,0.000,0.000,0.000
26c,old,17,0.000,0.000,0.000,0.000,0.000,0.000,0.000,0.000,0.000,0.000,0.000,15.000,0.000
26c,old,18,0.000,0.000,0.000,0.000,0.000,0.000,0.000,0.000,0.000,0.000,0.000,1.000,0.000
26c,old,19,0.000,0.000,0.000,0.000,0.000,0.000,0.000,0.000,0.000,0.000,0.000,0.000,0.000
26c,old,20,0.000,0.000,0.000,0.000,0.000,0.000,0.000,0.000,0.000,0.000,0.000,0.000,0.000
26c,old,21,0.000,0.000,0.000,0.000,0.000,0.000,0.000,0.000,0.000,0.000,0.000,1.000,0.000
26c,old,22,0.000,0.000,0.000,0.000,0.000,0.000,0.000,0.000,0.000,0.000,0.000,0.000,0.000
26c,old,23,0.000,0.000,0.000,0.000,0.000,0.000,0.000,0.000,0.000,0.000,0.000,0.000,0.000
26c,old,24,0.000,0.000,0.000,0.000,0.000,0.000,0.000,0.000,0.000,0.000,0.000,0.000,0.000
26c,old,25,0.000,0.000,0.000,0.000,0.000,0.000,0.000,0.000,0.000,0.000,0.000,0.000,0.000
26c,old,26,0.000,0.000,0.000,0.000,0.000,0.000,0.000,0.000,0.000,0.000,0.000,13.000,0.000
26c,old,27,0.000,0.000,0.000,0.000,0.000,0.000,0.000,0.000,0.000,0.000,0.000,2.000,0.000
27a,old,0,0.000,0.000,0.000,0.000,0.000,0.000,0.000,0.000,0.000,0.000,0.000,0.000,0.000
27a,old,1,0.000,0.000,0.000,0.000,0.000,0.000,0.000,0.000,0.000,0.000,1094.000,0.000,0.000
27a,old,2,0.000,0.000,0.000,0.000,0.000,0.000,0.000,0.000,0.000,0.000,1104.000,0.000,0.000
27a,old,3,0.000,0.000,0.000,0.000,0.000,0.000,0.000,0.000,0.000,0.000,1157.000,0.000,0.000
27a,old,4,0.000,0.000,0.000,0.000,0.000,0.000,0.000,0.000,0.000,0.000,0.000,0.000,0.000
27a,old,5,0.000,0.000,0.000,0.000,0.000,0.000,0.000,0.000,0.000,0.000,1260.000,0.000,0.000
27a,old,6,0.000,0.000,0.000,0.000,0.000,0.000,0.000,0.000,0.000,0.000,0.000,0.000,0.000
27a,old,7,0.000,0.000,0.000,0.000,0.000,0.000,0.000,0.000,0.000,0.000,1457.000,0.000,0.000
27a,old,8,0.000,0.000,0.000,0.000,0.000,0.000,0.000,0.000,0.000,0.000,1177.000,0.000,0.000
27a,old,9,0.000,0.000,0.000,0.000,0.000,0.000,0.000,0.000,0.000,0.000,1188.000,0.000,0.000
27a,old,10,0.000,0.000,0.000,0.000,0.000,0.000,0.000,0.000,0.000,0.000,0.000,0.000,0.000
27a,old,11,0.000,0.000,0.000,0.000,0.000,0.000,0.000,0.000,0.000,0.000,0.000,0.000,0.000
27a,old,12,0.000,0.000,0.000,0.000,0.000,0.000,0.000,0.000,0.000,0.000,0.000,0.000,0.000
27a,old,13,0.000,0.000,0.000,0.000,0.000,0.000,0.000,0.000,0.000,0.000,0.000,0.000,0.000
27a,old,14,0.000,0.000,0.000,0.000,0.000,0.000,0.000,0.000,0.000,0.000,0.000,0.000,0.000
27a,old,15,0.000,0.000,0.000,0.000,0.000,0.000,0.000,0.000,0.000,0.000,0.000,0.000,0.000
27a,old,16,0.000,0.000,0.000,0.000,0.000,0.000,0.000,0.000,0.000,0.000,0.000,0.000,0.000
27a,old,17,0.000,0.000,0.000,0.000,0.000,0.000,0.000,0.000,0.000,0.000,0.000,0.000,0.000
27a,old,18,0.000,0.000,0.000,0.000,0.000,0.000,0.000,0.000,0.000,0.000,0.000,0.000,0.000
27a,old,19,0.000,0.000,0.000,0.000,0.000,0.000,0.000,0.000,0.000,0.000,0.000,0.000,0.000
27a,old,20,0.000,0.000,0.000,0.000,0.000,0.000,0.000,0.000,0.000,0.000,0.000,0.000,0.000
27a,old,21,0.000,0.000,0.000,0.000,0.000,0.000,0.000,0.000,0.000,0.000,0.000,0.000,0.000
27a,old,22,0.000,0.000,0.000,0.000,0.000,0.000,0.000,0.000,0.000,0.000,0.000,0.000,0.000
27a,old,23,0.000,0.000,0.000,0.000,0.000,0.000,0.000,0.000,0.000,0.000,0.000,0.000,0.000
27a,old,24,0.000,0.000,0.000,0.000,0.000,0.000,0.000,0.000,0.000,0.000,0.000,0.000,0.000
27a,old,25,0.000,0.000,0.000,0.000,0.000,0.000,0.000,0.000,0.000,0.000,0.000,0.000,0.000
27a,old,26,0.000,0.000,0.000,0.000,0.000,0.000,0.000,0.000,0.000,0.000,0.000,0.000,0.000
27a,old,27,0.000,0.000,0.000,0.000,0.000,0.000,0.000,0.000,0.000,0.000,0.000,0.000,0.000
27b,old,0,0.000,0.000,0.000,0.000,0.000,0.000,0.000,0.000,0.000,0.000,0.000,0.000,0.000
27b,old,1,0.000,0.000,0.000,0.000,0.000,0.000,0.000,0.000,0.000,0.000,1133.000,0.000,0.000
27b,old,2,0.000,0.000,0.000,0.000,0.000,0.000,0.000,0.000,0.000,0.000,1090.000,0.000,0.000
27b,old,3,0.000,0.000,0.000,0.000,0.000,0.000,0.000,0.000,0.000,0.000,1176.000,0.000,0.000
27b,old,4,0.000,0.000,0.000,0.000,0.000,0.000,0.000,0.000,0.000,0.000,0.000,0.000,0.000
27b,old,5,0.000,0.000,0.000,0.000,0.000,0.000,0.000,0.000,0.000,0.000,0.000,0.000,0.000
27b,old,6,0.000,0.000,0.000,0.000,0.000,0.000,0.000,0.000,0.000,0.000,1253.000,0.000,0.000
27b,old,7,0.000,0.000,0.000,0.000,0.000,0.000,0.000,0.000,0.000,0.000,1233.000,0.000,0.000
27b,old,8,0.000,0.000,0.000,0.000,0.000,0.000,0.000,0.000,0.000,0.000,1166.000,0.000,0.000
27b,old,9,0.000,0.000,0.000,0.000,0.000,0.000,0.000,0.000,0.000,0.000,1177.000,0.000,0.000
27b,old,10,0.000,0.000,0.000,0.000,0.000,0.000,0.000,0.000,0.000,0.000,0.000,0.000,0.000
27b,old,11,0.000,0.000,0.000,0.000,0.000,0.000,0.000,0.000,0.000,0.000,0.000,0.000,0.000
27b,old,12,0.000,0.000,0.000,0.000,0.000,0.000,0.000,0.000,0.000,0.000,0.000,0.000,0.000
27b,old,13,0.000,0.000,0.000,0.000,0.000,0.000,0.000,0.000,0.000,0.000,0.000,0.000,0.000
27b,old,14,0.000,0.000,0.000,0.000,0.000,0.000,0.000,0.000,0.000,0.000,0.000,0.000,0.000
27b,old,15,0.000,0.000,0.000,0.000,0.000,0.000,0.000,0.000,0.000,0.000,0.000,0.000,0.000
27b,old,16,0.000,0.000,0.000,0.000,0.000,0.000,0.000,0.000,0.000,0.000,0.000,0.000,0.000
27b,old,17,0.000,0.000,0.000,0.000,0.000,0.000,0.000,0.000,0.000,0.000,0.000,0.000,0.000
27b,old,18,0.000,0.000,0.000,0.000,0.000,0.000,0.000,0.000,0.000,0.000,0.000,0.000,0.000
27b,old,19,0.000,0.000,0.000,0.000,0.000,0.000,0.000,0.000,0.000,0.000,0.000,0.000,0.000
27b,old,20,0.000,0.000,0.000,0.000,0.000,0.000,0.000,0.000,0.000,0.000,0.000,0.000,0.000
27b,old,21,0.000,0.000,0.000,0.000,0.000,0.000,0.000,0.000,0.000,0.000,0.000,0.000,0.000
27b,old,22,0.000,0.000,0.000,0.000,0.000,0.000,0.000,0.000,0.000,0.000,0.000,0.000,0.000
27b,old,23,0.000,0.000,0.000,0.000,0.000,0.000,0.000,0.000,0.000,0.000,0.000,0.000,0.000
27b,old,24,0.000,0.000,0.000,0.000,0.000,0.000,0.000,0.000,0.000,0.000,0.000,0.000,0.000
27b,old,25,0.000,0.000,0.000,0.000,0.000,0.000,0.000,0.000,0.000,0.000,0.000,0.000,0.000
27b,old,26,0.000,0.000,0.000,0.000,0.000,0.000,0.000,0.000,0.000,0.000,0.000,0.000,0.000
27b,old,27,0.000,0.000,0.000,0.000,0.000,0.000,0.000,0.000,0.000,0.000,0.000,0.000,0.000
27c,old,0,0.000,0.000,0.000,0.000,0.000,0.000,0.000,0.000,0.000,0.000,0.000,0.000,0.000
27c,old,1,0.000,0.000,0.000,0.000,0.000,0.000,0.000,0.000,0.000,0.000,1185.000,0.000,0.000
27c,old,2,0.000,0.000,0.000,0.000,0.000,0.000,0.000,0.000,0.000,0.000,1159.000,0.000,0.000
27c,old,3,0.000,0.000,0.000,0.000,0.000,0.000,0.000,0.000,0.000,0.000,1340.000,0.000,0.000
27c,old,4,0.000,0.000,0.000,0.000,0.000,0.000,0.000,0.000,0.000,0.000,0.000,0.000,0.000
27c,old,5,0.000,0.000,0.000,0.000,0.000,0.000,0.000,0.000,0.000,0.000,0.000,0.000,0.000
27c,old,6,0.000,0.000,0.000,0.000,0.000,0.000,0.000,0.000,0.000,0.000,0.000,0.000,0.000
27c,old,7,0.000,0.000,0.000,0.000,0.000,0.000,0.000,0.000,0.000,0.000,1438.000,0.000,0.000
27c,old,8,0.000,0.000,0.000,0.000,0.000,0.000,0.000,0.000,0.000,0.000,1353.000,0.000,0.000
27c,old,9,0.000,0.000,0.000,0.000,0.000,0.000,0.000,0.000,0.000,0.000,1327.000,0.000,0.000
27c,old,10,0.000,0.000,0.000,0.000,0.000,0.000,0.000,0.000,0.000,0.000,0.000,0.000,0.000
27c,old,11,0.000,0.000,0.000,0.000,0.000,0.000,0.000,0.000,0.000,0.000,0.000,0.000,0.000
27c,old,12,0.000,0.000,0.000,0.000,0.000,0.000,0.000,0.000,0.000,0.000,0.000,0.000,0.000
27c,old,13,0.000,0.000,0.000,0.000,0.000,0.000,0.000,0.000,0.000,0.000,0.000,0.000,0.000
27c,old,14,0.000,0.000,0.000,0.000,0.000,0.000,0.000,0.000,0.000,0.000,0.000,0.000,0.000
27c,old,15,0.000,0.000,0.000,0.000,0.000,0.000,0.000,0.000,0.000,0.000,0.000,0.000,0.000
27c,old,16,0.000,0.000,0.000,0.000,0.000,0.000,0.000,0.000,0.000,0.000,0.000,0.000,0.000
27c,old,17,0.000,0.000,0.000,0.000,0.000,0.000,0.000,0.000,0.000,0.000,0.000,0.000,0.000
27c,old,18,0.000,0.000,0.000,0.000,0.000,0.000,0.000,0.000,0.000,0.000,0.000,0.000,0.000
27c,old,19,0.000,0.000,0.000,0.000,0.000,0.000,0.000,0.000,0.000,0.000,0.000,0.000,0.000
27c,old,20,0.000,0.000,0.000,0.000,0.000,0.000,0.000,0.000,0.000,0.000,0.000,0.000,0.000
27c,old,21,0.000,0.000,0.000,0.000,0.000,0.000,0.000,0.000,0.000,0.000,0.000,0.000,0.000
27c,old,22,0.000,0.000,0.000,0.000,0.000,0.000,0.000,0.000,0.000,0.000,0.000,0.000,0.000
27c,old,23,0.000,0.000,0.000,0.000,0.000,0.000,0.000,0.000,0.000,0.000,0.000,0.000,0.000
27c,old,24,0.000,0.000,0.000,0.000,0.000,0.000,0.000,0.000,0.000,0.000,0.000,0.000,0.000
27c,old,25,0.000,0.000,0.000,0.000,0.000,0.000,0.000,0.000,0.000,0.000,0.000,0.000,0.000
27c,old,26,0.000,0.000,0.000,0.000,0.000,0.000,0.000,0.000,0.000,0.000,0.000,0.000,0.000
27c,old,27,0.000,0.000,0.000,0.000,0.000,0.000,0.000,0.000,0.000,0.000,0.000,0.000,0.000
28a,old,0,0.000,0.000,0.000,0.000,0.000,0.000,0.000,0.000,0.000,0.000,0.000,0.000,0.000
28a,old,1,0.000,0.000,0.000,0.000,0.000,0.000,0.000,0.000,0.000,0.000,1225.000,0.000,0.000
28a,old,2,0.000,0.000,0.000,0.000,0.000,0.000,0.000,0.000,0.000,0.000,0.000,0.000,0.000
28a,old,3,0.000,0.000,0.000,0.000,0.000,0.000,0.000,0.000,0.000,0.000,0.000,0.000,0.000
28a,old,4,0.000,0.000,0.000,0.000,0.000,0.000,0.000,0.000,0.000,0.000,0.000,0.000,0.000
28a,old,5,0.000,0.000,0.000,0.000,0.000,0.000,0.000,0.000,0.000,0.000,0.000,1.000,0.000
28a,old,6,0.000,0.000,0.000,0.000,0.000,0.000,0.000,0.000,0.000,0.000,0.000,0.000,0.000
28a,old,7,0.000,0.000,0.000,0.000,0.000,0.000,0.000,0.000,0.000,0.000,1298.000,0.000,0.000
28a,old,8,0.000,0.000,0.000,0.000,0.000,0.000,0.000,0.000,0.000,0.000,1271.000,0.000,0.000
28a,old,9,0.000,0.000,0.000,0.000,0.000,0.000,0.000,0.000,0.000,0.000,1247.000,0.000,0.000
28a,old,10,0.000,0.000,0.000,0.000,0.000,0.000,0.000,0.000,0.000,0.000,1427.000,0.000,0.000
28a,old,11,0.000,0.000,0.000,0.000,0.000,0.000,0.000,0.000,0.000,0.000,1440.000,0.000,0.000
28a,old,12,0.000,0.000,0.000,0.000,0.000,0.000,0.000,0.000,0.000,0.000,0.000,0.000,0.000
28a,old,13,0.000,0.000,0.000,0.000,0.000,0.000,0.000,0.000,0.000,0.000,0.000,0.000,0.000
28a,old,14,0.000,0.000,0.000,0.000,0.000,0.000,0.000,0.000,0.000,0.000,0.000,0.000,0.000
28a,old,15,0.000,0.000,0.000,0.000,0.000,0.000,0.000,0.000,0.000,0.000,0.000,0.000,0.000
28a,old,16,0.000,0.000,0.000,0.000,0.000,0.000,0.000,0.000,0.000,0.000,0.000,1.000,0.000
28a,old,17,0.000,0.000,0.000,0.000,0.000,0.000,0.000,0.000,0.000,0.000,0.000,0.000,0.000
28a,old,18,0.000,0.000,0.000,0.000,0.000,0.000,0.000,0.000,0.000,0.000,0.000,0.000,0.000
28a,old,19,0.000,0.000,0.000,0.000,0.000,0.000,0.000,0.000,0.000,0.000,0.000,0.000,0.000
28a,old,20,0.000,0.000,0.000,0.000,0.000,0.000,0.000,0.000,0.000,0.000,0.000,0.000,0.000
28a,old,21,0.000,0.000,0.000,0.000,0.000,0.000,0.000,0.000,0.000,0.000,0.000,0.000,0.000
28a,old,22,0.000,0.000,0.000,0.000,0.000,0.000,0.000,0.000,0.000,0.000,0.000,0.000,0.000
28a,old,23,0.000,0.000,0.000,0.000,0.000,0.000,0.000,0.000,0.000,0.000,0.000,0.000,0.000
28a,old,24,0.000,0.000,0.000,0.000,0.000,0.000,0.000,0.000,0.000,0.000,0.000,0.000,0.000
28a,old,25,0.000,0.000,0.000,0.000,0.000,0.000,0.000,0.000,0.000,0.000,0.000,0.000,0.000
28a,old,26,0.000,0.000,0.000,0.000,0.000,0.000,0.000,0.000,0.000,0.000,0.000,0.000,0.000
28a,old,27,0.000,0.000,0.000,0.000,0.000,0.000,0.000,0.000,0.000,0.000,0.000,1.000,0.000
28a,old,28,0.000,0.000,0.000,0.000,0.000,0.000,0.000,0.000,0.000,0.000,0.000,0.000,0.000
28a,old,29,0.000,0.000,0.000,0.000,0.000,0.000,0.000,0.000,0.000,0.000,0.000,0.000,0.000
28a,old,30,0.000,0.000,0.000,0.000,0.000,0.000,0.000,0.000,0.000,0.000,0.000,0.000,0.000
28a,old,31,0.000,0.000,0.000,0.000,0.000,0.000,0.000,0.000,0.000,0.000,0.000,0.000,0.000
28a,old,32,0.000,0.000,0.000,0.000,0.000,0.000,0.000,0.000,0.000,0.000,0.000,0.000,0.000
28a,old,33,0.000,0.000,0.000,0.000,0.000,0.000,0.000,0.000,0.000,0.000,0.000,0.000,0.000
28b,old,0,0.000,0.000,0.000,0.000,0.000,0.000,0.000,0.000,0.000,0.000,0.000,0.000,0.000
28b,old,1,0.000,0.000,0.000,0.000,0.000,0.000,0.000,0.000,0.000,0.000,1186.000,0.000,0.000
28b,old,2,0.000,0.000,0.000,0.000,0.000,0.000,0.000,0.000,0.000,0.000,0.000,0.000,0.000
28b,old,3,0.000,0.000,0.000,0.000,0.000,0.000,0.000,0.000,0.000,0.000,0.000,0.000,0.000
28b,old,4,0.000,0.000,0.000,0.000,0.000,0.000,0.000,0.000,0.000,0.000,0.000,0.000,0.000
28b,old,5,0.000,0.000,0.000,0.000,0.000,0.000,0.000,0.000,0.000,0.000,0.000,1.000,0.000
28b,old,6,0.000,0.000,0.000,0.000,0.000,0.000,0.000,0.000,0.000,0.000,0.000,0.000,0.000
28b,old,7,0.000,0.000,0.000,0.000,0.000,0.000,0.000,0.000,0.000,0.000,0.000,0.000,0.000
28b,old,8,0.000,0.000,0.000,0.000,0.000,0.000,0.000,0.000,0.000,0.000,1145.000,0.000,0.000
28b,old,9,0.000,0.000,0.000,0.000,0.000,0.000,0.000,0.000,0.000,0.000,1238.000,0.000,0.000
28b,old,10,0.000,0.000,0.000,0.000,0.000,0.000,0.000,0.000,0.000,0.000,1382.000,0.000,0.000
28b,old,11,0.000,0.000,0.000,0.000,0.000,0.000,0.000,0.000,0.000,0.000,1459.000,0.000,0.000
28b,old,12,0.000,0.000,0.000,0.000,0.000,0.000,0.000,0.000,0.000,0.000,0.000,0.000,0.000
28b,old,13,0.000,0.000,0.000,0.000,0.000,0.000,0.000,0.000,0.000,0.000,0.000,0.000,0.000
28b,old,14,0.000,0.000,0.000,0.000,0.000,0.000,0.000,0.000,0.000,0.000,0.000,0.000,0.000
28b,old,15,0.000,0.000,0.000,0.000,0.000,0.000,0.000,0.000,0.000,0.000,0.000,0.000,0.000
28b,old,16,0.000,0.000,0.000,0.000,0.000,0.000,0.000,0.000,0.000,0.000,0.000,1.000,0.000
28b,old,17,0.000,0.000,0.000,0.000,0.000,0.000,0.000,0.000,0.000,0.000,0.000,0.000,0.000
28b,old,18,0.000,0.000,0.000,0.000,0.000,0.000,0.000,0.000,0.000,0.000,0.000,0.000,0.000
28b,old,19,0.000,0.000,0.000,0.000,0.000,0.000,0.000,0.000,0.000,0.000,0.000,0.000,0.000
28b,old,20,0.000,0.000,0.000,0.000,0.000,0.000,0.000,0.000,0.000,0.000,0.000,4.000,0.000
28b,old,21,0.000,0.000,0.000,0.000,0.000,0.000,0.000,0.000,0.000,0.000,0.000,0.000,0.000
28b,old,22,0.000,0.000,0.000,0.000,0.000,0.000,0.000,0.000,0.000,0.000,0.000,0.000,0.000
28b,old,23,0.000,0.000,0.000,0.000,0.000,0.000,0.000,0.000,0.000,0.000,0.000,0.000,0.000
28b,old,24,0.000,0.000,0.000,0.000,0.000,0.000,0.000,0.000,0.000,0.000,0.000,0.000,0.000
28b,old,25,0.000,0.000,0.000,0.000,0.000,0.000,0.000,0.000,0.000,0.000,0.000,0.000,0.000
28b,old,26,0.000,0.000,0.000,0.000,0.000,0.000,0.000,0.000,0.000,0.000,0.000,0.000,0.000
28b,old,27,0.000,0.000,0.000,0.000,0.000,0.000,0.000,0.000,0.000,0.000,0.000,1.000,0.000
28b,old,28,0.000,0.000,0.000,0.000,0.000,0.000,0.000,0.000,0.000,0.000,0.000,0.000,0.000
28b,old,29,0.000,0.000,0.000,0.000,0.000,0.000,0.000,0.000,0.000,0.000,0.000,0.000,0.000
28b,old,30,0.000,0.000,0.000,0.000,0.000,0.000,0.000,0.000,0.000,0.000,0.000,0.000,0.000
28b,old,31,0.000,0.000,0.000,0.000,0.000,0.000,0.000,0.000,0.000,0.000,0.000,0.000,0.000
28b,old,32,0.000,0.000,0.000,0.000,0.000,0.000,0.000,0.000,0.000,0.000,0.000,0.000,0.000
28b,old,33,0.000,0.000,0.000,0.000,0.000,0.000,0.000,0.000,0.000,0.000,0.000,0.000,0.000
28c,old,0,0.000,0.000,0.000,0.000,0.000,0.000,0.000,0.000,0.000,0.000,0.000,0.000,0.000
28c,old,1,0.000,0.000,0.000,0.000,0.000,0.000,0.000,0.000,0.000,0.000,1117.000,0.000,0.000
28c,old,2,0.000,0.000,0.000,0.000,0.000,0.000,0.000,0.000,0.000,0.000,0.000,0.000,0.000
28c,old,3,0.000,0.000,0.000,0.000,0.000,0.000,0.000,0.000,0.000,0.000,0.000,0.000,0.000
28c,old,4,0.000,0.000,0.000,0.000,0.000,0.000,0.000,0.000,0.000,0.000,0.000,1.000,0.000
28c,old,5,0.000,0.000,0.000,0.000,0.000,0.000,0.000,0.000,0.000,0.000,0.000,0.000,0.000
28c,old,6,0.000,0.000,0.000,0.000,0.000,0.000,0.000,0.000,0.000,0.000,1137.000,1.000,0.000
28c,old,7,0.000,0.000,0.000,0.000,0.000,0.000,0.000,0.000,0.000,0.000,1143.000,0.000,0.000
28c,old,8,0.000,0.000,0.000,0.000,0.000,0.000,0.000,0.000,0.000,0.000,1153.000,0.000,0.000
28c,old,9,0.000,0.000,0.000,0.000,0.000,0.000,0.000,0.000,0.000,0.000,1252.000,0.000,0.000
28c,old,10,0.000,0.000,0.000,0.000,0.000,0.000,0.000,0.000,0.000,0.000,1454.000,0.000,0.000
28c,old,11,0.000,0.000,0.000,0.000,0.000,0.000,0.000,0.000,0.000,0.000,0.000,0.000,0.000
28c,old,12,0.000,0.000,0.000,0.000,0.000,0.000,0.000,0.000,0.000,0.000,0.000,0.000,0.000
28c,old,13,0.000,0.000,0.000,0.000,0.000,0.000,0.000,0.000,0.000,0.000,0.000,0.000,0.000
28c,old,14,0.000,0.000,0.000,0.000,0.000,0.000,0.000,0.000,0.000,0.000,0.000,2.000,0.000
28c,old,15,0.000,0.000,0.000,0.000,0.000,0.000,0.000,0.000,0.000,0.000,0.000,0.000,0.000
28c,old,16,0.000,0.000,0.000,0.000,0.000,0.000,0.000,0.000,0.000,0.000,0.000,1.000,0.000
28c,old,17,0.000,0.000,0.000,0.000,0.000,0.000,0.000,0.000,0.000,0.000,0.000,0.000,0.000
28c,old,18,0.000,0.000,0.000,0.000,0.000,0.000,0.000,0.000,0.000,0.000,0.000,0.000,0.000
28c,old,19,0.000,0.000,0.000,0.000,0.000,0.000,0.000,0.000,0.000,0.000,0.000,0.000,0.000
28c,old,20,0.000,0.000,0.000,0.000,0.000,0.000,0.000,0.000,0.000,0.000,0.000,0.000,0.000
28c,old,21,0.000,0.000,0.000,0.000,0.000,0.000,0.000,0.000,0.000,0.000,0.000,0.000,0.000
28c,old,22,0.000,0.000,0.000,0.000,0.000,0.000,0.000,0.000,0.000,0.000,0.000,0.000,0.000
28c,old,23,0.000,0.000,0.000,0.000,0.000,0.000,0.000,0.000,0.000,0.000,0.000,0.000,0.000
28c,old,24,0.000,0.000,0.000,0.000,0.000,0.000,0.000,0.000,0.000,0.000,0.000,2.000,0.000
28c,old,25,0.000,0.000,0.000,0.000,0.000,0.000,0.000,0.000,0.000,0.000,0.000,0.000,0.000
28c,old,26,0.000,0.000,0.000,0.000,0.000,0.000,0.000,0.000,0.000,0.000,0.000,0.000,0.000
28c,old,27,0.000,0.000,0.000,0.000,0.000,0.000,0.000,0.000,0.000,0.000,0.000,0.000,0.000
28c,old,28,0.000,0.000,0.000,0.000,0.000,0.000,0.000,0.000,0.000,0.000,0.000,1.000,0.000
28c,old,29,0.000,0.000,0.000,0.000,0.000,0.000,0.000,0.000,0.000,0.000,0.000,0.000,0.000
28c,old,30,0.000,0.000,0.000,0.000,0.000,0.000,0.000,0.000,0.000,0.000,0.000,0.000,0.000
29a,old,0,0.000,0.000,0.000,0.000,0.000,0.000,0.000,0.000,0.000,0.000,0.000,0.000,0.000
29a,old,1,0.000,0.000,0.000,0.000,0.000,0.000,0.000,0.000,0.000,0.000,1100.000,0.000,0.000
29a,old,2,0.000,0.000,0.000,0.000,0.000,0.000,0.000,0.000,0.000,0.000,1291.000,0.000,0.000
29a,old,3,0.000,0.000,0.000,0.000,0.000,0.000,0.000,0.000,0.000,0.000,1086.000,0.000,0.000
29a,old,4,0.000,0.000,0.000,0.000,0.000,0.000,0.000,0.000,0.000,0.000,1230.000,0.000,0.000
29a,old,5,0.000,0.000,0.000,0.000,0.000,0.000,0.000,0.000,0.000,0.000,0.000,0.000,0.000
29a,old,6,0.000,0.000,0.000,0.000,0.000,0.000,0.000,0.000,0.000,0.000,0.000,0.000,0.000
29a,old,7,0.000,0.000,0.000,0.000,0.000,0.000,0.000,0.000,0.000,0.000,0.000,0.000,0.000
29a,old,8,0.000,0.000,0.000,0.000,0.000,0.000,0.000,0.000,0.000,0.000,1325.000,0.000,0.000
29a,old,9,0.000,0.000,0.000,0.000,0.000,0.000,0.000,0.000,0.000,0.000,1220.000,0.000,0.000
29a,old,10,0.000,0.000,0.000,0.000,0.000,0.000,0.000,0.000,0.000,0.000,1155.000,0.000,0.000
29a,old,11,0.000,0.000,0.000,0.000,0.000,0.000,0.000,0.000,0.000,0.000,0.000,0.000,0.000
29a,old,12,0.000,0.000,0.000,0.000,0.000,0.000,0.000,0.000,0.000,0.000,0.000,0.000,0.000
29a,old,13,0.000,0.000,0.000,0.000,0.000,0.000,0.000,0.000,0.000,0.000,0.000,0.000,0.000
29a,old,14,0.000,0.000,0.000,0.000,0.000,0.000,0.000,0.000,0.000,0.000,0.000,0.000,0.000
29a,old,15,0.000,0.000,0.000,0.000,0.000,0.000,0.000,0.000,0.000,0.000,0.000,0.000,0.000
29a,old,16,0.000,0.000,0.000,0.000,0.000,0.000,0.000,0.000,0.000,0.000,0.000,0.000,0.000
29a,old,17,0.000,0.000,0.000,0.000,0.000,0.000,0.000,0.000,0.000,0.000,0.000,0.000,0.000
29a,old,18,0.000,0.000,0.000,0.000,0.000,0.000,0.000,0.000,0.000,0.000,0.000,0.000,0.000
29a,old,19,0.000,0.000,0.000,0.000,0.000,0.000,0.000,0.000,0.000,0.000,0.000,0.000,0.000
29a,old,20,0.000,0.000,0.000,0.000,0.000,0.000,0.000,0.000,0.000,0.000,0.000,0.000,0.000
29a,old,21,0.000,0.000,0.000,0.000,0.000,0.000,0.000,0.000,0.000,0.000,0.000,0.000,0.000
29a,old,22,0.000,0.000,0.000,0.000,0.000,0.000,0.000,0.000,0.000,0.000,0.000,0.000,0.000
29a,old,23,0.000,0.000,0.000,0.000,0.000,0.000,0.000,0.000,0.000,0.000,0.000,1.000,0.000
29a,old,24,0.000,0.000,0.000,0.000,0.000,0.000,0.000,0.000,0.000,0.000,0.000,0.000,0.000
29a,old,25,0.000,0.000,0.000,0.000,0.000,0.000,0.000,0.000,0.000,0.000,0.000,0.000,0.000
29a,old,26,0.000,0.000,0.000,0.000,0.000,0.000,0.000,0.000,0.000,0.000,0.000,0.000,0.000
29a,old,27,0.000,0.000,0.000,0.000,0.000,0.000,0.000,0.000,0.000,0.000,0.000,0.000,0.000
29a,old,28,0.000,0.000,0.000,0.000,0.000,0.000,0.000,0.000,0.000,0.000,0.000,0.000,0.000
29a,old,29,0.000,0.000,0.000,0.000,0.000,0.000,0.000,0.000,0.000,0.000,0.000,0.000,0.000
29a,old,30,0.000,0.000,0.000,0.000,0.000,0.000,0.000,0.000,0.000,0.000,0.000,0.000,0.000
29b,old,0,0.000,0.000,0.000,0.000,0.000,0.000,0.000,0.000,0.000,0.000,0.000,0.000,0.000
29b,old,1,0.000,0.000,0.000,0.000,0.000,0.000,0.000,0.000,0.000,0.000,1187.000,0.000,0.000
29b,old,2,0.000,0.000,0.000,0.000,0.000,0.000,0.000,0.000,0.000,0.000,1142.000,0.000,0.000
29b,old,3,0.000,0.000,0.000,0.000,0.000,0.000,0.000,0.000,0.000,0.000,1261.000,0.000,0.000
29b,old,4,0.000,0.000,0.000,0.000,0.000,0.000,0.000,0.000,0.000,0.000,0.000,0.000,0.000
29b,old,5,0.000,0.000,0.000,0.000,0.000,0.000,0.000,0.000,0.000,0.000,0.000,0.000,0.000
29b,old,6,0.000,0.000,0.000,0.000,0.000,0.000,0.000,0.000,0.000,0.000,1182.000,0.000,0.000
29b,old,7,0.000,0.000,0.000,0.000,0.000,0.000,0.000,0.000,0.000,0.000,1421.000,0.000,0.000
29b,old,8,0.000,0.000,0.000,0.000,0.000,0.000,0.000,0.000,0.000,0.000,0.000,0.000,0.000
29b,old,9,0.000,0.000,0.000,0.000,0.000,0.000,0.000,0.000,0.000,0.000,1332.000,0.000,0.000
29b,old,10,0.000,0.000,0.000,0.000,0.000,0.000,0.000,0.000,0.000,0.000,1164.000,0.000,0.000
29b,old,11,0.000,0.000,0.000,0.000,0.000,0.000,0.000,0.000,0.000,0.000,0.000,0.000,0.000
29b,old,12,0.000,0.000,0.000,0.000,0.000,0.000,0.000,0.000,0.000,0.000,0.000,0.000,0.000
29b,old,13,0.000,0.000,0.000,0.000,0.000,0.000,0.000,0.000,0.000,0.000,0.000,0.000,0.000
29b,old,14,0.000,0.000,0.000,0.000,0.000,0.000,0.000,0.000,0.000,0.000,0.000,0.000,0.000
29b,old,15,0.000,0.000,0.000,0.000,0.000,0.000,0.000,0.000,0.000,0.000,0.000,0.000,0.000
29b,old,16,0.000,0.000,0.000,0.000,0.000,0.000,0.000,0.000,0.000,0.000,0.000,0.000,0.000
29b,old,17,0.000,0.000,0.000,0.000,0.000,0.000,0.000,0.000,0.000,0.000,0.000,0.000,0.000
29b,old,18,0.000,0.000,0.000,0.000,0.000,0.000,0.000,0.000,0.000,0.000,0.000,0.000,0.000
29b,old,19,0.000,0.000,0.000,0.000,0.000,0.000,0.000,0.000,0.000,0.000,0.000,0.000,0.000
29b,old,20,0.000,0.000,0.000,0.000,0.000,0.000,0.000,0.000,0.000,0.000,0.000,0.000,0.000
29b,old,21,0.000,0.000,0.000,0.000,0.000,0.000,0.000,0.000,0.000,0.000,0.000,0.000,0.000
29b,old,22,0.000,0.000,0.000,0.000,0.000,0.000,0.000,0.000,0.000,0.000,0.000,0.000,0.000
29b,old,23,0.000,0.000,0.000,0.000,0.000,0.000,0.000,0.000,0.000,0.000,0.000,0.000,0.000
29b,old,24,0.000,0.000,0.000,0.000,0.000,0.000,0.000,0.000,0.000,0.000,0.000,0.000,0.000
29b,old,25,0.000,0.000,0.000,0.000,0.000,0.000,0.000,0.000,0.000,0.000,0.000,0.000,0.000
29b,old,26,0.000,0.000,0.000,0.000,0.000,0.000,0.000,0.000,0.000,0.000,0.000,2.000,0.000
29b,old,27,0.000,0.000,0.000,0.000,0.000,0.000,0.000,0.000,0.000,0.000,0.000,0.000,0.000
29b,old,28,0.000,0.000,0.000,0.000,0.000,0.000,0.000,0.000,0.000,0.000,0.000,1.000,0.000
29b,old,29,0.000,0.000,0.000,0.000,0.000,0.000,0.000,0.000,0.000,0.000,0.000,1.000,0.000
29b,old,30,0.000,0.000,0.000,0.000,0.000,0.000,0.000,0.000,0.000,0.000,0.000,0.000,0.000
29c,old,0,0.000,0.000,0.000,0.000,0.000,0.000,0.000,0.000,0.000,0.000,0.000,0.000,0.000
29c,old,1,0.000,0.000,0.000,0.000,0.000,0.000,0.000,0.000,0.000,0.000,1080.000,0.000,0.000
29c,old,2,0.000,0.000,0.000,0.000,0.000,0.000,0.000,0.000,0.000,0.000,0.000,0.000,0.000
29c,old,3,0.000,0.000,0.000,0.000,0.000,0.000,0.000,0.000,0.000,0.000,1147.000,0.000,0.000
29c,old,4,0.000,0.000,0.000,0.000,0.000,0.000,0.000,0.000,0.000,0.000,1425.000,0.000,0.000
29c,old,5,0.000,0.000,0.000,0.000,0.000,0.000,0.000,0.000,0.000,0.000,1161.000,0.000,0.000
29c,old,6,0.000,0.000,0.000,0.000,0.000,0.000,0.000,0.000,0.000,0.000,1310.000,0.000,0.000
29c,old,7,0.000,0.000,0.000,0.000,0.000,0.000,0.000,0.000,0.000,0.000,1170.000,0.000,0.000
29c,old,8,0.000,0.000,0.000,0.000,0.000,0.000,0.000,0.000,0.000,0.000,0.000,0.000,0.000
29c,old,9,0.000,0.000,0.000,0.000,0.000,0.000,0.000,0.000,0.000,0.000,1291.000,0.000,0.000
29c,old,10,0.000,0.000,0.000,0.000,0.000,0.000,0.000,0.000,0.000,0.000,1365.000,0.000,0.000
29c,old,11,0.000,0.000,0.000,0.000,0.000,0.000,0.000,0.000,0.000,0.000,1391.000,0.000,0.000
29c,old,12,0.000,0.000,0.000,0.000,0.000,0.000,0.000,0.000,0.000,0.000,0.000,0.000,0.000
29c,old,13,0.000,0.000,0.000,0.000,0.000,0.000,0.000,0.000,0.000,0.000,0.000,0.000,0.000
29c,old,14,0.000,0.000,0.000,0.000,0.000,0.000,0.000,0.000,0.000,0.000,0.000,0.000,0.000
29c,old,15,0.000,0.000,0.000,0.000,0.000,0.000,0.000,0.000,0.000,0.000,0.000,0.000,0.000
29c,old,16,0.000,0.000,0.000,0.000,0.000,0.000,0.000,0.000,0.000,0.000,0.000,0.000,0.000
29c,old,17,0.000,0.000,0.000,0.000,0.000,0.000,0.000,0.000,0.000,0.000,0.000,3.000,0.000
29c,old,18,0.000,0.000,0.000,0.000,0.000,0.000,0.000,0.000,0.000,0.000,0.000,0.000,0.000
29c,old,19,0.000,0.000,0.000,0.000,0.000,0.000,0.000,0.000,0.000,0.000,0.000,0.000,0.000
29c,old,20,0.000,0.000,0.000,0.000,0.000,0.000,0.000,0.000,0.000,0.000,0.000,0.000,0.000
29c,old,21,0.000,0.000,0.000,0.000,0.000,0.000,0.000,0.000,0.000,0.000,0.000,0.000,0.000
29c,old,22,0.000,0.000,0.000,0.000,0.000,0.000,0.000,0.000,0.000,0.000,0.000,0.000,0.000
29c,old,23,0.000,0.000,0.000,0.000,0.000,0.000,0.000,0.000,0.000,0.000,0.000,0.000,0.000
29c,old,24,0.000,0.000,0.000,0.000,0.000,0.000,0.000,0.000,0.000,0.000,0.000,0.000,0.000
29c,old,25,0.000,0.000,0.000,0.000,0.000,0.000,0.000,0.000,0.000,0.000,0.000,0.000,0.000
29c,old,26,0.000,0.000,0.000,0.000,0.000,0.000,0.000,0.000,0.000,0.000,0.000,0.000,0.000
29c,old,27,0.000,0.000,0.000,0.000,0.000,0.000,0.000,0.000,0.000,0.000,0.000,0.000,0.000
29c,old,28,0.000,0.000,0.000,0.000,0.000,0.000,0.000,0.000,0.000,0.000,0.000,2.000,0.000
29c,old,29,0.000,0.000,0.000,0.000,0.000,0.000,0.000,0.000,0.000,0.000,0.000,0.000,0.000
29c,old,30,0.000,0.000,0.000,0.000,0.000,0.000,0.000,0.000,0.000,0.000,0.000,0.000,0.000
29c,old,31,0.000,0.000,0.000,0.000,0.000,0.000,0.000,0.000,0.000,0.000,0.000,0.000,0.000
29c,old,32,0.000,0.000,0.000,0.000,0.000,0.000,0.000,0.000,0.000,0.000,0.000,4.000,0.000
29c,old,33,0.000,0.000,0.000,0.000,0.000,0.000,0.000,0.000,0.000,0.000,0.000,0.000,0.000
2a,old,0,0.000,0.000,0.000,0.000,0.000,0.000,0.000,0.000,0.000,0.000,0.000,0.000,0.000
2a,old,1,0.000,0.000,0.000,0.000,0.000,0.000,0.000,0.000,0.000,0.000,1256.000,0.000,0.000
2a,old,2,0.000,0.000,0.000,0.000,0.000,0.000,0.000,0.000,0.000,0.000,0.000,1.000,0.000
2a,old,3,0.000,0.000,0.000,0.000,0.000,0.000,0.000,0.000,0.000,0.000,1164.000,0.000,0.000
2a,old,4,0.000,0.000,0.000,0.000,0.000,0.000,0.000,0.000,0.000,0.000,1232.000,0.000,0.000
2a,old,5,0.000,0.000,0.000,0.000,0.000,0.000,0.000,0.000,0.000,0.000,0.000,0.000,0.000
2a,old,6,0.000,0.000,0.000,0.000,0.000,0.000,0.000,0.000,0.000,0.000,0.000,1.000,0.000
2a,old,7,0.000,0.000,0.000,0.000,0.000,0.000,0.000,0.000,0.000,0.000,0.000,2.000,0.000
2a,old,8,0.000,0.000,0.000,0.000,0.000,0.000,0.000,0.000,0.000,0.000,0.000,1.000,0.000
2a,old,9,0.000,0.000,0.000,0.000,0.000,0.000,0.000,0.000,0.000,0.000,0.000,0.000,0.000
2a,old,10,0.000,0.000,0.000,0.000,0.000,0.000,0.000,0.000,0.000,0.000,0.000,1.000,0.000
2a,old,11,0.000,0.000,0.000,0.000,0.000,0.000,0.000,0.000,0.000,0.000,0.000,1.000,0.000
2a,old,12,0.000,0.000,0.000,0.000,0.000,0.000,0.000,0.000,0.000,0.000,0.000,1.000,0.000
2b,old,0,0.000,0.000,0.000,0.000,0.000,0.000,0.000,0.000,0.000,0.000,0.000,0.000,0.000
2b,old,1,0.000,0.000,0.000,0.000,0.000,0.000,0.000,0.000,0.000,0.000,1258.000,0.000,0.000
2b,old,2,0.000,0.000,0.000,0.000,0.000,0.000,0.000,0.000,0.000,0.000,0.000,0.000,0.000
2b,old,3,0.000,0.000,0.000,0.000,0.000,0.000,0.000,0.000,0.000,0.000,0.000,1.000,0.000
2b,old,4,0.000,0.000,0.000,0.000,0.000,0.000,0.000,0.000,0.000,0.000,1196.000,0.000,0.000
2b,old,5,0.000,0.000,0.000,0.000,0.000,0.000,0.000,0.000,0.000,0.000,0.000,0.000,0.000
2b,old,6,0.000,0.000,0.000,4.000,0.000,4.000,0.000,0.000,0.000,0.000,0.000,5.000,0.000
2b,old,7,0.000,0.000,0.000,0.000,0.000,0.000,0.000,0.000,0.000,0.000,1150.000,0.000,0.000
2b,old,8,0.000,0.000,0.000,0.000,0.000,0.000,0.000,0.000,0.000,0.000,0.000,0.000,0.000
2b,old,9,0.000,0.000,0.000,0.000,0.000,0.000,0.000,0.000,0.000,0.000,0.000,0.000,0.000
2b,old,10,0.000,0.000,0.000,0.000,0.000,0.000,0.000,0.000,0.000,0.000,0.000,0.000,0.000
2b,old,11,0.000,0.000,0.000,0.000,0.000,0.000,0.000,0.000,0.000,0.000,0.000,2.000,0.000
2b,old,12,0.000,0.000,0.000,0.000,0.000,0.000,0.000,0.000,0.000,0.000,0.000,0.000,0.000
2c,old,0,0.000,0.000,0.000,0.000,0.000,0.000,0.000,0.000,0.000,0.000,0.000,0.000,0.000
2c,old,1,0.000,0.000,0.000,0.000,0.000,0.000,0.000,0.000,0.000,0.000,1241.000,1.000,0.000
2c,old,2,0.000,0.000,0.000,0.000,0.000,0.000,0.000,0.000,0.000,0.000,1089.000,0.000,0.000
2c,old,3,0.000,0.000,0.000,0.000,0.000,0.000,0.000,0.000,0.000,0.000,1170.000,0.000,0.000
2c,old,4,0.000,0.000,0.000,0.000,0.000,0.000,0.000,0.000,0.000,0.000,0.000,0.000,0.000
2c,old,5,0.000,0.000,0.000,0.000,0.000,0.000,0.000,0.000,0.000,0.000,0.000,0.000,0.000
2c,old,6,0.000,0.000,0.000,0.000,0.000,0.000,0.000,0.000,0.000,0.000,0.000,0.000,0.000
2c,old,7,0.000,0.000,0.000,0.000,0.000,0.000,0.000,0.000,0.000,0.000,0.000,0.000,0.000
2c,old,8,0.000,0.000,0.000,0.000,0.000,0.000,0.000,0.000,0.000,0.000,0.000,0.000,0.000
2c,old,9,0.000,0.000,0.000,0.000,0.000,0.000,0.000,0.000,0.000,0.000,0.000,0.000,0.000
2d,old,0,0.000,0.000,0.000,0.000,0.000,0.000,0.000,0.000,0.000,0.000,0.000,0.000,0.000
2d,old,1,0.000,0.000,0.000,0.000,0.000,0.000,0.000,0.000,0.000,0.000,1349.000,0.000,0.000
2d,old,2,0.000,0.000,0.000,0.000,0.000,0.000,0.000,0.000,0.000,0.000,1159.000,1.000,0.000
2d,old,3,0.000,0.000,0.000,0.000,0.000,0.000,0.000,0.000,0.000,0.000,1251.000,1.000,0.000
2d,old,4,0.000,0.000,0.000,0.000,0.000,0.000,0.000,0.000,0.000,0.000,1266.000,1.000,0.000
2d,old,5,0.000,0.000,0.000,0.000,0.000,0.000,0.000,0.000,0.000,0.000,0.000,1.000,0.000
2d,old,6,0.000,0.000,0.000,0.000,0.000,0.000,0.000,0.000,0.000,0.000,0.000,1.000,0.000
2d,old,7,0.000,0.000,0.000,0.000,0.000,0.000,0.000,0.000,0.000,0.000,0.000,2.000,0.000
2d,old,8,0.000,0.000,0.000,0.000,0.000,0.000,0.000,0.000,0.000,0.000,0.000,1.000,0.000
2d,old,9,0.000,0.000,0.000,0.000,0.000,0.000,0.000,0.000,0.000,0.000,0.000,1.000,0.000
2d,old,10,0.000,0.000,0.000,0.000,0.000,0.000,0.000,0.000,0.000,0.000,0.000,2.000,0.000
2d,old,11,0.000,0.000,0.000,0.000,0.000,0.000,0.000,0.000,0.000,0.000,0.000,1.000,0.000
2d,old,12,0.000,0.000,0.000,0.000,0.000,0.000,0.000,0.000,0.000,0.000,0.000,1.000,0.000
30a,old,0,0.000,0.000,0.000,0.000,0.000,0.000,0.000,0.000,0.000,0.000,0.000,0.000,0.000
30a,old,1,0.000,0.000,0.000,0.000,0.000,0.000,0.000,0.000,0.000,0.000,1180.000,0.000,0.000
30a,old,2,0.000,0.000,0.000,0.000,0.000,0.000,0.000,0.000,0.000,0.000,0.000,0.000,0.000
30a,old,3,0.000,0.000,0.000,0.000,0.000,0.000,0.000,0.000,0.000,0.000,0.000,0.000,0.000
30a,old,4,0.000,0.000,0.000,0.000,0.000,0.000,0.000,0.000,0.000,0.000,1266.000,0.000,0.000
30a,old,5,0.000,0.000,0.000,0.000,0.000,0.000,0.000,0.000,0.000,0.000,0.000,0.000,0.000
30a,old,6,0.000,0.000,0.000,0.000,0.000,0.000,0.000,0.000,0.000,0.000,1354.000,0.000,0.000
30a,old,7,0.000,0.000,0.000,0.000,0.000,0.000,0.000,0.000,0.000,0.000,1415.000,0.000,0.000
30a,old,8,0.000,0.000,0.000,0.000,0.000,0.000,0.000,0.000,0.000,0.000,1426.000,1.000,0.000
30a,old,9,0.000,0.000,0.000,0.000,0.000,0.000,0.000,0.000,0.000,0.000,1267.000,0.000,0.000
30a,old,10,0.000,0.000,0.000,0.000,0.000,0.000,0.000,0.000,0.000,0.000,0.000,0.000,0.000
30a,old,11,0.000,0.000,0.000,0.000,0.000,0.000,0.000,0.000,0.000,0.000,0.000,0.000,0.000
30a,old,12,0.000,0.000,0.000,0.000,0.000,0.000,0.000,0.000,0.000,0.000,0.000,0.000,0.000
30a,old,13,0.000,0.000,0.000,0.000,0.000,0.000,0.000,0.000,0.000,0.000,0.000,0.000,0.000
30a,old,14,0.000,0.000,0.000,0.000,0.000,0.000,0.000,0.000,0.000,0.000,0.000,0.000,0.000
30a,old,15,0.000,0.000,0.000,0.000,0.000,0.000,0.000,0.000,0.000,0.000,0.000,0.000,0.000
30a,old,16,0.000,0.000,0.000,0.000,0.000,0.000,0.000,0.000,0.000,0.000,0.000,0.000,0.000
30a,old,17,0.000,0.000,0.000,0.000,0.000,0.000,0.000,0.000,0.000,0.000,0.000,1.000,0.000
30a,old,18,0.000,0.000,0.000,0.000,0.000,0.000,0.000,0.000,0.000,0.000,0.000,0.000,0.000
30a,old,19,0.000,0.000,0.000,0.000,0.000,0.000,0.000,0.000,0.000,0.000,0.000,0.000,0.000
30a,old,20,0.000,0.000,0.000,0.000,0.000,0.000,0.000,0.000,0.000,0.000,0.000,0.000,0.000
30a,old,21,0.000,0.000,0.000,0.000,0.000,0.000,0.000,0.000,0.000,0.000,0.000,0.000,0.000
30a,old,22,0.000,0.000,0.000,0.000,0.000,0.000,0.000,0.000,0.000,0.000,0.000,0.000,0.000
30a,old,23,0.000,0.000,0.000,0.000,0.000,0.000,0.000,0.000,0.000,0.000,0.000,0.000,0.000
30a,old,24,0.000,0.000,0.000,0.000,0.000,0.000,0.000,0.000,0.000,0.000,0.000,0.000,0.000
30a,old,25,0.000,0.000,0.000,0.000,0.000,0.000,0.000,0.000,0.000,0.000,0.000,0.000,0.000
30a,old,26,0.000,0.000,0.000,0.000,0.000,0.000,0.000,0.000,0.000,0.000,0.000,1.000,0.000
30a,old,27,0.000,0.000,0.000,0.000,0.000,0.000,0.000,0.000,0.000,0.000,0.000,0.000,0.000
30b,old,0,0.000,0.000,0.000,0.000,0.000,0.000,0.000,0.000,0.000,0.000,0.000,0.000,0.000
30b,old,1,0.000,0.000,0.000,0.000,0.000,0.000,0.000,0.000,0.000,0.000,1180.000,0.000,0.000
30b,old,2,0.000,0.000,0.000,0.000,0.000,0.000,0.000,0.000,0.000,0.000,0.000,0.000,0.000
30b,old,3,0.000,0.000,0.000,0.000,0.000,0.000,0.000,0.000,0.000,0.000,1139.000,0.000,0.000
30b,old,4,0.000,0.000,0.000,0.000,0.000,0.000,0.000,0.000,0.000,0.000,0.000,0.000,0.000
30b,old,5,0.000,0.000,0.000,0.000,0.000,0.000,0.000,0.000,0.000,0.000,1222.000,0.000,0.000
30b,old,6,0.000,0.000,0.000,0.000,0.000,0.000,0.000,0.000,0.000,0.000,1172.000,0.000,0.000
30b,old,7,0.000,0.000,0.000,0.000,0.000,0.000,0.000,0.000,0.000,0.000,0.000,0.000,0.000
30b,old,8,0.000,0.000,0.000,0.000,0.000,0.000,0.000,0.000,0.000,0.000,1533.000,1.000,0.000
30b,old,9,0.000,0.000,0.000,0.000,0.000,0.000,0.000,0.000,0.000,0.000,1157.000,0.000,0.000
30b,old,10,0.000,0.000,0.000,0.000,0.000,0.000,0.000,0.000,0.000,0.000,0.000,0.000,0.000
30b,old,11,0.000,0.000,0.000,0.000,0.000,0.000,0.000,0.000,0.000,0.000,0.000,0.000,0.000
30b,old,12,0.000,0.000,0.000,0.000,0.000,0.000,0.000,0.000,0.000,0.000,0.000,0.000,0.000
30b,old,13,0.000,0.000,0.000,0.000,0.000,0.000,0.000,0.000,0.000,0.000,0.000,0.000,0.000
30b,old,14,0.000,0.000,0.000,0.000,0.000,0.000,0.000,0.000,0.000,0.000,0.000,0.000,0.000
30b,old,15,0.000,0.000,0.000,0.000,0.000,0.000,0.000,0.000,0.000,0.000,0.000,0.000,0.000
30b,old,16,0.000,0.000,0.000,0.000,0.000,0.000,0.000,0.000,0.000,0.000,0.000,0.000,0.000
30b,old,17,0.000,0.000,0.000,0.000,0.000,0.000,0.000,0.000,0.000,0.000,0.000,1.000,0.000
30b,old,18,0.000,0.000,0.000,0.000,0.000,0.000,0.000,0.000,0.000,0.000,0.000,0.000,0.000
30b,old,19,0.000,0.000,0.000,0.000,0.000,0.000,0.000,0.000,0.000,0.000,0.000,0.000,0.000
30b,old,20,0.000,0.000,0.000,0.000,0.000,0.000,0.000,0.000,0.000,0.000,0.000,0.000,0.000
30b,old,21,0.000,0.000,0.000,0.000,0.000,0.000,0.000,0.000,0.000,0.000,0.000,0.000,0.000
30b,old,22,0.000,0.000,0.000,0.000,0.000,0.000,0.000,0.000,0.000,0.000,0.000,0.000,0.000
30b,old,23,0.000,0.000,0.000,0.000,0.000,0.000,0.000,0.000,0.000,0.000,0.000,0.000,0.000
30b,old,24,0.000,0.000,0.000,0.000,0.000,0.000,0.000,0.000,0.000,0.000,0.000,0.000,0.000
30b,old,25,0.000,0.000,0.000,0.000,0.000,0.000,0.000,0.000,0.000,0.000,0.000,0.000,0.000
30b,old,26,0.000,0.000,0.000,0.000,0.000,0.000,0.000,0.000,0.000,0.000,0.000,1.000,0.000
30b,old,27,0.000,0.000,0.000,0.000,0.000,0.000,0.000,0.000,0.000,0.000,0.000,0.000,0.000
30c,old,0,0.000,0.000,0.000,0.000,0.000,0.000,0.000,0.000,0.000,0.000,0.000,0.000,0.000
30c,old,1,0.000,0.000,0.000,0.000,0.000,0.000,0.000,0.000,0.000,0.000,1216.000,0.000,0.000
30c,old,2,0.000,0.000,0.000,0.000,0.000,0.000,0.000,0.000,0.000,0.000,0.000,0.000,0.000
30c,old,3,0.000,0.000,0.000,0.000,0.000,0.000,0.000,0.000,0.000,0.000,1154.000,0.000,0.000
30c,old,4,0.000,0.000,0.000,0.000,0.000,0.000,0.000,0.000,0.000,0.000,0.000,0.000,0.000
30c,old,5,0.000,0.000,0.000,0.000,0.000,0.000,0.000,0.000,0.000,0.000,1220.000,0.000,0.000
30c,old,6,0.000,0.000,0.000,0.000,0.000,0.000,0.000,0.000,0.000,0.000,1160.000,0.000,0.000
30c,old,7,0.000,0.000,0.000,0.000,0.000,0.000,0.000,0.000,0.000,0.000,1524.000,1.000,0.000
30c,old,8,0.000,0.000,0.000,0.000,0.000,0.000,0.000,0.000,0.000,0.000,1242.000,0.000,0.000
30c,old,9,0.000,0.000,0.000,0.000,0.000,0.000,0.000,0.000,0.000,0.000,0.000,0.000,0.000
30c,old,10,0.000,0.000,0.000,0.000,0.000,0.000,0.000,0.000,0.000,0.000,0.000,0.000,0.000
30c,old,11,0.000,0.000,0.000,0.000,0.000,0.000,0.000,0.000,0.000,0.000,0.000,0.000,0.000
30c,old,12,0.000,0.000,0.000,0.000,0.000,0.000,0.000,0.000,0.000,0.000,0.000,0.000,0.000
30c,old,13,0.000,0.000,0.000,0.000,0.000,0.000,0.000,0.000,0.000,0.000,0.000,0.000,0.000
30c,old,14,0.000,0.000,0.000,0.000,0.000,0.000,0.000,0.000,0.000,0.000,0.000,0.000,0.000
30c,old,15,0.000,0.000,0.000,0.000,0.000,0.000,0.000,0.000,0.000,0.000,0.000,3.000,0.000
30c,old,16,0.000,0.000,0.000,0.000,0.000,0.000,0.000,0.000,0.000,0.000,0.000,0.000,0.000
30c,old,17,0.000,0.000,0.000,0.000,0.000,0.000,0.000,0.000,0.000,0.000,0.000,0.000,0.000
30c,old,18,0.000,0.000,0.000,0.000,0.000,0.000,0.000,0.000,0.000,0.000,0.000,0.000,0.000
30c,old,19,0.000,0.000,0.000,0.000,0.000,0.000,0.000,0.000,0.000,0.000,0.000,0.000,0.000
30c,old,20,0.000,0.000,0.000,0.000,0.000,0.000,0.000,0.000,0.000,0.000,0.000,0.000,0.000
30c,old,21,0.000,0.000,0.000,0.000,0.000,0.000,0.000,0.000,0.000,0.000,0.000,0.000,0.000
30c,old,22,0.000,0.000,0.000,0.000,0.000,0.000,0.000,0.000,0.000,0.000,0.000,0.000,0.000
30c,old,23,0.000,0.000,0.000,0.000,0.000,0.000,0.000,0.000,0.000,0.000,0.000,2.000,0.000
30c,old,24,0.000,0.000,0.000,0.000,0.000,0.000,0.000,0.000,0.000,0.000,0.000,0.000,0.000
31a,old,0,0.000,0.000,0.000,0.000,0.000,0.000,0.000,0.000,0.000,0.000,0.000,0.000,0.000
31a,old,1,0.000,0.000,0.000,0.000,0.000,0.000,0.000,0.000,0.000,0.000,1235.000,0.000,0.000
31a,old,2,0.000,0.000,0.000,0.000,0.000,0.000,0.000,0.000,0.000,0.000,0.000,0.000,0.000
31a,old,3,0.000,0.000,0.000,0.000,0.000,0.000,0.000,0.000,0.000,0.000,0.000,1.000,0.000
31a,old,4,0.000,0.000,0.000,0.000,0.000,0.000,0.000,0.000,0.000,0.000,1072.000,0.000,0.000
31a,old,5,0.000,0.000,0.000,0.000,0.000,0.000,0.000,0.000,0.000,0.000,1224.000,0.000,0.000
31a,old,6,0.000,0.000,0.000,0.000,0.000,0.000,0.000,0.000,0.000,0.000,1176.000,0.000,0.000
31a,old,7,0.000,0.000,0.000,0.000,0.000,0.000,0.000,0.000,0.000,0.000,0.000,0.000,0.000
31a,old,8,0.000,0.000,0.000,0.000,0.000,0.000,0.000,0.000,0.000,0.000,1295.000,1.000,0.000
31a,old,9,0.000,0.000,0.000,0.000,0.000,0.000,0.000,0.000,0.000,0.000,1274.000,0.000,0.000
31a,old,10,0.000,0.000,0.000,0.000,0.000,0.000,0.000,0.000,0.000,0.000,0.000,0.000,0.000
31a,old,11,0.000,0.000,0.000,0.000,0.000,0.000,0.000,0.000,0.000,0.000,0.000,0.000,0.000
31a,old,12,0.000,0.000,0.000,0.000,0.000,0.000,0.000,0.000,0.000,0.000,0.000,0.000,0.000
31a,old,13,0.000,0.000,0.000,0.000,0.000,0.000,0.000,0.000,0.000,0.000,0.000,0.000,0.000
31a,old,14,0.000,0.000,0.000,0.000,0.000,0.000,0.000,0.000,0.000,0.000,0.000,0.000,0.000
31a,old,15,0.000,0.000,0.000,0.000,0.000,0.000,0.000,0.000,0.000,0.000,0.000,0.000,0.000
31a,old,16,0.000,0.000,0.000,0.000,0.000,0.000,0.000,0.000,0.000,0.000,0.000,0.000,0.000
31a,old,17,0.000,0.000,0.000,0.000,0.000,0.000,0.000,0.000,0.000,0.000,0.000,1.000,0.000
31a,old,18,0.000,0.000,0.000,0.000,0.000,0.000,0.000,0.000,0.000,0.000,0.000,3.000,0.000
31a,old,19,0.000,0.000,0.000,0.000,0.000,0.000,0.000,0.000,0.000,0.000,0.000,0.000,0.000
31a,old,20,0.000,0.000,0.000,0.000,0.000,0.000,0.000,0.000,0.000,0.000,0.000,0.000,0.000
31a,old,21,0.000,0.000,0.000,0.000,0.000,0.000,0.000,0.000,0.000,0.000,0.000,0.000,0.000
31a,old,22,0.000,0.000,0.000,0.000,0.000,0.000,0.000,0.000,0.000,0.000,0.000,0.000,0.000
31a,old,23,0.000,0.000,0.000,0.000,0.000,0.000,0.000,0.000,0.000,0.000,0.000,0.000,0.000
31a,old,24,0.000,0.000,0.000,0.000,0.000,0.000,0.000,0.000,0.000,0.000,0.000,0.000,0.000
31a,old,25,0.000,0.000,0.000,0.000,0.000,0.000,0.000,0.000,0.000,0.000,0.000,0.000,0.000
31a,old,26,0.000,0.000,0.000,0.000,0.000,0.000,0.000,0.000,0.000,0.000,0.000,1.000,0.000
31a,old,27,0.000,0.000,0.000,0.000,0.000,0.000,0.000,0.000,0.000,0.000,0.000,0.000,0.000
31b,old,0,0.000,0.000,0.000,0.000,0.000,0.000,0.000,0.000,0.000,0.000,0.000,0.000,0.000
31b,old,1,0.000,0.000,0.000,0.000,0.000,0.000,0.000,0.000,0.000,0.000,1257.000,0.000,0.000
31b,old,2,0.000,0.000,0.000,0.000,0.000,0.000,0.000,0.000,0.000,0.000,0.000,0.000,0.000
31b,old,3,0.000,0.000,0.000,0.000,0.000,0.000,0.000,0.000,0.000,0.000,0.000,0.000,0.000
31b,old,4,0.000,0.000,0.000,0.000,0.000,0.000,0.000,0.000,0.000,0.000,1171.000,0.000,0.000
31b,old,5,0.000,0.000,0.000,0.000,0.000,0.000,0.000,0.000,0.000,0.000,1214.000,0.000,0.000
31b,old,6,0.000,0.000,0.000,0.000,0.000,0.000,0.000,0.000,0.000,0.000,1149.000,0.000,0.000
31b,old,7,0.000,0.000,0.000,0.000,0.000,0.000,0.000,0.000,0.000,0.000,0.000,0.000,0.000
31b,old,8,0.000,0.000,0.000,0.000,0.000,0.000,0.000,0.000,0.000,0.000,1261.000,0.000,0.000
31b,old,9,0.000,0.000,0.000,0.000,0.000,0.000,0.000,0.000,0.000,0.000,1289.000,0.000,0.000
31b,old,10,0.000,0.000,0.000,0.000,0.000,0.000,0.000,0.000,0.000,0.000,0.000,0.000,0.000
31b,old,11,0.000,0.000,0.000,0.000,0.000,0.000,0.000,0.000,0.000,0.000,0.000,0.000,0.000
31b,old,12,0.000,0.000,0.000,0.000,0.000,0.000,0.000,0.000,0.000,0.000,0.000,0.000,0.000
31b,old,13,0.000,0.000,0.000,0.000,0.000,0.000,0.000,0.000,0.000,0.000,0.000,0.000,0.000
31b,old,14,0.000,0.000,0.000,0.000,0.000,0.000,0.000,0.000,0.000,0.000,0.000,0.000,0.000
31b,old,15,0.000,0.000,0.000,0.000,0.000,0.000,0.000,0.000,0.000,0.000,0.000,0.000,0.000
31b,old,16,0.000,0.000,0.000,0.000,0.000,0.000,0.000,0.000,0.000,0.000,0.000,0.000,0.000
31b,old,17,0.000,0.000,0.000,0.000,0.000,0.000,0.000,0.000,0.000,0.000,0.000,0.000,0.000
31b,old,18,0.000,0.000,0.000,0.000,0.000,0.000,0.000,0.000,0.000,0.000,0.000,1.000,0.000
31b,old,19,0.000,0.000,0.000,0.000,0.000,0.000,0.000,0.000,0.000,0.000,0.000,0.000,0.000
31b,old,20,0.000,0.000,0.000,0.000,0.000,0.000,0.000,0.000,0.000,0.000,0.000,0.000,0.000
31b,old,21,0.000,0.000,0.000,0.000,0.000,0.000,0.000,0.000,0.000,0.000,0.000,0.000,0.000
31b,old,22,0.000,0.000,0.000,0.000,0.000,0.000,0.000,0.000,0.000,0.000,0.000,0.000,0.000
31b,old,23,0.000,0.000,0.000,0.000,0.000,0.000,0.000,0.000,0.000,0.000,0.000,0.000,0.000
31b,old,24,0.000,0.000,0.000,0.000,0.000,0.000,0.000,0.000,0.000,0.000,0.000,0.000,0.000
31b,old,25,0.000,0.000,0.000,0.000,0.000,0.000,0.000,0.000,0.000,0.000,0.000,0.000,0.000
31b,old,26,0.000,0.000,0.000,0.000,0.000,0.000,0.000,0.000,0.000,0.000,0.000,0.000,0.000
31b,old,27,0.000,0.000,0.000,0.000,0.000,0.000,0.000,0.000,0.000,0.000,0.000,0.000,0.000
31c,old,0,0.000,0.000,0.000,0.000,0.000,0.000,0.000,0.000,0.000,0.000,0.000,0.000,0.000
31c,old,1,0.000,0.000,0.000,0.000,0.000,0.000,0.000,0.000,0.000,0.000,1098.000,0.000,0.000
31c,old,2,0.000,0.000,0.000,0.000,0.000,0.000,0.000,0.000,0.000,0.000,0.000,0.000,0.000
31c,old,3,0.000,0.000,0.000,0.000,0.000,0.000,0.000,0.000,0.000,0.000,0.000,0.000,0.000
31c,old,4,0.000,0.000,0.000,0.000,0.000,0.000,0.000,0.000,0.000,0.000,1195.000,0.000,0.000
31c,old,5,0.000,0.000,0.000,0.000,0.000,0.000,0.000,0.000,0.000,0.000,1284.000,0.000,0.000
31c,old,6,0.000,0.000,0.000,0.000,0.000,0.000,0.000,0.000,0.000,0.000,1189.000,0.000,0.000
31c,old,7,0.000,0.000,0.000,0.000,0.000,0.000,0.000,0.000,0.000,0.000,1272.000,0.000,0.000
31c,old,8,0.000,0.000,0.000,0.000,0.000,0.000,0.000,0.000,0.000,0.000,1263.000,1.000,0.000
31c,old,9,0.000,0.000,0.000,0.000,0.000,0.000,0.000,0.000,0.000,0.000,1187.000,0.000,0.000
31c,old,10,0.000,0.000,0.000,0.000,0.000,0.000,0.000,0.000,0.000,0.000,0.000,0.000,0.000
31c,old,11,0.000,0.000,0.000,0.000,0.000,0.000,0.000,0.000,0.000,0.000,0.000,0.000,0.000
31c,old,12,0.000,0.000,0.000,0.000,0.000,0.000,0.000,0.000,0.000,0.000,0.000,0.000,0.000
31c,old,13,0.000,0.000,0.000,0.000,0.000,0.000,0.000,0.000,0.000,0.000,0.000,0.000,0.000
31c,old,14,0.000,0.000,0.000,0.000,0.000,0.000,0.000,0.000,0.000,0.000,0.000,0.000,0.000
31c,old,15,0.000,0.000,0.000,0.000,0.000,0.000,0.000,0.000,0.000,0.000,0.000,0.000,0.000
31c,old,16,0.000,0.000,0.000,0.000,0.000,0.000,0.000,0.000,0.000,0.000,0.000,0.000,0.000
31c,old,17,0.000,0.000,0.000,0.000,0.000,0.000,0.000,0.000,0.000,0.000,0.000,1.000,0.000
31c,old,18,0.000,0.000,0.000,0.000,0.000,0.000,0.000,0.000,0.000,0.000,0.000,1.000,0.000
31c,old,19,0.000,0.000,0.000,0.000,0.000,0.000,0.000,0.000,0.000,0.000,0.000,0.000,0.000
31c,old,20,0.000,0.000,0.000,0.000,0.000,0.000,0.000,0.000,0.000,0.000,0.000,0.000,0.000
31c,old,21,0.000,0.000,0.000,0.000,0.000,0.000,0.000,0.000,0.000,0.000,0.000,0.000,0.000
31c,old,22,0.000,0.000,0.000,0.000,0.000,0.000,0.000,0.000,0.000,0.000,0.000,0.000,0.000
31c,old,23,0.000,0.000,0.000,0.000,0.000,0.000,0.000,0.000,0.000,0.000,0.000,0.000,0.000
31c,old,24,0.000,0.000,0.000,0.000,0.000,0.000,0.000,0.000,0.000,0.000,0.000,0.000,0.000
31c,old,25,0.000,0.000,0.000,0.000,0.000,0.000,0.000,0.000,0.000,0.000,0.000,0.000,0.000
31c,old,26,0.000,0.000,0.000,0.000,0.000,0.000,0.000,0.000,0.000,0.000,0.000,7.000,0.000
31c,old,27,0.000,0.000,0.000,0.000,0.000,0.000,0.000,0.000,0.000,0.000,0.000,0.000,0.000
32a,old,0,0.000,0.000,0.000,0.000,0.000,0.000,0.000,0.000,0.000,0.000,0.000,0.000,0.000
32a,old,1,0.000,0.000,0.000,0.000,0.000,0.000,0.000,0.000,0.000,0.000,1191.000,0.000,0.000
32a,old,2,0.000,0.000,0.000,0.000,0.000,0.000,0.000,0.000,0.000,0.000,1139.000,0.000,0.000
32a,old,3,0.000,0.000,0.000,0.000,0.000,0.000,0.000,0.000,0.000,0.000,1164.000,1.000,0.000
32a,old,4,0.000,0.000,0.000,0.000,0.000,0.000,0.000,0.000,0.000,0.000,1249.000,0.000,0.000
32a,old,5,0.000,0.000,0.000,0.000,0.000,0.000,0.000,0.000,0.000,0.000,0.000,0.000,0.000
32a,old,6,0.000,0.000,0.000,0.000,0.000,0.000,0.000,0.000,0.000,0.000,0.000,0.000,0.000
32a,old,7,0.000,0.000,0.000,0.000,0.000,0.000,0.000,0.000,0.000,0.000,0.000,1.000,0.000
32a,old,8,0.000,0.000,0.000,0.000,0.000,0.000,0.000,0.000,0.000,0.000,0.000,2.000,0.000
32a,old,9,0.000,0.000,0.000,0.000,0.000,0.000,0.000,0.000,0.000,0.000,0.000,0.000,0.000
32a,old,10,0.000,0.000,0.000,0.000,0.000,0.000,0.000,0.000,0.000,0.000,0.000,0.000,0.000
32a,old,11,0.000,0.000,0.000,0.000,0.000,0.000,0.000,0.000,0.000,0.000,0.000,1.000,0.000
32a,old,12,0.000,0.000,0.000,0.000,0.000,0.000,0.000,0.000,0.000,0.000,0.000,0.000,0.000
32b,old,0,0.000,0.000,0.000,0.000,0.000,0.000,0.000,0.000,0.000,0.000,0.000,0.000,0.000
32b,old,1,0.000,0.000,0.000,0.000,0.000,0.000,0.000,0.000,0.000,0.000,1122.000,0.000,0.000
32b,old,2,0.000,0.000,0.000,0.000,0.000,0.000,0.000,0.000,0.000,0.000,1076.000,0.000,0.000
32b,old,3,0.000,0.000,0.000,0.000,0.000,0.000,0.000,0.000,0.000,0.000,1174.000,1.000,0.000
32b,old,4,0.000,0.000,0.000,0.000,0.000,0.000,0.000,0.000,0.000,0.000,1230.000,0.000,0.000
32b,old,5,0.000,0.000,0.000,0.000,0.000,0.000,0.000,0.000,0.000,0.000,1151.000,0.000,0.000
32b,old,6,0.000,0.000,0.000,0.000,0.000,0.000,0.000,0.000,0.000,0.000,0.000,0.000,0.000
32b,old,7,0.000,0.000,0.000,0.000,0.000,0.000,0.000,0.000,0.000,0.000,0.000,0.000,0.000
32b,old,8,0.000,0.000,0.000,0.000,0.000,0.000,0.000,0.000,0.000,0.000,0.000,1.000,0.000
32b,old,9,0.000,0.000,0.000,0.000,0.000,0.000,0.000,0.000,0.000,0.000,0.000,0.000,0.000
32b,old,10,0.000,0.000,0.000,0.000,0.000,0.000,0.000,0.000,0.000,0.000,0.000,0.000,0.000
32b,old,11,0.000,0.000,0.000,0.000,0.000,0.000,0.000,0.000,0.000,0.000,0.000,0.000,0.000
32b,old,12,0.000,0.000,0.000,0.000,0.000,0.000,0.000,0.000,0.000,0.000,0.000,0.000,0.000
32b,old,13,0.000,0.000,0.000,0.000,0.000,0.000,0.000,0.000,0.000,0.000,0.000,0.000,0.000
32b,old,14,0.000,0.000,0.000,0.000,0.000,0.000,0.000,0.000,0.000,0.000,0.000,0.000,0.000
32b,old,15,0.000,0.000,0.000,0.000,0.000,0.000,0.000,0.000,0.000,0.000,0.000,0.000,0.000
33a,old,0,0.000,0.000,0.000,0.000,0.000,0.000,0.000,0.000,0.000,0.000,0.000,0.000,0.000
33a,old,1,0.000,0.000,0.000,0.000,0.000,0.000,0.000,0.000,0.000,0.000,1261.000,0.000,0.000
33a,old,2,0.000,0.000,0.000,0.000,0.000,0.000,0.000,0.000,0.000,0.000,1211.000,0.000,0.000
33a,old,3,0.000,0.000,0.000,0.000,0.000,0.000,0.000,0.000,0.000,0.000,0.000,0.000,0.000
33a,old,4,0.000,0.000,0.000,0.000,0.000,0.000,0.000,0.000,0.000,0.000,1338.000,0.000,0.000
33a,old,5,0.000,0.000,0.000,0.000,0.000,0.000,0.000,0.000,0.000,0.000,1340.000,0.000,0.000
33a,old,6,0.000,0.000,0.000,0.000,0.000,0.000,0.000,0.000,0.000,0.000,1335.000,0.000,0.000
33a,old,7,0.000,0.000,0.000,0.000,0.000,0.000,0.000,0.000,0.000,0.000,1315.000,0.000,0.000
33a,old,8,0.000,0.000,0.000,0.000,0.000,0.000,0.000,0.000,0.000,0.000,0.000,0.000,0.000
33a,old,9,0.000,0.000,0.000,0.000,0.000,0.000,0.000,0.000,0.000,0.000,1428.000,0.000,0.000
33a,old,10,0.000,0.000,0.000,0.000,0.000,0.000,0.000,0.000,0.000,0.000,1236.000,0.000,0.000
33a,old,11,0.000,0.000,0.000,0.000,0.000,0.000,0.000,0.000,0.000,0.000,0.000,0.000,0.000
33a,old,12,0.000,0.000,0.000,0.000,0.000,0.000,0.000,0.000,0.000,0.000,0.000,0.000,0.000
33a,old,13,0.000,0.000,0.000,0.000,0.000,0.000,0.000,0.000,0.000,0.000,0.000,0.000,0.000
33a,old,14,0.000,0.000,0.000,0.000,0.000,0.000,0.000,0.000,0.000,0.000,0.000,0.000,0.000
33a,old,15,0.000,0.000,0.000,0.000,0.000,0.000,0.000,0.000,0.000,0.000,0.000,0.000,0.000
33a,old,16,0.000,0.000,0.000,0.000,0.000,0.000,0.000,0.000,0.000,0.000,0.000,0.000,0.000
33a,old,17,0.000,0.000,0.000,0.000,0.000,0.000,0.000,0.000,0.000,0.000,0.000,0.000,0.000
33a,old,18,0.000,0.000,0.000,0.000,0.000,0.000,0.000,0.000,0.000,0.000,0.000,0.000,0.000
33a,old,19,0.000,0.000,0.000,0.000,0.000,0.000,0.000,0.000,0.000,0.000,0.000,0.000,0.000
33a,old,20,0.000,0.000,0.000,0.000,0.000,0.000,0.000,0.000,0.000,0.000,0.000,0.000,0.000
33a,old,21,0.000,0.000,0.000,0.000,0.000,0.000,0.000,0.000,0.000,0.000,0.000,0.000,0.000
33a,old,22,0.000,0.000,0.000,0.000,0.000,0.000,0.000,0.000,0.000,0.000,0.000,0.000,0.000
33a,old,23,0.000,0.000,0.000,0.000,0.000,0.000,0.000,0.000,0.000,0.000,0.000,0.000,0.000
33a,old,24,0.000,0.000,0.000,0.000,0.000,0.000,0.000,0.000,0.000,0.000,0.000,0.000,0.000
33a,old,25,0.000,0.000,0.000,0.000,0.000,0.000,0.000,0.000,0.000,0.000,0.000,0.000,0.000
33a,old,26,0.000,0.000,0.000,0.000,0.000,0.000,0.000,0.000,0.000,0.000,0.000,0.000,0.000
33a,old,27,0.000,0.000,0.000,0.000,0.000,0.000,0.000,0.000,0.000,0.000,0.000,0.000,0.000
33a,old,28,0.000,0.000,0.000,0.000,0.000,0.000,0.000,0.000,0.000,0.000,0.000,0.000,0.000
33a,old,29,0.000,0.000,0.000,0.000,0.000,0.000,0.000,0.000,0.000,0.000,0.000,0.000,0.000
33a,old,30,0.000,0.000,0.000,0.000,0.000,0.000,0.000,0.000,0.000,0.000,0.000,0.000,0.000
33b,old,0,0.000,0.000,0.000,0.000,0.000,0.000,0.000,0.000,0.000,0.000,0.000,0.000,0.000
33b,old,1,0.000,0.000,0.000,0.000,0.000,0.000,0.000,0.000,0.000,0.000,1151.000,0.000,0.000
33b,old,2,0.000,0.000,0.000,0.000,0.000,0.000,0.000,0.000,0.000,0.000,1150.000,0.000,0.000
33b,old,3,0.000,0.000,0.000,0.000,0.000,0.000,0.000,0.000,0.000,0.000,0.000,0.000,0.000
33b,old,4,0.000,0.000,0.000,0.000,0.000,0.000,0.000,0.000,0.000,0.000,0.000,0.000,0.000
33b,old,5,0.000,0.000,0.000,0.000,0.000,0.000,0.000,0.000,0.000,0.000,1335.000,0.000,0.000
33b,old,6,0.000,0.000,0.000,0.000,0.000,0.000,0.000,0.000,0.000,0.000,1426.000,0.000,0.000
33b,old,7,0.000,0.000,0.000,0.000,0.000,0.000,0.000,0.000,0.000,0.000,1324.000,0.000,0.000
33b,old,8,0.000,0.000,0.000,0.000,0.000,0.000,0.000,0.000,0.000,0.000,1364.000,0.000,0.000
33b,old,9,0.000,0.000,0.000,0.000,0.000,0.000,0.000,0.000,0.000,0.000,1433.000,0.000,0.000
33b,old,10,0.000,0.000,0.000,0.000,0.000,0.000,0.000,0.000,0.000,0.000,1162.000,0.000,0.000
33b,old,11,0.000,0.000,0.000,0.000,0.000,0.000,0.000,0.000,0.000,0.000,0.000,0.000,0.000
33b,old,12,0.000,0.000,0.000,0.000,0.000,0.000,0.000,0.000,0.000,0.000,0.000,0.000,0.000
33b,old,13,0.000,0.000,0.000,0.000,0.000,0.000,0.000,0.000,0.000,0.000,0.000,0.000,0.000
33b,old,14,0.000,0.000,0.000,0.000,0.000,0.000,0.000,0.000,0.000,0.000,0.000,0.000,0.000
33b,old,15,0.000,0.000,0.000,0.000,0.000,0.000,0.000,0.000,0.000,0.000,0.000,0.000,0.000
33b,old,16,0.000,0.000,0.000,0.000,0.000,0.000,0.000,0.000,0.000,0.000,0.000,0.000,0.000
33b,old,17,0.000,0.000,0.000,0.000,0.000,0.000,0.000,0.000,0.000,0.000,0.000,0.000,0.000
33b,old,18,0.000,0.000,0.000,0.000,0.000,0.000,0.000,0.000,0.000,0.000,0.000,0.000,0.000
33b,old,19,0.000,0.000,0.000,0.000,0.000,0.000,0.000,0.000,0.000,0.000,0.000,2.000,0.000
33b,old,20,0.000,0.000,0.000,0.000,0.000,0.000,0.000,0.000,0.000,0.000,0.000,0.000,0.000
33b,old,21,0.000,0.000,0.000,0.000,0.000,0.000,0.000,0.000,0.000,0.000,0.000,0.000,0.000
33b,old,22,0.000,0.000,0.000,0.000,0.000,0.000,0.000,0.000,0.000,0.000,0.000,0.000,0.000
33b,old,23,0.000,0.000,0.000,0.000,0.000,0.000,0.000,0.000,0.000,0.000,0.000,0.000,0.000
33b,old,24,0.000,0.000,0.000,0.000,0.000,0.000,0.000,0.000,0.000,0.000,0.000,0.000,0.000
33b,old,25,0.000,0.000,0.000,0.000,0.000,0.000,0.000,0.000,0.000,0.000,0.000,0.000,0.000
33b,old,26,0.000,0.000,0.000,0.000,0.000,0.000,0.000,0.000,0.000,0.000,0.000,0.000,0.000
33b,old,27,0.000,0.000,0.000,0.000,0.000,0.000,0.000,0.000,0.000,0.000,0.000,0.000,0.000
33b,old,28,0.000,0.000,0.000,0.000,0.000,0.000,0.000,0.000,0.000,0.000,0.000,0.000,0.000
33b,old,29,0.000,0.000,0.000,0.000,0.000,0.000,0.000,0.000,0.000,0.000,0.000,0.000,0.000
33b,old,30,0.000,0.000,0.000,0.000,0.000,0.000,0.000,0.000,0.000,0.000,0.000,0.000,0.000
33c,old,0,0.000,0.000,0.000,0.000,0.000,0.000,0.000,0.000,0.000,0.000,0.000,0.000,0.000
33c,old,1,0.000,0.000,0.000,0.000,0.000,0.000,0.000,0.000,0.000,0.000,1226.000,0.000,0.000
33c,old,2,0.000,0.000,0.000,0.000,0.000,0.000,0.000,0.000,0.000,0.000,0.000,0.000,0.000
33c,old,3,0.000,0.000,0.000,0.000,0.000,0.000,0.000,0.000,0.000,0.000,0.000,0.000,0.000
33c,old,4,0.000,0.000,0.000,0.000,0.000,0.000,0.000,0.000,0.000,0.000,1335.000,0.000,0.000
33c,old,5,0.000,0.000,0.000,0.000,0.000,0.000,0.000,0.000,0.000,0.000,0.000,0.000,0.000
33c,old,6,0.000,0.000,0.000,0.000,0.000,0.000,0.000,0.000,0.000,0.000,1397.000,0.000,0.000
33c,old,7,0.000,0.000,0.000,0.000,0.000,0.000,0.000,0.000,0.000,0.000,0.000,0.000,0.000
33c,old,8,0.000,0.000,0.000,0.000,0.000,0.000,0.000,0.000,0.000,0.000,1286.000,0.000,0.000
33c,old,9,0.000,0.000,0.000,0.000,0.000,0.000,0.000,0.000,0.000,0.000,1172.000,0.000,0.000
33c,old,10,0.000,0.000,0.000,0.000,0.000,0.000,0.000,0.000,0.000,0.000,0.000,0.000,0.000
33c,old,11,0.000,0.000,0.000,0.000,0.000,0.000,0.000,0.000,0.000,0.000,1312.000,0.000,0.000
33c,old,12,0.000,0.000,0.000,0.000,0.000,0.000,0.000,0.000,0.000,0.000,1303.000,0.000,0.000
33c,old,13,0.000,0.000,0.000,0.000,0.000,0.000,0.000,0.000,0.000,0.000,0.000,0.000,0.000
33c,old,14,0.000,0.000,0.000,0.000,0.000,0.000,0.000,0.000,0.000,0.000,0.000,0.000,0.000
33c,old,15,0.000,0.000,0.000,0.000,0.000,0.000,0.000,0.000,0.000,0.000,0.000,0.000,0.000
33c,old,16,0.000,0.000,0.000,0.000,0.000,0.000,0.000,0.000,0.000,0.000,0.000,0.000,0.000
33c,old,17,0.000,0.000,0.000,0.000,0.000,0.000,0.000,0.000,0.000,0.000,0.000,0.000,0.000
33c,old,18,0.000,0.000,0.000,0.000,0.000,0.000,0.000,0.000,0.000,0.000,0.000,0.000,0.000
33c,old,19,0.000,0.000,0.000,0.000,0.000,0.000,0.000,0.000,0.000,0.000,0.000,0.000,0.000
33c,old,20,0.000,0.000,0.000,0.000,0.000,0.000,0.000,0.000,0.000,0.000,0.000,0.000,0.000
33c,old,21,0.000,0.000,0.000,0.000,0.000,0.000,0.000,0.000,0.000,0.000,0.000,0.000,0.000
33c,old,22,0.000,0.000,0.000,0.000,0.000,0.000,0.000,0.000,0.000,0.000,0.000,0.000,0.000
33c,old,23,0.000,0.000,0.000,0.000,0.000,0.000,0.000,0.000,0.000,0.000,0.000,0.000,0.000
33c,old,24,0.000,0.000,0.000,0.000,0.000,0.000,0.000,0.000,0.000,0.000,0.000,0.000,0.000
33c,old,25,0.000,0.000,0.000,0.000,0.000,0.000,0.000,0.000,0.000,0.000,0.000,0.000,0.000
33c,old,26,0.000,0.000,0.000,0.000,0.000,0.000,0.000,0.000,0.000,0.000,0.000,0.000,0.000
33c,old,27,0.000,0.000,0.000,0.000,0.000,0.000,0.000,0.000,0.000,0.000,0.000,0.000,0.000
33c,old,28,0.000,0.000,0.000,0.000,0.000,0.000,0.000,0.000,0.000,0.000,0.000,0.000,0.000
33c,old,29,0.000,0.000,0.000,0.000,0.000,0.000,0.000,0.000,0.000,0.000,0.000,0.000,0.000
33c,old,30,0.000,0.000,0.000,0.000,0.000,0.000,0.000,0.000,0.000,0.000,0.000,0.000,0.000
33c,old,31,0.000,0.000,0.000,0.000,0.000,0.000,0.000,0.000,0.000,0.000,0.000,0.000,0.000
33c,old,32,0.000,0.000,0.000,0.000,0.000,0.000,0.000,0.000,0.000,0.000,0.000,0.000,0.000
33c,old,33,0.000,0.000,0.000,0.000,0.000,0.000,0.000,0.000,0.000,0.000,0.000,0.000,0.000
33c,old,34,0.000,0.000,0.000,0.000,0.000,0.000,0.000,0.000,0.000,0.000,0.000,0.000,0.000
33c,old,35,0.000,0.000,0.000,0.000,0.000,0.000,0.000,0.000,0.000,0.000,0.000,0.000,0.000
33c,old,36,0.000,0.000,0.000,0.000,0.000,0.000,0.000,0.000,0.000,0.000,0.000,0.000,0.000
3a,old,0,0.000,0.000,0.000,0.000,0.000,0.000,0.000,0.000,0.000,0.000,0.000,0.000,0.000
3a,old,1,0.000,0.000,0.000,0.000,0.000,0.000,0.000,0.000,0.000,0.000,1193.000,0.000,0.000
3a,old,2,0.000,0.000,0.000,0.000,0.000,0.000,0.000,0.000,0.000,0.000,0.000,1.000,0.000
3a,old,3,0.000,0.000,0.000,0.000,0.000,0.000,0.000,0.000,0.000,0.000,0.000,0.000,0.000
3a,old,4,0.000,0.000,0.000,0.000,0.000,0.000,0.000,0.000,0.000,0.000,1315.000,0.000,0.000
3a,old,5,0.000,0.000,0.000,0.000,0.000,0.000,0.000,0.000,0.000,0.000,0.000,0.000,0.000
3a,old,6,0.000,0.000,0.000,0.000,0.000,0.000,0.000,0.000,0.000,0.000,0.000,1.000,0.000
3a,old,7,0.000,0.000,0.000,0.000,0.000,0.000,0.000,0.000,0.000,0.000,0.000,0.000,0.000
3a,old,8,0.000,0.000,0.000,0.000,0.000,0.000,0.000,0.000,0.000,0.000,0.000,0.000,0.000
3a,old,9,0.000,0.000,0.000,0.000,0.000,0.000,0.000,0.000,0.000,0.000,0.000,0.000,0.000
3a,old,10,0.000,0.000,0.000,0.000,0.000,0.000,0.000,0.000,0.000,0.000,0.000,1.000,0.000
3a,old,11,0.000,0.000,0.000,0.000,0.000,0.000,0.000,0.000,0.000,0.000,0.000,0.000,0.000
3a,old,12,0.000,0.000,0.000,0.000,0.000,0.000,0.000,0.000,0.000,0.000,0.000,0.000,0.000
3b,old,0,0.000,0.000,0.000,0.000,0.000,0.000,0.000,0.000,0.000,0.000,0.000,0.000,0.000
3b,old,1,0.000,0.000,0.000,0.000,0.000,0.000,0.000,0.000,0.000,0.000,1159.000,0.000,0.000
3b,old,2,0.000,0.000,0.000,0.000,0.000,0.000,0.000,0.000,0.000,0.000,0.000,0.000,0.000
3b,old,3,0.000,0.000,0.000,0.000,0.000,0.000,0.000,0.000,0.000,0.000,1243.000,0.000,0.000
3b,old,4,0.000,0.000,0.000,0.000,0.000,0.000,0.000,0.000,0.000,0.000,1237.000,1.000,0.000
3b,old,5,0.000,0.000,0.000,0.000,0.000,0.000,0.000,0.000,0.000,0.000,0.000,0.000,0.000
3b,old,6,0.000,0.000,0.000,0.000,0.000,0.000,0.000,0.000,0.000,0.000,0.000,0.000,0.000
3b,old,7,0.000,0.000,0.000,0.000,0.000,0.000,0.000,0.000,0.000,0.000,0.000,0.000,0.000
3b,old,8,0.000,0.000,0.000,0.000,0.000,0.000,0.000,0.000,0.000,0.000,0.000,1.000,0.000
3b,old,9,0.000,0.000,0.000,0.000,0.000,0.000,0.000,0.000,0.000,0.000,0.000,0.000,0.000
3b,old,10,0.000,0.000,0.000,0.000,0.000,0.000,0.000,0.000,0.000,0.000,0.000,0.000,0.000
3b,old,11,0.000,0.000,0.000,0.000,0.000,0.000,0.000,0.000,0.000,0.000,0.000,0.000,0.000
3b,old,12,0.000,0.000,0.000,0.000,0.000,0.000,0.000,0.000,0.000,0.000,0.000,1.000,0.000
3c,old,0,0.000,0.000,0.000,0.000,0.000,0.000,0.000,0.000,0.000,0.000,0.000,0.000,0.000
3c,old,1,0.000,0.000,0.000,0.000,0.000,0.000,0.000,0.000,0.000,0.000,1167.000,0.000,0.000
3c,old,2,0.000,0.000,0.000,0.000,0.000,0.000,0.000,0.000,0.000,0.000,0.000,1.000,0.000
3c,old,3,0.000,0.000,0.000,0.000,0.000,0.000,0.000,0.000,0.000,0.000,1214.000,0.000,0.000
3c,old,4,0.000,0.000,0.000,0.000,0.000,0.000,0.000,0.000,0.000,0.000,1230.000,0.000,0.000
3c,old,5,0.000,0.000,0.000,0.000,0.000,0.000,0.000,0.000,0.000,0.000,0.000,0.000,0.000
3c,old,6,0.000,0.000,0.000,0.000,0.000,0.000,0.000,0.000,0.000,0.000,0.000,1.000,0.000
3c,old,7,0.000,0.000,0.000,0.000,0.000,0.000,0.000,0.000,0.000,0.000,0.000,0.000,0.000
3c,old,8,0.000,0.000,0.000,0.000,0.000,0.000,0.000,0.000,0.000,0.000,0.000,0.000,0.000
3c,old,9,0.000,0.000,0.000,0.000,0.000,0.000,0.000,0.000,0.000,0.000,0.000,0.000,0.000
3c,old,10,0.000,0.000,0.000,0.000,0.000,0.000,0.000,0.000,0.000,0.000,0.000,1.000,0.000
3c,old,11,0.000,0.000,0.000,0.000,0.000,0.000,0.000,0.000,0.000,0.000,0.000,0.000,0.000
3c,old,12,0.000,0.000,0.000,0.000,0.000,0.000,0.000,0.000,0.000,0.000,0.000,0.000,0.000
4a,old,0,0.000,0.000,0.000,0.000,0.000,0.000,0.000,0.000,0.000,0.000,0.000,0.000,0.000
4a,old,1,0.000,0.000,0.000,0.000,0.000,0.000,0.000,0.000,0.000,0.000,1251.000,0.000,0.000
4a,old,2,0.000,0.000,0.000,0.000,0.000,0.000,0.000,0.000,0.000,0.000,0.000,1.000,0.000
4a,old,3,0.000,0.000,0.000,0.000,0.000,0.000,0.000,0.000,0.000,0.000,1263.000,0.000,0.000
4a,old,4,0.000,0.000,0.000,0.000,0.000,0.000,0.000,0.000,0.000,0.000,1297.000,0.000,0.000
4a,old,5,0.000,0.000,0.000,0.000,0.000,0.000,0.000,0.000,0.000,0.000,0.000,0.000,0.000
4a,old,6,0.000,0.000,0.000,0.000,0.000,0.000,0.000,0.000,0.000,0.000,0.000,1.000,0.000
4a,old,7,0.000,0.000,0.000,0.000,0.000,0.000,0.000,0.000,0.000,0.000,0.000,0.000,0.000
4a,old,8,0.000,0.000,0.000,0.000,0.000,0.000,0.000,0.000,0.000,0.000,0.000,0.000,0.000
4a,old,9,0.000,0.000,0.000,0.000,0.000,0.000,0.000,0.000,0.000,0.000,0.000,0.000,0.000
4a,old,10,0.000,0.000,0.000,0.000,0.000,0.000,0.000,0.000,0.000,0.000,0.000,1.000,0.000
4a,old,11,0.000,0.000,0.000,0.000,0.000,0.000,0.000,0.000,0.000,0.000,0.000,0.000,0.000
4a,old,12,0.000,0.000,0.000,0.000,0.000,0.000,0.000,0.000,0.000,0.000,0.000,0.000,0.000
4b,old,0,0.000,0.000,0.000,0.000,0.000,0.000,0.000,0.000,0.000,0.000,0.000,0.000,0.000
4b,old,1,0.000,0.000,0.000,0.000,0.000,0.000,0.000,0.000,0.000,0.000,1163.000,0.000,0.000
4b,old,2,0.000,0.000,0.000,0.000,0.000,0.000,0.000,0.000,0.000,0.000,1172.000,0.000,0.000
4b,old,3,0.000,0.000,0.000,0.000,0.000,0.000,0.000,0.000,0.000,0.000,1328.000,0.000,0.000
4b,old,4,0.000,0.000,0.000,0.000,0.000,0.000,0.000,0.000,0.000,0.000,1317.000,1.000,0.000
4b,old,5,0.000,0.000,0.000,0.000,0.000,0.000,0.000,0.000,0.000,0.000,0.000,0.000,0.000
4b,old,6,0.000,0.000,0.000,0.000,0.000,0.000,0.000,0.000,0.000,0.000,0.000,0.000,0.000
4b,old,7,0.000,0.000,0.000,0.000,0.000,0.000,0.000,0.000,0.000,0.000,0.000,0.000,0.000
4b,old,8,0.000,0.000,0.000,0.000,0.000,0.000,0.000,0.000,0.000,0.000,0.000,1.000,0.000
4b,old,9,0.000,0.000,0.000,0.000,0.000,0.000,0.000,0.000,0.000,0.000,0.000,0.000,0.000
4b,old,10,0.000,0.000,0.000,0.000,0.000,0.000,0.000,0.000,0.000,0.000,0.000,0.000,0.000
4b,old,11,0.000,0.000,0.000,0.000,0.000,0.000,0.000,0.000,0.000,0.000,0.000,0.000,0.000
4b,old,12,0.000,0.000,0.000,0.000,0.000,0.000,0.000,0.000,0.000,0.000,0.000,1.000,0.000
4c,old,0,0.000,0.000,0.000,0.000,0.000,0.000,0.000,0.000,0.000,0.000,0.000,0.000,0.000
4c,old,1,0.000,0.000,0.000,0.000,0.000,0.000,0.000,0.000,0.000,0.000,1147.000,0.000,0.000
4c,old,2,0.000,0.000,0.000,0.000,0.000,0.000,0.000,0.000,0.000,0.000,0.000,1.000,0.000
4c,old,3,0.000,0.000,0.000,0.000,0.000,0.000,0.000,0.000,0.000,0.000,1238.000,0.000,0.000
4c,old,4,0.000,0.000,0.000,0.000,0.000,0.000,0.000,0.000,0.000,0.000,1343.000,1.000,0.000
4c,old,5,0.000,0.000,0.000,0.000,0.000,0.000,0.000,0.000,0.000,0.000,0.000,0.000,0.000
4c,old,6,0.000,0.000,0.000,0.000,0.000,0.000,0.000,0.000,0.000,0.000,0.000,1.000,0.000
4c,old,7,0.000,0.000,0.000,0.000,0.000,0.000,0.000,0.000,0.000,0.000,0.000,0.000,0.000
4c,old,8,0.000,0.000,0.000,0.000,0.000,0.000,0.000,0.000,0.000,0.000,0.000,1.000,0.000
4c,old,9,0.000,0.000,0.000,0.000,0.000,0.000,0.000,0.000,0.000,0.000,0.000,0.000,0.000
4c,old,10,0.000,0.000,0.000,0.000,0.000,0.000,0.000,0.000,0.000,0.000,0.000,1.000,0.000
4c,old,11,0.000,0.000,0.000,0.000,0.000,0.000,0.000,0.000,0.000,0.000,0.000,0.000,0.000
4c,old,12,0.000,0.000,0.000,0.000,0.000,0.000,0.000,0.000,0.000,0.000,0.000,0.000,0.000
5a,old,0,0.000,0.000,0.000,0.000,0.000,0.000,0.000,0.000,0.000,0.000,0.000,0.000,0.000
5a,old,1,0.000,0.000,0.000,0.000,0.000,0.000,0.000,0.000,0.000,0.000,1263.000,0.000,0.000
5a,old,2,0.000,0.000,0.000,0.000,0.000,0.000,0.000,0.000,0.000,0.000,0.000,0.000,0.000
5a,old,3,0.000,0.000,0.000,0.000,0.000,0.000,0.000,0.000,0.000,0.000,0.000,0.000,0.000
5a,old,4,0.000,0.000,0.000,0.000,0.000,0.000,0.000,0.000,0.000,0.000,0.000,0.000,0.000
5a,old,5,0.000,0.000,0.000,0.000,0.000,0.000,0.000,0.000,0.000,0.000,0.000,0.000,0.000
5a,old,6,0.000,0.000,0.000,0.000,0.000,0.000,0.000,0.000,0.000,0.000,0.000,0.000,0.000
5b,old,0,0.000,0.000,0.000,0.000,0.000,0.000,0.000,0.000,0.000,0.000,0.000,0.000,0.000
5b,old,1,0.000,0.000,0.000,0.000,0.000,0.000,0.000,0.000,0.000,0.000,1174.000,0.000,0.000
5b,old,2,0.000,0.000,0.000,0.000,0.000,0.000,0.000,0.000,0.000,0.000,0.000,0.000,0.000
5b,old,3,0.000,0.000,0.000,0.000,0.000,0.000,0.000,0.000,0.000,0.000,0.000,0.000,0.000
5c,old,0,0.000,0.000,0.000,0.000,0.000,0.000,0.000,0.000,0.000,0.000,0.000,0.000,0.000
5c,old,1,0.000,0.000,0.000,0.000,0.000,0.000,0.000,0.000,0.000,0.000,1243.000,0.000,0.000
5c,old,2,0.000,0.000,0.000,0.000,0.000,0.000,0.000,0.000,0.000,0.000,0.000,0.000,0.000
5c,old,3,0.000,0.000,0.000,0.000,0.000,0.000,0.000,0.000,0.000,0.000,1312.000,0.000,0.000
5c,old,4,0.000,0.000,0.000,0.000,0.000,0.000,0.000,0.000,0.000,0.000,1307.000,0.000,0.000
5c,old,5,0.000,0.000,0.000,0.000,0.000,0.000,0.000,0.000,0.000,0.000,0.000,0.000,0.000
5c,old,6,0.000,0.000,0.000,0.000,0.000,0.000,0.000,0.000,0.000,0.000,0.000,0.000,0.000
5c,old,7,0.000,0.000,0.000,0.000,0.000,0.000,0.000,0.000,0.000,0.000,0.000,0.000,0.000
5c,old,8,0.000,0.000,0.000,0.000,0.000,0.000,0.000,0.000,0.000,0.000,0.000,0.000,0.000
5c,old,9,0.000,0.000,0.000,0.000,0.000,0.000,0.000,0.000,0.000,0.000,0.000,0.000,0.000
5c,old,10,0.000,0.000,0.000,0.000,0.000,0.000,0.000,0.000,0.000,0.000,0.000,0.000,0.000
5c,old,11,0.000,0.000,0.000,0.000,0.000,0.000,0.000,0.000,0.000,0.000,0.000,0.000,0.000
5c,old,12,0.000,0.000,0.000,0.000,0.000,0.000,0.000,0.000,0.000,0.000,0.000,0.000,0.000
6a,old,0,0.000,0.000,0.000,0.000,0.000,0.000,0.000,0.000,0.000,0.000,0.000,0.000,0.000
6a,old,1,0.000,0.000,0.000,0.000,0.000,0.000,0.000,0.000,0.000,0.000,1160.000,0.000,0.000
6a,old,2,0.000,0.000,0.000,0.000,0.000,0.000,0.000,0.000,0.000,0.000,1143.000,0.000,0.000
6a,old,3,0.000,0.000,0.000,0.000,0.000,0.000,0.000,0.000,0.000,0.000,0.000,0.000,0.000
6a,old,4,0.000,0.000,0.000,0.000,0.000,0.000,0.000,0.000,0.000,0.000,1399.000,7.000,0.000
6a,old,5,0.000,0.000,0.000,0.000,0.000,0.000,0.000,0.000,0.000,0.000,0.000,0.000,0.000
6a,old,6,0.000,0.000,0.000,0.000,0.000,0.000,0.000,0.000,0.000,0.000,0.000,0.000,0.000
6a,old,7,0.000,0.000,0.000,0.000,0.000,0.000,0.000,0.000,0.000,0.000,0.000,0.000,0.000
6a,old,8,0.000,0.000,0.000,0.000,0.000,0.000,0.000,0.000,0.000,0.000,0.000,6.000,0.000
6a,old,9,0.000,0.000,0.000,0.000,0.000,0.000,0.000,0.000,0.000,0.000,0.000,0.000,0.000
6a,old,10,0.000,0.000,0.000,0.000,0.000,0.000,0.000,0.000,0.000,0.000,0.000,0.000,0.000
6a,old,11,0.000,0.000,0.000,0.000,0.000,0.000,0.000,0.000,0.000,0.000,0.000,0.000,0.000
6a,old,12,0.000,0.000,0.000,0.000,0.000,0.000,0.000,0.000,0.000,0.000,0.000,5.000,0.000
6b,old,0,0.000,0.000,0.000,0.000,0.000,0.000,0.000,0.000,0.000,0.000,0.000,0.000,0.000
6b,old,1,0.000,0.000,0.000,0.000,0.000,0.000,0.000,0.000,0.000,0.000,1167.000,0.000,0.000
6b,old,2,0.000,0.000,0.000,0.000,0.000,0.000,0.000,0.000,0.000,0.000,0.000,0.000,0.000
6b,old,3,0.000,0.000,0.000,0.000,0.000,0.000,0.000,0.000,0.000,0.000,0.000,0.000,0.000
6b,old,4,0.000,0.000,0.000,0.000,0.000,0.000,0.000,0.000,0.000,0.000,1318.000,1.000,0.000
6b,old,5,0.000,0.000,0.000,0.000,0.000,0.000,0.000,0.000,0.000,0.000,1419.000,4.000,0.000
6b,old,6,0.000,0.000,0.000,0.000,0.000,0.000,0.000,0.000,0.000,0.000,0.000,0.000,0.000
6b,old,7,0.000,0.000,0.000,0.000,0.000,0.000,0.000,0.000,0.000,0.000,0.000,0.000,0.000
6b,old,8,0.000,0.000,0.000,0.000,0.000,0.000,0.000,0.000,0.000,0.000,0.000,0.000,0.000
6b,old,9,0.000,0.000,0.000,0.000,0.000,0.000,0.000,0.000,0.000,0.000,0.000,1.000,0.000
6b,old,10,0.000,0.000,0.000,0.000,0.000,0.000,0.000,0.000,0.000,0.000,0.000,4.000,0.000
6b,old,11,0.000,0.000,0.000,0.000,0.000,0.000,0.000,0.000,0.000,0.000,0.000,0.000,0.000
6b,old,12,0.000,0.000,0.000,0.000,0.000,0.000,0.000,0.000,0.000,0.000,0.000,0.000,0.000
6b,old,13,0.000,0.000,0.000,0.000,0.000,0.000,0.000,0.000,0.000,0.000,0.000,0.000,0.000
6b,old,14,0.000,0.000,0.000,0.000,0.000,0.000,0.000,0.000,0.000,0.000,0.000,1.000,0.000
6b,old,15,0.000,0.000,0.000,0.000,0.000,0.000,0.000,0.000,0.000,0.000,0.000,4.000,0.000
6c,old,0,0.000,0.000,0.000,0.000,0.000,0.000,0.000,0.000,0.000,0.000,0.000,0.000,0.000
6c,old,1,0.000,0.000,0.000,0.000,0.000,0.000,0.000,0.000,0.000,0.000,1192.000,0.000,0.000
6c,old,2,0.000,0.000,0.000,0.000,0.000,0.000,0.000,0.000,0.000,0.000,0.000,0.000,0.000
6c,old,3,0.000,0.000,0.000,0.000,0.000,0.000,0.000,0.000,0.000,0.000,1243.000,0.000,0.000
6c,old,4,0.000,0.000,0.000,0.000,0.000,0.000,0.000,0.000,0.000,0.000,1317.000,4.000,0.000
6c,old,5,0.000,0.000,0.000,0.000,0.000,0.000,0.000,0.000,0.000,0.000,0.000,0.000,0.000
6c,old,6,0.000,0.000,0.000,0.000,0.000,0.000,0.000,0.000,0.000,0.000,0.000,0.000,0.000
6c,old,7,0.000,0.000,0.000,0.000,0.000,0.000,0.000,0.000,0.000,0.000,0.000,0.000,0.000
6c,old,8,0.000,0.000,0.000,0.000,0.000,0.000,0.000,0.000,0.000,0.000,0.000,4.000,0.000
6c,old,9,0.000,0.000,0.000,0.000,0.000,0.000,0.000,0.000,0.000,0.000,0.000,0.000,0.000
6c,old,10,0.000,0.000,0.000,0.000,0.000,0.000,0.000,0.000,0.000,0.000,0.000,0.000,0.000
6c,old,11,0.000,0.000,0.000,0.000,0.000,0.000,0.000,0.000,0.000,0.000,0.000,0.000,0.000
6c,old,12,0.000,0.000,0.000,0.000,0.000,0.000,0.000,0.000,0.000,0.000,0.000,4.000,0.000
6d,old,0,0.000,0.000,0.000,0.000,0.000,0.000,0.000,0.000,0.000,0.000,0.000,0.000,0.000
6d,old,1,0.000,0.000,0.000,0.000,0.000,0.000,0.000,0.000,0.000,0.000,1172.000,0.000,0.000
6d,old,2,0.000,0.000,0.000,0.000,0.000,0.000,0.000,0.000,0.000,0.000,0.000,0.000,0.000
6d,old,3,0.000,0.000,0.000,0.000,0.000,0.000,0.000,0.000,0.000,0.000,1248.000,1.000,0.000
6d,old,4,0.000,0.000,0.000,0.000,0.000,0.000,0.000,0.000,0.000,0.000,1245.000,1.000,0.000
6d,old,5,0.000,0.000,0.000,0.000,0.000,0.000,0.000,0.000,0.000,0.000,1318.000,4.000,0.000
6d,old,6,0.000,0.000,0.000,0.000,0.000,0.000,0.000,0.000,0.000,0.000,0.000,0.000,0.000
6d,old,7,0.000,0.000,0.000,0.000,0.000,0.000,0.000,0.000,0.000,0.000,0.000,0.000,0.000
6d,old,8,0.000,0.000,0.000,0.000,0.000,0.000,0.000,0.000,0.000,0.000,0.000,1.000,0.000
6d,old,9,0.000,0.000,0.000,0.000,0.000,0.000,0.000,0.000,0.000,0.000,0.000,0.000,0.000
6d,old,10,0.000,0.000,0.000,0.000,0.000,0.000,0.000,0.000,0.000,0.000,0.000,4.000,0.000
6d,old,11,0.000,0.000,0.000,0.000,0.000,0.000,0.000,0.000,0.000,0.000,0.000,0.000,0.000
6d,old,12,0.000,0.000,0.000,0.000,0.000,0.000,0.000,0.000,0.000,0.000,0.000,0.000,0.000
6d,old,13,0.000,0.000,0.000,0.000,0.000,0.000,0.000,0.000,0.000,0.000,0.000,1.000,0.000
6d,old,14,0.000,0.000,0.000,0.000,0.000,0.000,0.000,0.000,0.000,0.000,0.000,0.000,0.000
6d,old,15,0.000,0.000,0.000,0.000,0.000,0.000,0.000,0.000,0.000,0.000,0.000,4.000,0.000
6e,old,0,0.000,0.000,0.000,0.000,0.000,0.000,0.000,0.000,0.000,0.000,0.000,0.000,0.000
6e,old,1,0.000,0.000,0.000,0.000,0.000,0.000,0.000,0.000,0.000,0.000,1168.000,0.000,0.000
6e,old,2,0.000,0.000,0.000,0.000,0.000,0.000,0.000,0.000,0.000,0.000,1247.000,0.000,0.000
6e,old,3,0.000,0.000,0.000,0.000,0.000,0.000,0.000,0.000,0.000,0.000,0.000,0.000,0.000
6e,old,4,0.000,0.000,0.000,0.000,0.000,0.000,0.000,0.000,0.000,0.000,1446.000,9.000,0.000
6e,old,5,0.000,0.000,0.000,0.000,0.000,0.000,0.000,0.000,0.000,0.000,0.000,0.000,0.000
6e,old,6,0.000,0.000,0.000,0.000,0.000,0.000,0.000,0.000,0.000,0.000,0.000,0.000,0.000
6e,old,7,0.000,0.000,0.000,0.000,0.000,0.000,0.000,0.000,0.000,0.000,0.000,0.000,0.000
6e,old,8,0.000,0.000,0.000,0.000,0.000,0.000,0.000,0.000,0.000,0.000,0.000,7.000,0.000
6e,old,9,0.000,0.000,0.000,0.000,0.000,0.000,0.000,0.000,0.000,0.000,0.000,0.000,0.000
6e,old,10,0.000,0.000,0.000,0.000,0.000,0.000,0.000,0.000,0.000,0.000,0.000,0.000,0.000
6e,old,11,0.000,0.000,0.000,0.000,0.000,0.000,0.000,0.000,0.000,0.000,0.000,0.000,0.000
6e,old,12,0.000,0.000,0.000,0.000,0.000,0.000,0.000,0.000,0.000,0.000,0.000,5.000,0.000
6f,old,0,0.000,0.000,0.000,0.000,0.000,0.000,0.000,0.000,0.000,0.000,0.000,0.000,0.000
6f,old,1,0.000,0.000,0.000,0.000,0.000,0.000,0.000,0.000,0.000,0.000,1171.000,0.000,0.000
6f,old,2,0.000,0.000,0.000,0.000,0.000,0.000,0.000,0.000,0.000,0.000,1232.000,1.000,0.000
6f,old,3,0.000,0.000,0.000,0.000,0.000,0.000,0.000,0.000,0.000,0.000,0.000,0.000,0.000
6f,old,4,0.000,0.000,0.000,1.000,0.000,1.000,0.000,0.000,0.000,0.000,1322.000,26.000,0.000
6f,old,5,0.000,0.000,0.000,0.000,0.000,0.000,0.000,0.000,0.000,0.000,1236.000,13.000,0.000
6f,old,6,0.000,0.000,0.000,0.000,0.000,0.000,0.000,0.000,0.000,0.000,0.000,0.000,0.000
6f,old,7,0.000,0.000,0.000,0.000,0.000,0.000,0.000,0.000,0.000,0.000,0.000,1.000,0.000
6f,old,8,0.000,0.000,0.000,0.000,0.000,0.000,0.000,0.000,0.000,0.000,0.000,0.000,0.000
6f,old,9,0.000,0.000,0.000,2.000,0.000,2.000,0.000,0.000,0.000,0.000,0.000,19.000,0.000
6f,old,10,0.000,0.000,0.000,0.000,0.000,0.000,0.000,0.000,0.000,0.000,0.000,9.000,0.000
6f,old,11,0.000,0.000,0.000,0.000,0.000,0.000,0.000,0.000,0.000,0.000,0.000,0.000,0.000
6f,old,12,0.000,0.000,0.000,0.000,0.000,0.000,0.000,0.000,0.000,0.000,0.000,1.000,0.000
6f,old,13,0.000,0.000,0.000,0.000,0.000,0.000,0.000,0.000,0.000,0.000,0.000,0.000,0.000
6f,old,14,0.000,0.000,0.000,1.000,0.000,1.000,0.000,0.000,0.000,0.000,0.000,16.000,0.000
6f,old,15,0.000,0.000,0.000,0.000,0.000,0.000,0.000,0.000,0.000,0.000,0.000,9.000,0.000
7a,old,0,0.000,0.000,0.000,0.000,0.000,0.000,0.000,0.000,0.000,0.000,0.000,0.000,0.000
7a,old,1,0.000,0.000,0.000,0.000,0.000,0.000,0.000,0.000,0.000,0.000,1192.000,0.000,0.000
7a,old,2,0.000,0.000,0.000,0.000,0.000,0.000,0.000,0.000,0.000,0.000,1177.000,0.000,0.000
7a,old,3,0.000,0.000,0.000,0.000,0.000,0.000,0.000,0.000,0.000,0.000,1289.000,0.000,0.000
7a,old,4,0.000,0.000,0.000,0.000,0.000,0.000,0.000,0.000,0.000,0.000,0.000,0.000,0.000
7a,old,5,0.000,0.000,0.000,0.000,0.000,0.000,0.000,0.000,0.000,0.000,1185.000,0.000,0.000
7a,old,6,0.000,0.000,0.000,0.000,0.000,0.000,0.000,0.000,0.000,0.000,1241.000,12.000,0.000
7a,old,7,0.000,0.000,0.000,0.000,0.000,0.000,0.000,0.000,0.000,0.000,0.000,0.000,0.000
7a,old,8,0.000,0.000,0.000,0.000,0.000,0.000,0.000,0.000,0.000,0.000,0.000,0.000,0.000
7a,old,9,0.000,0.000,0.000,0.000,0.000,0.000,0.000,0.000,0.000,0.000,0.000,0.000,0.000
7a,old,10,0.000,0.000,0.000,0.000,0.000,0.000,0.000,0.000,0.000,0.000,0.000,0.000,0.000
7a,old,11,0.000,0.000,0.000,0.000,0.000,0.000,0.000,0.000,0.000,0.000,0.000,0.000,0.000
7a,old,12,0.000,0.000,0.000,0.000,0.000,0.000,0.000,0.000,0.000,0.000,0.000,13.000,0.000
7a,old,13,0.000,0.000,0.000,0.000,0.000,0.000,0.000,0.000,0.000,0.000,0.000,0.000,0.000
7a,old,14,0.000,0.000,0.000,0.000,0.000,0.000,0.000,0.000,0.000,0.000,0.000,0.000,0.000
7a,old,15,0.000,0.000,0.000,0.000,0.000,0.000,0.000,0.000,0.000,0.000,0.000,0.000,0.000
7a,old,16,0.000,0.000,0.000,0.000,0.000,0.000,0.000,0.000,0.000,0.000,0.000,0.000,0.000
7a,old,17,0.000,0.000,0.000,0.000,0.000,0.000,0.000,0.000,0.000,0.000,0.000,0.000,0.000
7a,old,18,0.000,0.000,0.000,0.000,0.000,0.000,0.000,0.000,0.000,0.000,0.000,14.000,0.000
7b,old,0,0.000,0.000,0.000,0.000,0.000,0.000,0.000,0.000,0.000,0.000,0.000,0.000,0.000
7b,old,1,0.000,0.000,0.000,0.000,0.000,0.000,0.000,0.000,0.000,0.000,1150.000,0.000,0.000
7b,old,2,0.000,0.000,0.000,0.000,0.000,0.000,0.000,0.000,0.000,0.000,1091.000,0.000,0.000
7b,old,3,0.000,0.000,0.000,0.000,0.000,0.000,0.000,0.000,0.000,0.000,1170.000,0.000,0.000
7b,old,4,0.000,0.000,0.000,0.000,0.000,0.000,0.000,0.000,0.000,0.000,0.000,0.000,0.000
7b,old,5,0.000,0.000,0.000,0.000,0.000,0.000,0.000,0.000,0.000,0.000,1380.000,0.000,0.000
7b,old,6,0.000,0.000,0.000,0.000,0.000,0.000,0.000,0.000,0.000,0.000,1212.000,5.000,0.000
7b,old,7,0.000,0.000,0.000,0.000,0.000,0.000,0.000,0.000,0.000,0.000,0.000,0.000,0.000
7b,old,8,0.000,0.000,0.000,0.000,0.000,0.000,0.000,0.000,0.000,0.000,0.000,0.000,0.000
7b,old,9,0.000,0.000,0.000,0.000,0.000,0.000,0.000,0.000,0.000,0.000,0.000,0.000,0.000
7b,old,10,0.000,0.000,0.000,0.000,0.000,0.000,0.000,0.000,0.000,0.000,0.000,0.000,0.000
7b,old,11,0.000,0.000,0.000,0.000,0.000,0.000,0.000,0.000,0.000,0.000,0.000,0.000,0.000
7b,old,12,0.000,0.000,0.000,0.000,0.000,0.000,0.000,0.000,0.000,0.000,0.000,5.000,0.000
7b,old,13,0.000,0.000,0.000,0.000,0.000,0.000,0.000,0.000,0.000,0.000,0.000,0.000,0.000
7b,old,14,0.000,0.000,0.000,0.000,0.000,0.000,0.000,0.000,0.000,0.000,0.000,0.000,0.000
7b,old,15,0.000,0.000,0.000,0.000,0.000,0.000,0.000,0.000,0.000,0.000,0.000,0.000,0.000
7b,old,16,0.000,0.000,0.000,0.000,0.000,0.000,0.000,0.000,0.000,0.000,0.000,0.000,0.000
7b,old,17,0.000,0.000,0.000,0.000,0.000,0.000,0.000,0.000,0.000,0.000,0.000,0.000,0.000
7b,old,18,0.000,0.000,0.000,0.000,0.000,0.000,0.000,0.000,0.000,0.000,0.000,6.000,0.000
7c,old,0,0.000,0.000,0.000,0.000,0.000,0.000,0.000,0.000,0.000,0.000,0.000,0.000,0.000
7c,old,1,0.000,0.000,0.000,0.000,0.000,0.000,0.000,0.000,0.000,0.000,1126.000,0.000,0.000
7c,old,2,0.000,0.000,0.000,0.000,0.000,0.000,0.000,0.000,0.000,0.000,0.000,0.000,0.000
7c,old,3,0.000,0.000,0.000,0.000,0.000,0.000,0.000,0.000,0.000,0.000,1174.000,0.000,0.000
7c,old,4,0.000,0.000,0.000,0.000,0.000,0.000,0.000,0.000,0.000,0.000,1113.000,1.000,0.000
7c,old,5,0.000,0.000,0.000,0.000,0.000,0.000,0.000,0.000,0.000,0.000,0.000,0.000,0.000
7c,old,6,0.000,0.000,0.000,0.000,0.000,0.000,0.000,0.000,0.000,0.000,1344.000,0.000,0.000
7c,old,7,0.000,0.000,0.000,0.000,0.000,0.000,0.000,0.000,0.000,0.000,1215.000,20.000,0.000
7c,old,8,0.000,0.000,0.000,0.000,0.000,0.000,0.000,0.000,0.000,0.000,0.000,0.000,0.000
7c,old,9,0.000,0.000,0.000,0.000,0.000,0.000,0.000,0.000,0.000,0.000,0.000,0.000,0.000
7c,old,10,0.000,0.000,0.000,0.000,0.000,0.000,0.000,0.000,0.000,0.000,0.000,0.000,0.000
7c,old,11,0.000,0.000,0.000,0.000,0.000,0.000,0.000,0.000,0.000,0.000,0.000,1.000,0.000
7c,old,12,0.000,0.000,0.000,0.000,0.000,0.000,0.000,0.000,0.000,0.000,0.000,0.000,0.000
7c,old,13,0.000,0.000,0.000,0.000,0.000,0.000,0.000,0.000,0.000,0.000,0.000,0.000,0.000
7c,old,14,0.000,0.000,0.000,0.000,0.000,0.000,0.000,0.000,0.000,0.000,0.000,25.000,0.000
7c,old,15,0.000,0.000,0.000,0.000,0.000,0.000,0.000,0.000,0.000,0.000,0.000,0.000,0.000
7c,old,16,0.000,0.000,0.000,0.000,0.000,0.000,0.000,0.000,0.000,0.000,0.000,0.000,0.000
7c,old,17,0.000,0.000,0.000,0.000,0.000,0.000,0.000,0.000,0.000,0.000,0.000,0.000,0.000
7c,old,18,0.000,0.000,0.000,0.000,0.000,0.000,0.000,0.000,0.000,0.000,0.000,1.000,0.000
7c,old,19,0.000,0.000,0.000,0.000,0.000,0.000,0.000,0.000,0.000,0.000,0.000,0.000,0.000
7c,old,20,0.000,0.000,0.000,0.000,0.000,0.000,0.000,0.000,0.000,0.000,0.000,0.000,0.000
7c,old,21,0.000,0.000,0.000,0.000,0.000,0.000,0.000,0.000,0.000,0.000,0.000,23.000,0.000
8a,old,0,0.000,0.000,0.000,0.000,0.000,0.000,0.000,0.000,0.000,0.000,0.000,0.000,0.000
8a,old,1,0.000,0.000,0.000,0.000,0.000,0.000,0.000,0.000,0.000,0.000,1100.000,0.000,0.000
8a,old,2,0.000,0.000,0.000,0.000,0.000,0.000,0.000,0.000,0.000,0.000,0.000,0.000,0.000
8a,old,3,0.000,0.000,0.000,0.000,0.000,0.000,0.000,0.000,0.000,0.000,1120.000,0.000,0.000
8a,old,4,0.000,0.000,0.000,0.000,0.000,0.000,0.000,0.000,0.000,0.000,1410.000,0.000,0.000
8a,old,5,0.000,0.000,0.000,0.000,0.000,0.000,0.000,0.000,0.000,0.000,1303.000,0.000,0.000
8a,old,6,0.000,0.000,0.000,0.000,0.000,0.000,0.000,0.000,0.000,0.000,1348.000,0.000,0.000
8a,old,7,0.000,0.000,0.000,0.000,0.000,0.000,0.000,0.000,0.000,0.000,0.000,0.000,0.000
8a,old,8,0.000,0.000,0.000,0.000,0.000,0.000,0.000,0.000,0.000,0.000,0.000,0.000,0.000
8a,old,9,0.000,0.000,0.000,0.000,0.000,0.000,0.000,0.000,0.000,0.000,0.000,0.000,0.000
8a,old,10,0.000,0.000,0.000,0.000,0.000,0.000,0.000,0.000,0.000,0.000,0.000,0.000,0.000
8a,old,11,0.000,0.000,0.000,0.000,0.000,0.000,0.000,0.000,0.000,0.000,0.000,0.000,0.000
8a,old,12,0.000,0.000,0.000,0.000,0.000,0.000,0.000,0.000,0.000,0.000,0.000,0.000,0.000
8a,old,13,0.000,0.000,0.000,0.000,0.000,0.000,0.000,0.000,0.000,0.000,0.000,0.000,0.000
8a,old,14,0.000,0.000,0.000,0.000,0.000,0.000,0.000,0.000,0.000,0.000,0.000,3.000,0.000
8a,old,15,0.000,0.000,0.000,0.000,0.000,0.000,0.000,0.000,0.000,0.000,0.000,0.000,0.000
8a,old,16,0.000,0.000,0.000,0.000,0.000,0.000,0.000,0.000,0.000,0.000,0.000,0.000,0.000
8a,old,17,0.000,0.000,0.000,0.000,0.000,0.000,0.000,0.000,0.000,0.000,0.000,0.000,0.000
8a,old,18,0.000,0.000,0.000,0.000,0.000,0.000,0.000,0.000,0.000,0.000,0.000,0.000,0.000
8b,old,0,0.000,0.000,0.000,0.000,0.000,0.000,0.000,0.000,0.000,0.000,0.000,0.000,0.000
8b,old,1,0.000,0.000,0.000,0.000,0.000,0.000,0.000,0.000,0.000,0.000,1221.000,0.000,0.000
8b,old,2,0.000,0.000,0.000,0.000,0.000,0.000,0.000,0.000,0.000,0.000,0.000,0.000,0.000
8b,old,3,0.000,0.000,0.000,0.000,0.000,0.000,0.000,0.000,0.000,0.000,1259.000,0.000,0.000
8b,old,4,0.000,0.000,0.000,0.000,0.000,0.000,0.000,0.000,0.000,0.000,1255.000,0.000,0.000
8b,old,5,0.000,0.000,0.000,0.000,0.000,0.000,0.000,0.000,0.000,0.000,1161.000,0.000,0.000
8b,old,6,0.000,0.000,0.000,0.000,0.000,0.000,0.000,0.000,0.000,0.000,1185.000,0.000,0.000
8b,old,7,0.000,0.000,0.000,0.000,0.000,0.000,0.000,0.000,0.000,0.000,0.000,0.000,0.000
8b,old,8,0.000,0.000,0.000,0.000,0.000,0.000,0.000,0.000,0.000,0.000,0.000,0.000,0.000
8b,old,9,0.000,0.000,0.000,0.000,0.000,0.000,0.000,0.000,0.000,0.000,0.000,0.000,0.000
8b,old,10,0.000,0.000,0.000,0.000,0.000,0.000,0.000,0.000,0.000,0.000,0.000,0.000,0.000
8b,old,11,0.000,0.000,0.000,0.000,0.000,0.000,0.000,0.000,0.000,0.000,0.000,0.000,0.000
8b,old,12,0.000,0.000,0.000,0.000,0.000,0.000,0.000,0.000,0.000,0.000,0.000,0.000,0.000
8b,old,13,0.000,0.000,0.000,0.000,0.000,0.000,0.000,0.000,0.000,0.000,0.000,0.000,0.000
8b,old,14,0.000,0.000,0.000,0.000,0.000,0.000,0.000,0.000,0.000,0.000,0.000,0.000,0.000
8b,old,15,0.000,0.000,0.000,0.000,0.000,0.000,0.000,0.000,0.000,0.000,0.000,0.000,0.000
8b,old,16,0.000,0.000,0.000,0.000,0.000,0.000,0.000,0.000,0.000,0.000,0.000,0.000,0.000
8b,old,17,0.000,0.000,0.000,0.000,0.000,0.000,0.000,0.000,0.000,0.000,0.000,0.000,0.000
8b,old,18,0.000,0.000,0.000,0.000,0.000,0.000,0.000,0.000,0.000,0.000,0.000,0.000,0.000
8c,old,0,0.000,0.000,0.000,0.000,0.000,0.000,0.000,0.000,0.000,0.000,0.000,0.000,0.000
8c,old,1,0.000,0.000,0.000,0.000,0.000,0.000,0.000,0.000,0.000,0.000,1196.000,0.000,0.000
8c,old,2,0.000,0.000,0.000,2.000,0.000,2.000,0.000,0.000,0.000,0.000,1090.000,4.000,0.000
8c,old,3,0.000,0.000,0.000,1.000,0.000,1.000,0.000,0.000,0.000,0.000,0.000,5.000,0.000
8c,old,4,0.000,0.000,0.000,2.000,0.000,2.000,0.000,0.000,0.000,0.000,1179.000,11.000,0.000
8c,old,5,0.000,0.000,0.000,1.000,0.000,1.000,0.000,0.000,0.000,0.000,1358.000,30.000,0.000
8c,old,6,0.000,0.000,0.000,0.000,0.000,0.000,0.000,0.000,0.000,0.000,1288.000,35.000,0.000
8c,old,7,0.000,0.000,0.000,0.000,0.000,0.000,0.000,0.000,0.000,0.000,0.000,0.000,0.000
8c,old,8,0.000,0.000,0.000,4.000,0.000,4.000,0.000,0.000,0.000,0.000,0.000,8.000,0.000
8c,old,9,0.000,0.000,0.000,1.000,0.000,1.000,0.000,0.000,0.000,0.000,0.000,10.000,0.000
8c,old,10,0.000,0.000,0.000,2.000,0.000,2.000,0.000,0.000,0.000,0.000,0.000,12.000,0.000
8c,old,11,0.000,0.000,0.000,1.000,0.000,1.000,0.000,0.000,0.000,0.000,0.000,24.000,0.000
8c,old,12,0.000,0.000,0.000,0.000,0.000,0.000,0.000,0.000,0.000,0.000,0.000,35.000,0.000
8c,old,13,0.000,0.000,0.000,0.000,0.000,0.000,0.000,0.000,0.000,0.000,0.000,0.000,0.000
8c,old,14,0.000,0.000,0.000,2.000,0.000,2.000,0.000,0.000,0.000,0.000,0.000,5.000,0.000
8c,old,15,0.000,0.000,0.000,2.000,0.000,2.000,0.000,0.000,0.000,0.000,0.000,6.000,0.000
8c,old,16,0.000,0.000,0.000,2.000,0.000,2.000,0.000,0.000,0.000,0.000,0.000,11.000,0.000
8c,old,17,0.000,0.000,0.000,0.000,0.000,0.000,0.000,0.000,0.000,0.000,0.000,23.000,0.000
8c,old,18,0.000,0.000,0.000,0.000,0.000,0.000,0.000,0.000,0.000,0.000,0.000,33.000,0.000
8d,old,0,0.000,0.000,0.000,0.000,0.000,0.000,0.000,0.000,0.000,0.000,0.000,0.000,0.000
8d,old,1,0.000,0.000,0.000,0.000,0.000,0.000,0.000,0.000,0.000,0.000,1121.000,0.000,0.000
8d,old,2,0.000,0.000,0.000,0.000,0.000,0.000,0.000,0.000,0.000,0.000,1179.000,7.000,0.000
8d,old,3,0.000,0.000,0.000,0.000,0.000,0.000,0.000,0.000,0.000,0.000,0.000,1.000,0.000
8d,old,4,0.000,0.000,0.000,0.000,0.000,0.000,0.000,0.000,0.000,0.000,1327.000,2.000,0.000
8d,old,5,0.000,0.000,0.000,0.000,0.000,0.000,0.000,0.000,0.000,0.000,1265.000,2.000,0.000
8d,old,6,0.000,0.000,0.000,0.000,0.000,0.000,0.000,0.000,0.000,0.000,1327.000,6.000,0.000
8d,old,7,0.000,0.000,0.000,0.000,0.000,0.000,0.000,0.000,0.000,0.000,0.000,0.000,0.000
8d,old,8,0.000,0.000,0.000,0.000,0.000,0.000,0.000,0.000,0.000,0.000,0.000,7.000,0.000
8d,old,9,0.000,0.000,0.000,0.000,0.000,0.000,0.000,0.000,0.000,0.000,0.000,0.000,0.000
8d,old,10,0.000,0.000,0.000,0.000,0.000,0.000,0.000,0.000,0.000,0.000,0.000,2.000,0.000
8d,old,11,0.000,0.000,0.000,0.000,0.000,0.000,0.000,0.000,0.000,0.000,0.000,5.000,0.000
8d,old,12,0.000,0.000,0.000,0.000,0.000,0.000,0.000,0.000,0.000,0.000,0.000,6.000,0.000
8d,old,13,0.000,0.000,0.000,0.000,0.000,0.000,0.000,0.000,0.000,0.000,0.000,0.000,0.000
8d,old,14,0.000,0.000,0.000,0.000,0.000,0.000,0.000,0.000,0.000,0.000,0.000,9.000,0.000
8d,old,15,0.000,0.000,0.000,0.000,0.000,0.000,0.000,0.000,0.000,0.000,0.000,0.000,0.000
8d,old,16,0.000,0.000,0.000,0.000,0.000,0.000,0.000,0.000,0.000,0.000,0.000,2.000,0.000
8d,old,17,0.000,0.000,0.000,0.000,0.000,0.000,0.000,0.000,0.000,0.000,0.000,2.000,0.000
8d,old,18,0.000,0.000,0.000,0.000,0.000,0.000,0.000,0.000,0.000,0.000,0.000,8.000,0.000
9a,old,0,0.000,0.000,0.000,0.000,0.000,0.000,0.000,0.000,0.000,0.000,0.000,0.000,0.000
9a,old,1,0.000,0.000,0.000,0.000,0.000,0.000,0.000,0.000,0.000,0.000,1175.000,0.000,0.000
9a,old,2,0.000,0.000,0.000,0.000,0.000,0.000,0.000,0.000,0.000,0.000,1113.000,0.000,0.000
9a,old,3,0.000,0.000,0.000,0.000,0.000,0.000,0.000,0.000,0.000,0.000,1285.000,0.000,0.000
9a,old,4,0.000,0.000,0.000,0.000,0.000,0.000,0.000,0.000,0.000,0.000,1461.000,0.000,0.000
9a,old,5,0.000,0.000,0.000,0.000,0.000,0.000,0.000,0.000,0.000,0.000,1194.000,0.000,0.000
9a,old,6,0.000,0.000,0.000,0.000,0.000,0.000,0.000,0.000,0.000,0.000,1249.000,0.000,0.000
9a,old,7,0.000,0.000,0.000,0.000,0.000,0.000,0.000,0.000,0.000,0.000,1154.000,0.000,0.000
9a,old,8,0.000,0.000,0.000,0.000,0.000,0.000,0.000,0.000,0.000,0.000,0.000,0.000,0.000
9a,old,9,0.000,0.000,0.000,0.000,0.000,0.000,0.000,0.000,0.000,0.000,0.000,0.000,0.000
9a,old,10,0.000,0.000,0.000,0.000,0.000,0.000,0.000,0.000,0.000,0.000,0.000,0.000,0.000
9a,old,11,0.000,0.000,0.000,0.000,0.000,0.000,0.000,0.000,0.000,0.000,0.000,0.000,0.000
9a,old,12,0.000,0.000,0.000,0.000,0.000,0.000,0.000,0.000,0.000,0.000,0.000,0.000,0.000
9a,old,13,0.000,0.000,0.000,0.000,0.000,0.000,0.000,0.000,0.000,0.000,0.000,0.000,0.000
9a,old,14,0.000,0.000,0.000,0.000,0.000,0.000,0.000,0.000,0.000,0.000,0.000,0.000,0.000
9a,old,15,0.000,0.000,0.000,0.000,0.000,0.000,0.000,0.000,0.000,0.000,0.000,0.000,0.000
9a,old,16,0.000,0.000,0.000,0.000,0.000,0.000,0.000,0.000,0.000,0.000,0.000,0.000,0.000
9a,old,17,0.000,0.000,0.000,0.000,0.000,0.000,0.000,0.000,0.000,0.000,0.000,0.000,0.000
9a,old,18,0.000,0.000,0.000,0.000,0.000,0.000,0.000,0.000,0.000,0.000,0.000,0.000,0.000
9a,old,19,0.000,0.000,0.000,0.000,0.000,0.000,0.000,0.000,0.000,0.000,0.000,0.000,0.000
9a,old,20,0.000,0.000,0.000,0.000,0.000,0.000,0.000,0.000,0.000,0.000,0.000,0.000,0.000
9a,old,21,0.000,0.000,0.000,0.000,0.000,0.000,0.000,0.000,0.000,0.000,0.000,0.000,0.000
9b,old,0,0.000,0.000,0.000,0.000,0.000,0.000,0.000,0.000,0.000,0.000,0.000,0.000,0.000
9b,old,1,0.000,0.000,0.000,0.000,0.000,0.000,0.000,0.000,0.000,0.000,1234.000,0.000,0.000
9b,old,2,0.000,0.000,0.000,0.000,0.000,0.000,0.000,0.000,0.000,0.000,1288.000,0.000,0.000
9b,old,3,0.000,0.000,0.000,0.000,0.000,0.000,0.000,0.000,0.000,0.000,1221.000,0.000,0.000
9b,old,4,0.000,0.000,0.000,0.000,0.000,0.000,0.000,0.000,0.000,0.000,1177.000,0.000,0.000
9b,old,5,0.000,0.000,0.000,0.000,0.000,0.000,0.000,0.000,0.000,0.000,0.000,0.000,0.000
9b,old,6,0.000,0.000,0.000,0.000,0.000,0.000,0.000,0.000,0.000,0.000,1292.000,0.000,0.000
9b,old,7,0.000,0.000,0.000,0.000,0.000,0.000,0.000,0.000,0.000,0.000,1154.000,0.000,0.000
9b,old,8,0.000,0.000,0.000,0.000,0.000,0.000,0.000,0.000,0.000,0.000,0.000,0.000,0.000
9b,old,9,0.000,0.000,0.000,0.000,0.000,0.000,0.000,0.000,0.000,0.000,0.000,0.000,0.000
9b,old,10,0.000,0.000,0.000,0.000,0.000,0.000,0.000,0.000,0.000,0.000,0.000,0.000,0.000
9b,old,11,0.000,0.000,0.000,0.000,0.000,0.000,0.000,0.000,0.000,0.000,0.000,0.000,0.000
9b,old,12,0.000,0.000,0.000,0.000,0.000,0.000,0.000,0.000,0.000,0.000,0.000,0.000,0.000
9b,old,13,0.000,0.000,0.000,0.000,0.000,0.000,0.000,0.000,0.000,0.000,0.000,0.000,0.000
9b,old,14,0.000,0.000,0.000,0.000,0.000,0.000,0.000,0.000,0.000,0.000,0.000,0.000,0.000
9b,old,15,0.000,0.000,0.000,0.000,0.000,0.000,0.000,0.000,0.000,0.000,0.000,0.000,0.000
9b,old,16,0.000,0.000,0.000,0.000,0.000,0.000,0.000,0.000,0.000,0.000,0.000,0.000,0.000
9b,old,17,0.000,0.000,0.000,0.000,0.000,0.000,0.000,0.000,0.000,0.000,0.000,0.000,0.000
9b,old,18,0.000,0.000,0.000,0.000,0.000,0.000,0.000,0.000,0.000,0.000,0.000,0.000,0.000
9b,old,19,0.000,0.000,0.000,0.000,0.000,0.000,0.000,0.000,0.000,0.000,0.000,0.000,0.000
9b,old,20,0.000,0.000,0.000,0.000,0.000,0.000,0.000,0.000,0.000,0.000,0.000,0.000,0.000
9b,old,21,0.000,0.000,0.000,0.000,0.000,0.000,0.000,0.000,0.000,0.000,0.000,0.000,0.000
9c,old,0,0.000,0.000,0.000,0.000,0.000,0.000,0.000,0.000,0.000,0.000,0.000,0.000,0.000
9c,old,1,0.000,0.000,0.000,0.000,0.000,0.000,0.000,0.000,0.000,0.000,1173.000,0.000,0.000
9c,old,2,0.000,0.000,0.000,0.000,0.000,0.000,0.000,0.000,0.000,0.000,0.000,0.000,0.000
9c,old,3,0.000,0.000,0.000,0.000,0.000,0.000,0.000,0.000,0.000,0.000,1171.000,0.000,0.000
9c,old,4,0.000,0.000,0.000,0.000,0.000,0.000,0.000,0.000,0.000,0.000,1681.000,0.000,0.000
9c,old,5,0.000,0.000,0.000,0.000,0.000,0.000,0.000,0.000,0.000,0.000,1284.000,0.000,0.000
9c,old,6,0.000,0.000,0.000,0.000,0.000,0.000,0.000,0.000,0.000,0.000,1266.000,0.000,0.000
9c,old,7,0.000,0.000,0.000,0.000,0.000,0.000,0.000,0.000,0.000,0.000,1315.000,0.000,0.000
9c,old,8,0.000,0.000,0.000,0.000,0.000,0.000,0.000,0.000,0.000,0.000,0.000,0.000,0.000
9c,old,9,0.000,0.000,0.000,0.000,0.000,0.000,0.000,0.000,0.000,0.000,0.000,0.000,0.000
9c,old,10,0.000,0.000,0.000,0.000,0.000,0.000,0.000,0.000,0.000,0.000,0.000,2.000,0.000
9c,old,11,0.000,0.000,0.000,0.000,0.000,0.000,0.000,0.000,0.000,0.000,0.000,0.000,0.000
9c,old,12,0.000,0.000,0.000,0.000,0.000,0.000,0.000,0.000,0.000,0.000,0.000,0.000,0.000
9c,old,13,0.000,0.000,0.000,0.000,0.000,0.000,0.000,0.000,0.000,0.000,0.000,0.000,0.000
9c,old,14,0.000,0.000,0.000,0.000,0.000,0.000,0.000,0.000,0.000,0.000,0.000,0.000,0.000
9c,old,15,0.000,0.000,0.000,0.000,0.000,0.000,0.000,0.000,0.000,0.000,0.000,0.000,0.000
9c,old,16,0.000,0.000,0.000,0.000,0.000,0.000,0.000,0.000,0.000,0.000,0.000,0.000,0.000
9c,old,17,0.000,0.000,0.000,0.000,0.000,0.000,0.000,0.000,0.000,0.000,0.000,0.000,0.000
9c,old,18,0.000,0.000,0.000,0.000,0.000,0.000,0.000,0.000,0.000,0.000,0.000,0.000,0.000
9c,old,19,0.000,0.000,0.000,0.000,0.000,0.000,0.000,0.000,0.000,0.000,0.000,0.000,0.000
9c,old,20,0.000,0.000,0.000,0.000,0.000,0.000,0.000,0.000,0.000,0.000,0.000,0.000,0.000
9c,old,21,0.000,0.000,0.000,0.000,0.000,0.000,0.000,0.000,0.000,0.000,0.000,3.000,0.000
9d,old,0,0.000,0.000,0.000,0.000,0.000,0.000,0.000,0.000,0.000,0.000,0.000,0.000,0.000
9d,old,1,0.000,0.000,0.000,0.000,0.000,0.000,0.000,0.000,0.000,0.000,1167.000,0.000,0.000
9d,old,2,0.000,0.000,0.000,0.000,0.000,0.000,0.000,0.000,0.000,0.000,1111.000,1.000,0.000
9d,old,3,0.000,0.000,0.000,0.000,0.000,0.000,0.000,0.000,0.000,0.000,1089.000,0.000,0.000
9d,old,4,0.000,0.000,0.000,2.000,0.000,2.000,0.000,0.000,0.000,0.000,1265.000,5.000,0.000
9d,old,5,0.000,0.000,0.000,0.000,0.000,0.000,0.000,0.000,0.000,0.000,1136.000,1.000,0.000
9d,old,6,0.000,0.000,0.000,0.000,0.000,0.000,0.000,0.000,0.000,0.000,1208.000,3.000,0.000
9d,old,7,0.000,0.000,0.000,0.000,0.000,0.000,0.000,0.000,0.000,0.000,1221.000,19.000,0.000
9d,old,8,0.000,0.000,0.000,0.000,0.000,0.000,0.000,0.000,0.000,0.000,0.000,0.000,0.000
9d,old,9,0.000,0.000,0.000,0.000,0.000,0.000,0.000,0.000,0.000,0.000,0.000,1.000,0.000
9d,old,10,0.000,0.000,0.000,0.000,0.000,0.000,0.000,0.000,0.000,0.000,0.000,1.000,0.000
9d,old,11,0.000,0.000,0.000,1.000,0.000,1.000,0.000,0.000,0.000,0.000,0.000,7.000,0.000
9d,old,12,0.000,0.000,0.000,0.000,0.000,0.000,0.000,0.000,0.000,0.000,0.000,6.000,0.000
9d,old,13,0.000,0.000,0.000,0.000,0.000,0.000,0.000,0.000,0.000,0.000,0.000,7.000,0.000
9d,old,14,0.000,0.000,0.000,0.000,0.000,0.000,0.000,0.000,0.000,0.000,0.000,21.000,0.000
9d,old,15,0.000,0.000,0.000,0.000,0.000,0.000,0.000,0.000,0.000,0.000,0.000,0.000,0.000
9d,old,16,0.000,0.000,0.000,0.000,0.000,0.000,0.000,0.000,0.000,0.000,0.000,2.000,0.000
9d,old,17,0.000,0.000,0.000,0.000,0.000,0.000,0.000,0.000,0.000,0.000,0.000,2.000,0.000
9d,old,18,0.000,0.000,0.000,1.000,0.000,1.000,0.000,0.000,0.000,0.000,0.000,5.000,0.000
9d,old,19,0.000,0.000,0.000,0.000,0.000,0.000,0.000,0.000,0.000,0.000,0.000,6.000,0.000
9d,old,20,0.000,0.000,0.000,0.000,0.000,0.000,0.000,0.000,0.000,0.000,0.000,7.000,0.000
9d,old,21,0.000,0.000,0.000,0.000,0.000,0.000,0.000,0.000,0.000,0.000,0.000,13.000,0.000
10a,new,0,0.000,0.000,0.000,0.000,0.000,0.000,0.000,0.000,0.000,0.000,0.000,0.000,0.000
10a,new,1,0.000,0.000,0.000,0.000,0.000,0.000,0.000,0.000,0.000,0.000,138.000,0.000,0.000
10a,new,2,0.000,0.000,0.000,0.000,0.000,0.000,0.000,0.000,0.000,0.000,0.000,0.000,0.000
10a,new,3,0.000,0.000,0.000,0.000,0.000,0.000,0.000,0.000,0.000,0.000,0.000,7.000,0.000
10a,new,4,0.000,0.000,0.000,0.000,0.000,0.000,0.000,0.000,0.000,0.000,109.000,0.000,0.000
10a,new,5,0.000,0.000,0.000,0.000,0.000,0.000,0.000,0.000,0.000,0.000,102.000,1.000,0.000
10a,new,6,0.000,0.000,0.000,0.000,0.000,0.000,0.000,0.000,0.000,0.000,104.000,7.000,0.000
10a,new,7,0.000,0.000,0.000,0.000,0.000,0.000,0.000,0.000,0.000,0.000,0.000,0.000,0.000
10a,new,8,0.000,0.000,0.000,0.000,0.000,0.000,0.000,0.000,0.000,0.000,0.000,0.000,0.000
10a,new,9,0.000,0.000,0.000,0.000,0.000,0.000,0.000,0.000,0.000,0.000,0.000,6.000,0.000
10a,new,10,0.000,0.000,0.000,0.000,0.000,0.000,0.000,0.000,0.000,0.000,0.000,0.000,0.000
10a,new,11,0.000,0.000,0.000,0.000,0.000,0.000,0.000,0.000,0.000,0.000,0.000,1.000,0.000
10a,new,12,0.000,0.000,0.000,0.000,0.000,0.000,0.000,0.000,0.000,0.000,0.000,3.000,0.000
10a,new,13,0.000,0.000,0.000,0.000,0.000,0.000,0.000,0.000,0.000,0.000,0.000,0.000,0.000
10a,new,14,0.000,0.000,0.000,0.000,0.000,0.000,0.000,0.000,0.000,0.000,0.000,0.000,0.000
10a,new,15,0.000,0.000,0.000,0.000,0.000,0.000,0.000,0.000,0.000,0.000,0.000,6.000,0.000
10a,new,16,0.000,0.000,0.000,0.000,0.000,0.000,0.000,0.000,0.000,0.000,0.000,0.000,0.000
10a,new,17,0.000,0.000,0.000,0.000,0.000,0.000,0.000,0.000,0.000,0.000,0.000,1.000,0.000
10a,new,18,0.000,0.000,0.000,0.000,0.000,0.000,0.000,0.000,0.000,0.000,0.000,5.000,0.000
10b,new,0,0.000,0.000,0.000,0.000,0.000,0.000,0.000,0.000,0.000,0.000,0.000,0.000,0.000
10b,new,1,0.000,0.000,0.000,0.000,0.000,0.000,0.000,0.000,0.000,0.000,131.000,0.000,0.000
10b,new,2,0.000,0.000,0.000,0.000,0.000,0.000,0.000,0.000,0.000,0.000,0.000,0.000,0.000
10b,new,3,0.000,0.000,0.000,0.000,0.000,0.000,0.000,0.000,0.000,0.000,156.000,0.000,0.000
10b,new,4,0.000,0.000,0.000,0.000,0.000,0.000,0.000,0.000,0.000,0.000,0.000,0.000,0.000
10b,new,5,0.000,0.000,0.000,0.000,0.000,0.000,0.000,0.000,0.000,0.000,164.000,5.000,0.000
10b,new,6,0.000,0.000,0.000,0.000,0.000,0.000,0.000,0.000,0.000,0.000,0.000,0.000,0.000
10b,new,7,0.000,0.000,0.000,0.000,0.000,0.000,0.000,0.000,0.000,0.000,0.000,0.000,0.000
10b,new,8,0.000,0.000,0.000,0.000,0.000,0.000,0.000,0.000,0.000,0.000,0.000,0.000,0.000
10b,new,9,0.000,0.000,0.000,0.000,0.000,0.000,0.000,0.000,0.000,0.000,0.000,0.000,0.000
10b,new,10,0.000,0.000,0.000,0.000,0.000,0.000,0.000,0.000,0.000,0.000,0.000,5.000,0.000
10b,new,11,0.000,0.000,0.000,0.000,0.000,0.000,0.000,0.000,0.000,0.000,0.000,0.000,0.000
10b,new,12,0.000,0.000,0.000,0.000,0.000,0.000,0.000,0.000,0.000,0.000,0.000,0.000,0.000
10b,new,13,0.000,0.000,0.000,0.000,0.000,0.000,0.000,0.000,0.000,0.000,0.000,0.000,0.000
10b,new,14,0.000,0.000,0.000,0.000,0.000,0.000,0.000,0.000,0.000,0.000,0.000,0.000,0.000
10b,new,15,0.000,0.000,0.000,0.000,0.000,0.000,0.000,0.000,0.000,0.000,0.000,2.000,0.000
10c,new,0,0.000,0.000,0.000,0.000,0.000,0.000,0.000,0.000,0.000,0.000,0.000,0.000,0.000
10c,new,1,0.000,0.000,0.000,0.000,0.000,0.000,0.000,0.000,0.000,0.000,137.000,0.000,0.000
10c,new,2,0.000,0.000,0.000,0.000,0.000,0.000,0.000,0.000,0.000,0.000,0.000,0.000,0.000
10c,new,3,0.000,0.000,0.000,0.000,0.000,0.000,0.000,0.000,0.000,0.000,117.000,0.000,0.000
10c,new,4,0.000,0.000,0.000,0.000,0.000,0.000,0.000,0.000,0.000,0.000,124.000,1.000,0.000
10c,new,5,0.000,0.000,0.000,0.000,0.000,0.000,0.000,0.000,0.000,0.000,0.000,6.000,0.000
10c,new,6,0.000,0.000,0.000,0.000,0.000,0.000,0.000,0.000,0.000,0.000,149.000,0.000,0.000
10c,new,7,0.000,0.000,0.000,0.000,0.000,0.000,0.000,0.000,0.000,0.000,123.000,0.000,0.000
10c,new,8,0.000,0.000,0.000,0.000,0.000,0.000,0.000,0.000,0.000,0.000,0.000,0.000,0.000
10c,new,9,0.000,0.000,0.000,0.000,0.000,0.000,0.000,0.000,0.000,0.000,0.000,0.000,0.000
10c,new,10,0.000,0.000,0.000,0.000,0.000,0.000,0.000,0.000,0.000,0.000,0.000,0.000,0.000
10c,new,11,0.000,0.000,0.000,0.000,0.000,0.000,0.000,0.000,0.000,0.000,0.000,3.000,0.000
10c,new,12,0.000,0.000,0.000,0.000,0.000,0.000,0.000,0.000,0.000,0.000,0.000,3.000,0.000
10c,new,13,0.000,0.000,0.000,0.000,0.000,0.000,0.000,0.000,0.000,0.000,0.000,0.000,0.000
10c,new,14,0.000,0.000,0.000,0.000,0.000,0.000,0.000,0.000,0.000,0.000,0.000,0.000,0.000
10c,new,15,0.000,0.000,0.000,0.000,0.000,0.000,0.000,0.000,0.000,0.000,0.000,0.000,0.000
10c,new,16,0.000,0.000,0.000,0.000,0.000,0.000,0.000,0.000,0.000,0.000,0.000,0.000,0.000
10c,new,17,0.000,0.000,0.000,0.000,0.000,0.000,0.000,0.000,0.000,0.000,0.000,0.000,0.000
10c,new,18,0.000,0.000,0.000,0.000,0.000,0.000,0.000,0.000,0.000,0.000,0.000,2.000,0.000
10c,new,19,0.000,0.000,0.000,0.000,0.000,0.000,0.000,0.000,0.000,0.000,0.000,7.000,0.000
10c,new,20,0.000,0.000,0.000,0.000,0.000,0.000,0.000,0.000,0.000,0.000,0.000,0.000,0.000
10c,new,21,0.000,0.000,0.000,0.000,0.000,0.000,0.000,0.000,0.000,0.000,0.000,0.000,0.000
11a,new,0,0.000,0.000,0.000,0.000,0.000,0.000,0.000,0.000,0.000,0.000,0.000,0.000,0.000
11a,new,1,0.000,0.000,0.000,0.000,0.000,0.000,0.000,0.000,0.000,0.000,113.000,0.000,0.000
11a,new,2,0.000,0.000,0.000,0.000,0.000,0.000,0.000,0.000,0.000,0.000,112.000,1.000,0.000
11a,new,3,0.000,0.000,0.000,0.000,0.000,0.000,0.000,0.000,0.000,0.000,123.000,1.000,0.000
11a,new,4,0.000,0.000,0.000,0.000,0.000,0.000,0.000,0.000,0.000,0.000,115.000,1.000,0.000
11a,new,5,0.000,0.000,0.000,0.000,0.000,0.000,0.000,0.000,0.000,0.000,113.000,0.000,0.000
11a,new,6,0.000,0.000,0.000,0.000,0.000,0.000,0.000,0.000,0.000,0.000,111.000,0.000,0.000
11a,new,7,0.000,0.000,0.000,0.000,0.000,0.000,0.000,0.000,0.000,0.000,0.000,0.000,0.000
11a,new,8,0.000,0.000,0.000,0.000,0.000,0.000,0.000,0.000,0.000,0.000,0.000,0.000,0.000
11a,new,9,0.000,0.000,0.000,0.000,0.000,0.000,0.000,0.000,0.000,0.000,0.000,1.000,0.000
11a,new,10,0.000,0.000,0.000,0.000,0.000,0.000,0.000,0.000,0.000,0.000,0.000,1.000,0.000
11a,new,11,0.000,0.000,0.000,0.000,0.000,0.000,0.000,0.000,0.000,0.000,0.000,0.000,0.000
11a,new,12,0.000,0.000,0.000,0.000,0.000,0.000,0.000,0.000,0.000,0.000,0.000,0.000,0.000
11a,new,13,0.000,0.000,0.000,0.000,0.000,0.000,0.000,0.000,0.000,0.000,0.000,0.000,0.000
11a,new,14,0.000,0.000,0.000,0.000,0.000,0.000,0.000,0.000,0.000,0.000,0.000,0.000,0.000
11a,new,15,0.000,0.000,0.000,0.000,0.000,0.000,0.000,0.000,0.000,0.000,0.000,1.000,0.000
11a,new,16,0.000,0.000,0.000,0.000,0.000,0.000,0.000,0.000,0.000,0.000,0.000,1.000,0.000
11a,new,17,0.000,0.000,0.000,0.000,0.000,0.000,0.000,0.000,0.000,0.000,0.000,0.000,0.000
11a,new,18,0.000,0.000,0.000,0.000,0.000,0.000,0.000,0.000,0.000,0.000,0.000,4.000,0.000
11b,new,0,0.000,0.000,0.000,0.000,0.000,0.000,0.000,0.000,0.000,0.000,0.000,0.000,0.000
11b,new,1,0.000,0.000,0.000,0.000,0.000,0.000,0.000,0.000,0.000,0.000,114.000,0.000,0.000
11b,new,2,0.000,0.000,0.000,0.000,0.000,0.000,0.000,0.000,0.000,0.000,102.000,0.000,0.000
11b,new,3,0.000,0.000,0.000,0.000,0.000,0.000,0.000,0.000,0.000,0.000,124.000,0.000,0.000
11b,new,4,0.000,0.000,0.000,0.000,0.000,0.000,0.000,0.000,0.000,0.000,161.000,0.000,0.000
11b,new,5,0.000,0.000,0.000,0.000,0.000,0.000,0.000,0.000,0.000,0.000,119.000,0.000,0.000
11b,new,6,0.000,0.000,0.000,0.000,0.000,0.000,0.000,0.000,0.000,0.000,0.000,0.000,0.000
11b,new,7,0.000,0.000,0.000,0.000,0.000,0.000,0.000,0.000,0.000,0.000,0.000,0.000,0.000
11b,new,8,0.000,0.000,0.000,0.000,0.000,0.000,0.000,0.000,0.000,0.000,0.000,0.000,0.000
11b,new,9,0.000,0.000,0.000,0.000,0.000,0.000,0.000,0.000,0.000,0.000,0.000,0.000,0.000
11b,new,10,0.000,0.000,0.000,0.000,0.000,0.000,0.000,0.000,0.000,0.000,0.000,1.000,0.000
11b,new,11,0.000,0.000,0.000,0.000,0.000,0.000,0.000,0.000,0.000,0.000,0.000,0.000,0.000
11b,new,12,0.000,0.000,0.000,0.000,0.000,0.000,0.000,0.000,0.000,0.000,0.000,0.000,0.000
11b,new,13,0.000,0.000,0.000,0.000,0.000,0.000,0.000,0.000,0.000,0.000,0.000,0.000,0.000
11b,new,14,0.000,0.000,0.000,0.000,0.000,0.000,0.000,0.000,0.000,0.000,0.000,0.000,0.000
11b,new,15,0.000,0.000,0.000,0.000,0.000,0.000,0.000,0.000,0.000,0.000,0.000,2.000,0.000
11c,new,0,0.000,0.000,0.000,0.000,0.000,0.000,0.000,0.000,0.000,0.000,0.000,0.000,0.000
11c,new,1,0.000,0.000,0.000,0.000,0.000,0.000,0.000,0.000,0.000,0.000,134.000,0.000,0.000
11c,new,2,0.000,0.000,0.000,0.000,0.000,0.000,0.000,0.000,0.000,0.000,0.000,0.000,0.000
11c,new,3,0.000,0.000,0.000,0.000,0.000,0.000,0.000,0.000,0.000,0.000,0.000,0.000,0.000
11c,new,4,0.000,0.000,0.000,0.000,0.000,0.000,0.000,0.000,0.000,0.000,139.000,0.000,0.000
11c,new,5,0.000,0.000,0.000,0.000,0.000,0.000,0.000,0.000,0.000,0.000,135.000,4.000,0.000
11c,new,6,0.000,0.000,0.000,0.000,0.000,0.000,0.000,0.000,0.000,0.000,0.000,0.000,0.000
11c,new,7,0.000,0.000,0.000,0.000,0.000,0.000,0.000,0.000,0.000,0.000,145.000,2.000,0.000
11c,new,8,0.000,0.000,0.000,0.000,0.000,0.000,0.000,0.000,0.000,0.000,129.000,1.000,0.000
11c,new,9,0.000,0.000,0.000,0.000,0.000,0.000,0.000,0.000,0.000,0.000,0.000,0.000,0.000
11c,new,10,0.000,0.000,0.000,0.000,0.000,0.000,0.000,0.000,0.000,0.000,0.000,0.000,0.000
11c,new,11,0.000,0.000,0.000,0.000,0.000,0.000,0.000,0.000,0.000,0.000,0.000,0.000,0.000
11c,new,12,0.000,0.000,0.000,0.000,0.000,0.000,0.000,0.000,0.000,0.000,0.000,0.000,0.000
11c,new,13,0.000,0.000,0.000,0.000,0.000,0.000,0.000,0.000,0.000,0.000,0.000,8.000,0.000
11c,new,14,0.000,0.000,0.000,0.000,0.000,0.000,0.000,0.000,0.000,0.000,0.000,0.000,0.000
11c,new,15,0.000,0.000,0.000,0.000,0.000,0.000,0.000,0.000,0.000,0.000,0.000,6.000,0.000
11c,new,16,0.000,0.000,0.000,0.000,0.000,0.000,0.000,0.000,0.000,0.000,0.000,2.000,0.000
11c,new,17,0.000,0.000,0.000,0.000,0.000,0.000,0.000,0.000,0.000,0.000,0.000,0.000,0.000
11c,new,18,0.000,0.000,0.000,0.000,0.000,0.000,0.000,0.000,0.000,0.000,0.000,0.000,0.000
11c,new,19,0.000,0.000,0.000,0.000,0.000,0.000,0.000,0.000,0.000,0.000,0.000,0.000,0.000
11c,new,20,0.000,0.000,0.000,0.000,0.000,0.000,0.000,0.000,0.000,0.000,0.000,0.000,0.000
11c,new,21,0.000,0.000,0.000,0.000,0.000,0.000,0.000,0.000,0.000,0.000,0.000,7.000,0.000
11c,new,22,0.000,0.000,0.000,0.000,0.000,0.000,0.000,0.000,0.000,0.000,0.000,0.000,0.000
11c,new,23,0.000,0.000,0.000,0.000,0.000,0.000,0.000,0.000,0.000,0.000,0.000,5.000,0.000
11c,new,24,0.000,0.000,0.000,0.000,0.000,0.000,0.000,0.000,0.000,0.000,0.000,2.000,0.000
11d,new,0,0.000,0.000,0.000,0.000,0.000,0.000,0.000,0.000,0.000,0.000,0.000,0.000,0.000
11d,new,1,0.000,0.000,0.000,0.000,0.000,0.000,0.000,0.000,0.000,0.000,122.000,0.000,0.000
11d,new,2,0.000,0.000,0.000,0.000,0.000,0.000,0.000,0.000,0.000,0.000,0.000,0.000,0.000
11d,new,3,0.000,0.000,0.000,0.000,0.000,0.000,0.000,0.000,0.000,0.000,0.000,0.000,0.000
11d,new,4,0.000,0.000,0.000,0.000,2.000,4.000,0.000,2.000,0.000,0.000,0.000,5.000,0.000
11d,new,5,0.000,0.000,0.000,0.000,0.000,1.000,0.000,0.000,0.000,0.000,133.000,3.000,0.000
11d,new,6,0.000,0.000,0.000,0.000,0.000,1.000,0.000,0.000,0.000,0.000,117.000,6.000,0.000
11d,new,7,0.000,0.000,0.000,0.000,0.000,2.000,0.000,1.000,0.000,0.000,131.000,6.000,0.000
11d,new,8,0.000,0.000,0.000,0.000,0.000,0.000,0.000,0.000,0.000,0.000,111.000,3.000,0.000
11d,new,9,0.000,0.000,0.000,0.000,0.000,0.000,0.000,0.000,0.000,0.000,0.000,0.000,0.000
11d,new,10,0.000,0.000,0.000,0.000,0.000,0.000,0.000,0.000,0.000,0.000,0.000,0.000,0.000
11d,new,11,0.000,0.000,0.000,0.000,0.000,0.000,0.000,0.000,0.000,0.000,0.000,0.000,0.000
11d,new,12,0.000,0.000,0.000,0.000,0.000,1.000,0.000,0.000,0.000,0.000,0.000,1.000,0.000
11d,new,13,0.000,0.000,0.000,0.000,0.000,0.000,0.000,0.000,0.000,0.000,0.000,2.000,0.000
11d,new,14,0.000,0.000,0.000,0.000,0.000,0.000,0.000,0.000,0.000,0.000,0.000,4.000,0.000
11d,new,15,0.000,0.000,0.000,0.000,0.000,0.000,0.000,0.000,0.000,0.000,0.000,2.000,0.000
11d,new,16,0.000,0.000,0.000,0.000,0.000,0.000,0.000,0.000,0.000,0.000,0.000,2.000,0.000
11d,new,17,0.000,0.000,0.000,0.000,0.000,0.000,0.000,0.000,0.000,0.000,0.000,0.000,0.000
11d,new,18,0.000,0.000,0.000,0.000,0.000,0.000,0.000,0.000,0.000,0.000,0.000,0.000,0.000
11d,new,19,0.000,0.000,0.000,0.000,0.000,0.000,0.000,0.000,0.000,0.000,0.000,0.000,0.000
11d,new,20,0.000,0.000,0.000,0.000,0.000,1.000,0.000,0.000,0.000,0.000,0.000,1.000,0.000
11d,new,21,0.000,0.000,0.000,0.000,0.000,0.000,0.000,0.000,0.000,0.000,0.000,2.000,0.000
11d,new,22,0.000,0.000,0.000,0.000,0.000,0.000,0.000,0.000,0.000,0.000,0.000,3.000,0.000
11d,new,23,0.000,0.000,0.000,0.000,0.000,0.000,0.000,0.000,0.000,0.000,0.000,2.000,0.000
11d,new,24,0.000,0.000,0.000,0.000,0.000,0.000,0.000,0.000,0.000,0.000,0.000,1.000,0.000
12a,new,0,0.000,0.000,0.000,0.000,0.000,0.000,0.000,0.000,0.000,0.000,0.000,0.000,0.000
12a,new,1,0.000,0.000,0.000,0.000,0.000,0.000,0.000,0.000,0.000,0.000,113.000,1.000,0.000
12a,new,2,0.000,0.000,0.000,0.000,0.000,0.000,0.000,0.000,0.000,0.000,124.000,1.000,0.000
12a,new,3,0.000,0.000,0.000,0.000,0.000,0.000,0.000,0.000,0.000,0.000,118.000,1.000,0.000
12a,new,4,0.000,0.000,0.000,0.000,0.000,0.000,0.000,0.000,0.000,0.000,131.000,6.000,0.000
12a,new,5,0.000,0.000,0.000,0.000,0.000,0.000,0.000,0.000,0.000,0.000,127.000,0.000,0.000
12a,new,6,0.000,0.000,0.000,0.000,1.000,3.000,0.000,1.000,0.000,0.000,0.000,3.000,0.000
12a,new,7,0.000,0.000,0.000,0.000,0.000,0.000,0.000,0.000,0.000,0.000,0.000,1.000,0.000
12a,new,8,0.000,0.000,0.000,0.000,0.000,0.000,0.000,0.000,0.000,0.000,0.000,1.000,0.000
12a,new,9,0.000,0.000,0.000,0.000,0.000,0.000,0.000,0.000,0.000,0.000,0.000,5.000,0.000
12a,new,10,0.000,0.000,0.000,0.000,0.000,0.000,0.000,0.000,0.000,0.000,0.000,0.000,0.000
12a,new,11,0.000,0.000,0.000,0.000,0.000,1.000,0.000,1.000,0.000,0.000,0.000,2.000,0.000
12a,new,12,0.000,0.000,0.000,0.000,0.000,0.000,0.000,0.000,0.000,0.000,0.000,1.000,0.000
12a,new,13,0.000,0.000,0.000,0.000,0.000,0.000,0.000,0.000,0.000,0.000,0.000,1.000,0.000
12a,new,14,0.000,0.000,0.000,0.000,0.000,0.000,0.000,0.000,0.000,0.000,0.000,4.000,0.000
12a,new,15,0.000,0.000,0.000,0.000,0.000,0.000,0.000,0.000,0.000,0.000,0.000,0.000,0.000
12b,new,0,0.000,0.000,0.000,0.000,0.000,0.000,0.000,0.000,0.000,0.000,0.000,0.000,0.000
12b,new,1,0.000,0.000,0.000,0.000,0.000,0.000,0.000,0.000,0.000,0.000,126.000,0.000,0.000
12b,new,2,0.000,0.000,0.000,0.000,0.000,0.000,0.000,0.000,0.000,0.000,143.000,1.000,0.000
12b,new,3,0.000,0.000,0.000,0.000,0.000,0.000,0.000,0.000,0.000,0.000,0.000,0.000,0.000
12b,new,4,0.000,0.000,0.000,0.000,0.000,0.000,0.000,0.000,0.000,0.000,142.000,0.000,0.000
12b,new,5,0.000,0.000,0.000,0.000,4.000,19.000,0.000,14.000,0.000,0.000,0.000,19.000,0.000
12b,new,6,0.000,0.000,0.000,0.000,0.000,0.000,0.000,0.000,0.000,0.000,128.000,5.000,0.000
12b,new,7,0.000,0.000,0.000,0.000,0.000,0.000,0.000,0.000,0.000,0.000,0.000,0.000,0.000
12b,new,8,0.000,0.000,0.000,0.000,0.000,0.000,0.000,0.000,0.000,0.000,0.000,0.000,0.000
12b,new,9,0.000,0.000,0.000,0.000,0.000,0.000,0.000,0.000,0.000,0.000,0.000,0.000,0.000
12b,new,10,0.000,0.000,0.000,0.000,0.000,0.000,0.000,0.000,0.000,0.000,0.000,0.000,0.000
12b,new,11,0.000,0.000,0.000,0.000,1.000,7.000,0.000,5.000,0.000,0.000,0.000,7.000,0.000
12b,new,12,0.000,0.000,0.000,0.000,0.000,0.000,0.000,0.000,0.000,0.000,0.000,5.000,0.000
12b,new,13,0.000,0.000,0.000,0.000,0.000,0.000,0.000,0.000,0.000,0.000,0.000,0.000,0.000
12b,new,14,0.000,0.000,0.000,0.000,0.000,0.000,0.000,0.000,0.000,0.000,0.000,0.000,0.000
12b,new,15,0.000,0.000,0.000,0.000,0.000,0.000,0.000,0.000,0.000,0.000,0.000,0.000,0.000
12b,new,16,0.000,0.000,0.000,0.000,0.000,0.000,0.000,0.000,0.000,0.000,0.000,0.000,0.000
12b,new,17,0.000,0.000,0.000,0.000,1.000,7.000,0.000,5.000,0.000,0.000,0.000,7.000,0.000
12b,new,18,0.000,0.000,0.000,0.000,0.000,0.000,0.000,0.000,0.000,0.000,0.000,5.000,0.000
12c,new,0,0.000,0.000,0.000,0.000,0.000,0.000,0.000,0.000,0.000,0.000,0.000,0.000,0.000
12c,new,1,0.000,0.000,0.000,0.000,4.000,18.000,0.000,14.000,0.000,0.000,117.000,19.000,0.000
12c,new,2,0.000,0.000,0.000,0.000,3.000,10.000,0.000,6.000,0.000,0.000,0.000,11.000,0.000
12c,new,3,0.000,0.000,0.000,0.000,0.000,1.000,0.000,0.000,0.000,0.000,141.000,3.000,0.000
12c,new,4,0.000,0.000,0.000,0.000,0.000,0.000,0.000,0.000,0.000,0.000,118.000,9.000,0.000
12c,new,5,0.000,0.000,0.000,0.000,0.000,0.000,0.000,0.000,0.000,0.000,108.000,3.000,0.000
12c,new,6,0.000,0.000,0.000,0.000,3.000,9.000,0.000,6.000,0.000,0.000,0.000,9.000,0.000
12c,new,7,0.000,0.000,0.000,0.000,4.000,11.000,0.000,6.000,0.000,0.000,0.000,12.000,0.000
12c,new,8,0.000,0.000,0.000,0.000,0.000,1.000,0.000,0.000,0.000,0.000,0.000,3.000,0.000
12c,new,9,0.000,0.000,0.000,0.000,0.000,0.000,0.000,0.000,0.000,0.000,0.000,10.000,0.000
12c,new,10,0.000,0.000,0.000,0.000,0.000,0.000,0.000,0.000,0.000,0.000,0.000,2.000,0.000
12c,new,11,0.000,0.000,0.000,0.000,3.000,9.000,0.000,5.000,0.000,0.000,0.000,9.000,0.000
12c,new,12,0.000,0.000,0.000,0.000,4.000,11.000,0.000,6.000,0.000,0.000,0.000,11.000,0.000
12c,new,13,0.000,0.000,0.000,0.000,0.000,1.000,0.000,1.000,0.000,0.000,0.000,3.000,0.000
12c,new,14,0.000,0.000,0.000,0.000,0.000,0.000,0.000,0.000,0.000,0.000,0.000,9.000,0.000
12c,new,15,0.000,0.000,0.000,0.000,0.000,0.000,0.000,0.000,0.000,0.000,0.000,2.000,0.000
13a,new,0,0.000,0.000,0.000,0.000,0.000,0.000,0.000,0.000,0.000,0.000,0.000,0.000,0.000
13a,new,1,0.000,0.000,0.000,0.000,0.000,2.000,0.000,1.000,0.000,0.000,121.000,2.000,0.000
13a,new,2,0.000,0.000,0.000,0.000,3.000,8.000,0.000,4.000,0.000,0.000,0.000,18.000,0.000
13a,new,3,0.000,0.000,0.000,0.000,1.000,3.000,0.000,1.000,0.000,0.000,111.000,5.000,0.000
13a,new,4,0.000,0.000,0.000,0.000,0.000,0.000,0.000,0.000,0.000,0.000,121.000,4.000,0.000
13a,new,5,0.000,0.000,0.000,0.000,0.000,0.000,0.000,0.000,0.000,0.000,122.000,20.000,0.000
13a,new,6,0.000,0.000,0.000,0.000,0.000,0.000,0.000,0.000,0.000,0.000,0.000,0.000,0.000
13a,new,7,0.000,0.000,0.000,0.000,1.000,4.000,0.000,3.000,0.000,0.000,0.000,10.000,0.000
13a,new,8,0.000,0.000,0.000,0.000,0.000,1.000,0.000,0.000,0.000,0.000,0.000,2.000,0.000
13a,new,9,0.000,0.000,0.000,0.000,0.000,0.000,0.000,0.000,0.000,0.000,0.000,2.000,0.000
13a,new,10,0.000,0.000,0.000,0.000,0.000,0.000,0.000,0.000,0.000,0.000,0.000,13.000,0.000
13a,new,11,0.000,0.000,0.000,0.000,0.000,0.000,0.000,0.000,0.000,0.000,0.000,0.000,0.000
13a,new,12,0.000,0.000,0.000,0.000,1.000,4.000,0.000,2.000,0.000,0.000,0.000,8.000,0.000
13a,new,13,0.000,0.000,0.000,0.000,0.000,1.000,0.000,0.000,0.000,0.000,0.000,2.000,0.000
13a,new,14,0.000,0.000,0.000,0.000,0.000,0.000,0.000,0.000,0.000,0.000,0.000,2.000,0.000
13a,new,15,0.000,0.000,0.000,0.000,0.000,0.000,0.000,0.000,0.000,0.000,0.000,12.000,0.000
13b,new,0,0.000,0.000,0.000,0.000,0.000,0.000,0.000,0.000,0.000,0.000,0.000,0.000,0.000
13b,new,1,0.000,0.000,0.000,0.000,0.000,0.000,0.000,0.000,0.000,0.000,118.000,0.000,0.000
13b,new,2,0.000,0.000,0.000,0.000,0.000,0.000,0.000,0.000,0.000,0.000,0.000,1.000,0.000
13b,new,3,0.000,0.000,0.000,0.000,0.000,0.000,0.000,0.000,0.000,0.000,116.000,6.000,0.000
13b,new,4,0.000,0.000,0.000,0.000,3.000,16.000,0.000,12.000,0.000,0.000,0.000,16.000,0.000
13b,new,5,0.000,0.000,0.000,0.000,0.000,0.000,0.000,0.000,0.000,0.000,122.000,7.000,0.000
13b,new,6,0.000,0.000,0.000,0.000,0.000,0.000,0.000,0.000,0.000,0.000,0.000,0.000,0.000
13b,new,7,0.000,0.000,0.000,0.000,0.000,0.000,0.000,0.000,0.000,0.000,0.000,1.000,0.000
13b,new,8,0.000,0.000,0.000,0.000,0.000,0.000,0.000,0.000,0.000,0.000,0.000,5.000,0.000
13b,new,9,0.000,0.000,0.000,0.000,1.000,7.000,0.000,5.000,0.000,0.000,0.000,7.000,0.000
13b,new,10,0.000,0.000,0.000,0.000,0.000,0.000,0.000,0.000,0.000,0.000,0.000,5.000,0.000
13b,new,11,0.000,0.000,0.000,0.000,0.000,0.000,0.000,0.000,0.000,0.000,0.000,0.000,0.000
13b,new,12,0.000,0.000,0.000,0.000,0.000,0.000,0.000,0.000,0.000,0.000,0.000,1.000,0.000
13b,new,13,0.000,0.000,0.000,0.000,0.000,0.000,0.000,0.000,0.000,0.000,0.000,4.000,0.000
13b,new,14,0.000,0.000,0.000,0.000,1.000,6.000,0.000,4.000,0.000,0.000,0.000,7.000,0.000
13b,new,15,0.000,0.000,0.000,0.000,0.000,0.000,0.000,0.000,0.000,0.000,0.000,5.000,0.000
13c,new,0,0.000,0.000,0.000,0.000,0.000,0.000,0.000,0.000,0.000,0.000,0.000,0.000,0.000
13c,new,1,0.000,0.000,0.000,0.000,0.000,0.000,0.000,0.000,0.000,0.000,113.000,0.000,0.000
13c,new,2,0.000,0.000,0.000,0.000,0.000,0.000,0.000,0.000,0.000,0.000,0.000,1.000,0.000
13c,new,3,0.000,0.000,0.000,0.000,0.000,0.000,0.000,0.000,0.000,0.000,133.000,6.000,0.000
13c,new,4,0.000,0.000,0.000,0.000,3.000,15.000,0.000,12.000,0.000,0.000,0.000,16.000,0.000
13c,new,5,0.000,0.000,0.000,0.000,0.000,0.000,0.000,0.000,0.000,0.000,118.000,7.000,0.000
13c,new,6,0.000,0.000,0.000,0.000,0.000,0.000,0.000,0.000,0.000,0.000,0.000,0.000,0.000
13c,new,7,0.000,0.000,0.000,0.000,0.000,0.000,0.000,0.000,0.000,0.000,0.000,1.000,0.000
13c,new,8,0.000,0.000,0.000,0.000,0.000,0.000,0.000,0.000,0.000,0.000,0.000,4.000,0.000
13c,new,9,0.000,0.000,0.000,0.000,2.000,10.000,0.000,7.000,0.000,0.000,0.000,10.000,0.000
13c,new,10,0.000,0.000,0.000,0.000,0.000,0.000,0.000,0.000,0.000,0.000,0.000,4.000,0.000
13c,new,11,0.000,0.000,0.000,0.000,0.000,0.000,0.000,0.000,0.000,0.000,0.000,0.000,0.000
13c,new,12,0.000,0.000,0.000,0.000,0.000,0.000,0.000,0.000,0.000,0.000,0.000,0.000,0.000
13c,new,13,0.000,0.000,0.000,0.000,0.000,0.000,0.000,0.000,0.000,0.000,0.000,3.000,0.000
13c,new,14,0.000,0.000,0.000,0.000,1.000,7.000,0.000,5.000,0.000,0.000,0.000,7.000,0.000
13c,new,15,0.000,0.000,0.000,0.000,0.000,0.000,0.000,0.000,0.000,0.000,0.000,4.000,0.000
13d,new,0,0.000,0.000,0.000,0.000,0.000,0.000,0.000,0.000,0.000,0.000,0.000,0.000,0.000
13d,new,1,0.000,0.000,0.000,0.000,4.000,19.000,0.000,15.000,0.000,0.000,115.000,20.000,0.000
13d,new,2,0.000,0.000,0.000,0.000,11.000,33.000,0.000,20.000,0.000,0.000,0.000,35.000,0.000
13d,new,3,0.000,0.000,0.000,0.000,4.000,18.000,0.000,13.000,0.000,0.000,0.000,23.000,0.000
13d,new,4,0.000,0.000,0.000,0.000,2.000,7.000,0.000,4.000,0.000,0.000,108.000,28.000,0.000
13d,new,5,0.000,0.000,0.000,0.000,0.000,0.000,0.000,0.000,0.000,0.000,115.000,47.000,0.000
13d,new,6,0.000,0.000,0.000,0.000,1.000,7.000,0.000,5.000,0.000,0.000,0.000,7.000,0.000
13d,new,7,0.000,0.000,0.000,0.000,12.000,34.000,0.000,20.000,0.000,0.000,0.000,37.000,0.000
13d,new,8,0.000,0.000,0.000,0.000,5.000,19.000,0.000,14.000,0.000,0.000,0.000,23.000,0.000
13d,new,9,0.000,0.000,0.000,0.000,1.000,4.000,0.000,2.000,0.000,0.000,0.000,22.000,0.000
13d,new,10,0.000,0.000,0.000,0.000,0.000,0.000,0.000,0.000,0.000,0.000,0.000,42.000,0.000
13d,new,11,0.000,0.000,0.000,0.000,1.000,7.000,0.000,5.000,0.000,0.000,0.000,7.000,0.000
13d,new,12,0.000,0.000,0.000,0.000,11.000,30.000,0.000,17.000,0.000,0.000,0.000,32.000,0.000
13d,new,13,0.000,0.000,0.000,0.000,4.000,18.000,0.000,13.000,0.000,0.000,0.000,23.000,0.000
13d,new,14,0.000,0.000,0.000,0.000,1.000,4.000,0.000,2.000,0.000,0.000,0.000,28.000,0.000
13d,new,15,0.000,0.000,0.000,0.000,0.000,0.000,0.000,0.000,0.000,0.000,0.000,40.000,0.000
14a,new,0,0.000,0.000,0.000,0.000,0.000,0.000,0.000,0.000,0.000,0.000,0.000,0.000,0.000
14a,new,1,0.000,0.000,0.000,0.000,0.000,0.000,0.000,0.000,0.000,0.000,96.000,0.000,0.000
14a,new,2,0.000,0.000,0.000,0.000,2.000,5.000,0.000,2.000,0.000,0.000,0.000,7.000,0.000
14a,new,3,0.000,0.000,0.000,0.000,0.000,0.000,0.000,0.000,0.000,0.000,118.000,1.000,0.000
14a,new,4,0.000,0.000,0.000,0.000,0.000,0.000,0.000,0.000,0.000,0.000,142.000,2.000,0.000
14a,new,5,0.000,0.000,0.000,0.000,0.000,0.000,0.000,0.000,0.000,0.000,115.000,2.000,0.000
14a,new,6,0.000,0.000,0.000,0.000,0.000,0.000,0.000,0.000,0.000,0.000,0.000,0.000,0.000
14a,new,7,0.000,0.000,0.000,0.000,2.000,5.000,0.000,3.000,0.000,0.000,0.000,7.000,0.000
14a,new,8,0.000,0.000,0.000,0.000,0.000,0.000,0.000,0.000,0.000,0.000,0.000,0.000,0.000
14a,new,9,0.000,0.000,0.000,0.000,0.000,0.000,0.000,0.000,0.000,0.000,0.000,1.000,0.000
14a,new,10,0.000,0.000,0.000,0.000,0.000,0.000,0.000,0.000,0.000,0.000,0.000,2.000,0.000
14a,new,11,0.000,0.000,0.000,0.000,0.000,0.000,0.000,0.000,0.000,0.000,0.000,0.000,0.000
14a,new,12,0.000,0.000,0.000,0.000,1.000,3.000,0.000,1.000,0.000,0.000,0.000,4.000,0.000
14a,new,13,0.000,0.000,0.000,0.000,0.000,0.000,0.000,0.000,0.000,0.000,0.000,0.000,0.000
14a,new,14,0.000,0.000,0.000,0.000,0.000,0.000,0.000,0.000,0.000,0.000,0.000,1.000,0.000
14a,new,15,0.000,0.000,0.000,0.000,0.000,0.000,0.000,0.000,0.000,0.000,0.000,2.000,0.000
14b,new,0,0.000,0.000,0.000,0.000,0.000,0.000,0.000,0.000,0.000,0.000,0.000,0.000,0.000
14b,new,1,0.000,0.000,0.000,0.000,0.000,0.000,0.000,0.000,0.000,0.000,123.000,0.000,0.000
14b,new,2,0.000,0.000,0.000,0.000,0.000,0.000,0.000,0.000,0.000,0.000,0.000,1.000,0.000
14b,new,3,0.000,0.000,0.000,0.000,0.000,0.000,0.000,0.000,0.000,0.000,137.000,1.000,0.000
14b,new,4,0.000,0.000,0.000,0.000,0.000,0.000,0.000,0.000,0.000,0.000,138.000,0.000,0.000
14b,new,5,0.000,0.000,0.000,0.000,0.000,0.000,0.000,0.000,0.000,0.000,0.000,0.000,0.000
14b,new,6,0.000,0.000,0.000,0.000,0.000,0.000,0.000,0.000,0.000,0.000,0.000,1.000,0.000
14b,new,7,0.000,0.000,0.000,0.000,0.000,0.000,0.000,0.000,0.000,0.000,0.000,1.000,0.000
14b,new,8,0.000,0.000,0.000,0.000,0.000,0.000,0.000,0.000,0.000,0.000,0.000,0.000,0.000
14b,new,9,0.000,0.000,0.000,0.000,0.000,0.000,0.000,0.000,0.000,0.000,0.000,0.000,0.000
14b,new,10,0.000,0.000,0.000,0.000,0.000,0.000,0.000,0.000,0.000,0.000,0.000,1.000,0.000
14b,new,11,0.000,0.000,0.000,0.000,0.000,0.000,0.000,0.000,0.000,0.000,0.000,1.000,0.000
14b,new,12,0.000,0.000,0.000,0.000,0.000,0.000,0.000,0.000,0.000,0.000,0.000,0.000,0.000
14c,new,0,0.000,0.000,0.000,0.000,0.000,0.000,0.000,0.000,0.000,0.000,0.000,0.000,0.000
14c,new,1,0.000,0.000,0.000,0.000,0.000,0.000,0.000,0.000,0.000,0.000,118.000,0.000,0.000
14c,new,2,0.000,0.000,0.000,0.000,0.000,0.000,0.000,0.000,0.000,0.000,0.000,0.000,0.000
14c,new,3,0.000,0.000,0.000,0.000,2.000,6.000,0.000,3.000,0.000,0.000,0.000,8.000,0.000
14c,new,4,0.000,0.000,0.000,0.000,0.000,1.000,0.000,1.000,0.000,0.000,136.000,4.000,0.000
14c,new,5,0.000,0.000,0.000,0.000,0.000,0.000,0.000,0.000,0.000,0.000,138.000,3.000,0.000
14c,new,6,0.000,0.000,0.000,0.000,0.000,0.000,0.000,0.000,0.000,0.000,124.000,2.000,0.000
14c,new,7,0.000,0.000,0.000,0.000,0.000,0.000,0.000,0.000,0.000,0.000,0.000,0.000,0.000
14c,new,8,0.000,0.000,0.000,0.000,0.000,0.000,0.000,0.000,0.000,0.000,0.000,0.000,0.000
14c,new,9,0.000,0.000,0.000,0.000,1.000,5.000,0.000,4.000,0.000,0.000,0.000,7.000,0.000
14c,new,10,0.000,0.000,0.000,0.000,0.000,0.000,0.000,0.000,0.000,0.000,0.000,2.000,0.000
14c,new,11,0.000,0.000,0.000,0.000,0.000,0.000,0.000,0.000,0.000,0.000,0.000,3.000,0.000
14c,new,12,0.000,0.000,0.000,0.000,0.000,0.000,0.000,0.000,0.000,0.000,0.000,1.000,0.000
14c,new,13,0.000,0.000,0.000,0.000,0.000,0.000,0.000,0.000,0.000,0.000,0.000,0.000,0.000
14c,new,14,0.000,0.000,0.000,0.000,0.000,0.000,0.000,0.000,0.000,0.000,0.000,0.000,0.000
14c,new,15,0.000,0.000,0.000,0.000,1.000,2.000,0.000,1.000,0.000,0.000,0.000,3.000,0.000
14c,new,16,0.000,0.000,0.000,0.000,0.000,0.000,0.000,0.000,0.000,0.000,0.000,2.000,0.000
14c,new,17,0.000,0.000,0.000,0.000,0.000,0.000,0.000,0.000,0.000,0.000,0.000,2.000,0.000
14c,new,18,0.000,0.000,0.000,0.000,0.000,0.000,0.000,0.000,0.000,0.000,0.000,1.000,0.000
15a,new,0,0.000,0.000,0.000,0.000,0.000,0.000,0.000,0.000,0.000,0.000,0.000,0.000,0.000
15a,new,1,0.000,0.000,0.000,0.000,0.000,0.000,0.000,0.000,0.000,0.000,99.000,0.000,0.000
15a,new,2,0.000,0.000,0.000,0.000,0.000,0.000,0.000,0.000,0.000,0.000,111.000,0.000,0.000
15a,new,3,0.000,0.000,0.000,0.000,0.000,0.000,0.000,0.000,0.000,0.000,0.000,0.000,0.000
15a,new,4,0.000,0.000,0.000,0.000,0.000,0.000,0.000,0.000,0.000,0.000,136.000,1.000,0.000
15a,new,5,0.000,0.000,0.000,0.000,0.000,0.000,0.000,0.000,0.000,0.000,141.000,2.000,0.000
15a,new,6,0.000,0.000,0.000,0.000,0.000,0.000,0.000,0.000,0.000,0.000,137.000,0.000,0.000
15a,new,7,0.000,0.000,0.000,0.000,0.000,0.000,0.000,0.000,0.000,0.000,133.000,7.000,0.000
15a,new,8,0.000,0.000,0.000,0.000,0.000,0.000,0.000,0.000,0.000,0.000,126.000,0.000,0.000
15a,new,9,0.000,0.000,0.000,0.000,0.000,0.000,0.000,0.000,0.000,0.000,0.000,0.000,0.000
15a,new,10,0.000,0.000,0.000,0.000,0.000,0.000,0.000,0.000,0.000,0.000,0.000,0.000,0.000
15a,new,11,0.000,0.000,0.000,0.000,0.000,0.000,0.000,0.000,0.000,0.000,0.000,0.000,0.000
15a,new,12,0.000,0.000,0.000,0.000,0.000,0.000,0.000,0.000,0.000,0.000,0.000,1.000,0.000
15a,new,13,0.000,0.000,0.000,0.000,0.000,0.000,0.000,0.000,0.000,0.000,0.000,2.000,0.000
15a,new,14,0.000,0.000,0.000,0.000,0.000,0.000,0.000,0.000,0.000,0.000,0.000,0.000,0.000
15a,new,15,0.000,0.000,0.000,0.000,0.000,0.000,0.000,0.000,0.000,0.000,0.000,7.000,0.000
15a,new,16,0.000,0.000,0.000,0.000,0.000,0.000,0.000,0.000,0.000,0.000,0.000,0.000,0.000
15a,new,17,0.000,0.000,0.000,0.000,0.000,0.000,0.000,0.000,0.000,0.000,0.000,0.000,0.000
15a,new,18,0.000,0.000,0.000,0.000,0.000,0.000,0.000,0.000,0.000,0.000,0.000,0.000,0.000
15a,new,19,0.000,0.000,0.000,0.000,0.000,0.000,0.000,0.000,0.000,0.000,0.000,0.000,0.000
15a,new,20,0.000,0.000,0.000,0.000,0.000,0.000,0.000,0.000,0.000,0.000,0.000,0.000,0.000
15a,new,21,0.000,0.000,0.000,0.000,0.000,0.000,0.000,0.000,0.000,0.000,0.000,1.000,0.000
15a,new,22,0.000,0.000,0.000,0.000,0.000,0.000,0.000,0.000,0.000,0.000,0.000,0.000,0.000
15a,new,23,0.000,0.000,0.000,0.000,0.000,0.000,0.000,0.000,0.000,0.000,0.000,4.000,0.000
15a,new,24,0.000,0.000,0.000,0.000,0.000,0.000,0.000,0.000,0.000,0.000,0.000,0.000,0.000
15b,new,0,0.000,0.000,0.000,0.000,0.000,0.000,0.000,0.000,0.000,0.000,0.000,0.000,0.000
15b,new,1,0.000,0.000,0.000,0.000,0.000,0.000,0.000,0.000,0.000,0.000,131.000,0.000,0.000
15b,new,2,0.000,0.000,0.000,0.000,0.000,0.000,0.000,0.000,0.000,0.000,0.000,0.000,0.000
15b,new,3,0.000,0.000,0.000,0.000,0.000,0.000,0.000,0.000,0.000,0.000,123.000,0.000,0.000
15b,new,4,0.000,0.000,0.000,0.000,0.000,0.000,0.000,0.000,0.000,0.000,126.000,1.000,0.000
15b,new,5,0.000,0.000,0.000,0.000,0.000,0.000,0.000,0.000,0.000,0.000,0.000,0.000,0.000
15b,new,6,0.000,0.000,0.000,0.000,0.000,0.000,0.000,0.000,0.000,0.000,140.000,1.000,0.000
15b,new,7,0.000,0.000,0.000,0.000,0.000,0.000,0.000,0.000,0.000,0.000,130.000,0.000,0.000
15b,new,8,0.000,0.000,0.000,0.000,0.000,0.000,0.000,0.000,0.000,0.000,0.000,0.000,0.000
15b,new,9,0.000,0.000,0.000,0.000,0.000,0.000,0.000,0.000,0.000,0.000,0.000,0.000,0.000
15b,new,10,0.000,0.000,0.000,0.000,0.000,0.000,0.000,0.000,0.000,0.000,0.000,0.000,0.000
15b,new,11,0.000,0.000,0.000,0.000,0.000,0.000,0.000,0.000,0.000,0.000,0.000,0.000,0.000
15b,new,12,0.000,0.000,0.000,0.000,0.000,0.000,0.000,0.000,0.000,0.000,0.000,0.000,0.000
15b,new,13,0.000,0.000,0.000,0.000,0.000,0.000,0.000,0.000,0.000,0.000,0.000,0.000,0.000
15b,new,14,0.000,0.000,0.000,0.000,0.000,0.000,0.000,0.000,0.000,0.000,0.000,0.000,0.000
15b,new,15,0.000,0.000,0.000,0.000,0.000,0.000,0.000,0.000,0.000,0.000,0.000,0.000,0.000
15b,new,16,0.000,0.000,0.000,0.000,0.000,0.000,0.000,0.000,0.000,0.000,0.000,0.000,0.000
15b,new,17,0.000,0.000,0.000,0.000,0.000,0.000,0.000,0.000,0.000,0.000,0.000,0.000,0.000
15b,new,18,0.000,0.000,0.000,0.000,0.000,0.000,0.000,0.000,0.000,0.000,0.000,0.000,0.000
15b,new,19,0.000,0.000,0.000,0.000,0.000,0.000,0.000,0.000,0.000,0.000,0.000,0.000,0.000
15b,new,20,0.000,0.000,0.000,0.000,0.000,0.000,0.000,0.000,0.000,0.000,0.000,0.000,0.000
15b,new,21,0.000,0.000,0.000,0.000,0.000,0.000,0.000,0.000,0.000,0.000,0.000,0.000,0.000
15c,new,0,0.000,0.000,0.000,0.000,0.000,0.000,0.000,0.000,0.000,0.000,0.000,0.000,0.000
15c,new,1,0.000,0.000,0.000,0.000,0.000,0.000,0.000,0.000,0.000,0.000,125.000,0.000,0.000
15c,new,2,0.000,0.000,0.000,0.000,0.000,0.000,0.000,0.000,0.000,0.000,112.000,0.000,0.000
15c,new,3,0.000,0.000,0.000,0.000,0.000,0.000,0.000,0.000,0.000,0.000,142.000,1.000,0.000
15c,new,4,0.000,0.000,0.000,0.000,0.000,0.000,0.000,0.000,0.000,0.000,0.000,3.000,0.000
15c,new,5,0.000,0.000,0.000,0.000,0.000,0.000,0.000,0.000,0.000,0.000,140.000,5.000,0.000
15c,new,6,0.000,0.000,0.000,0.000,0.000,0.000,0.000,0.000,0.000,0.000,120.000,0.000,0.000
15c,new,7,0.000,0.000,0.000,0.000,0.000,0.000,0.000,0.000,0.000,0.000,111.000,7.000,0.000
15c,new,8,0.000,0.000,0.000,0.000,0.000,0.000,0.000,0.000,0.000,0.000,112.000,0.000,0.000
15c,new,9,0.000,0.000,0.000,0.000,0.000,0.000,0.000,0.000,0.000,0.000,0.000,0.000,0.000
15c,new,10,0.000,0.000,0.000,0.000,0.000,0.000,0.000,0.000,0.000,0.000,0.000,0.000,0.000
15c,new,11,0.000,0.000,0.000,0.000,0.000,0.000,0.000,0.000,0.000,0.000,0.000,1.000,0.000
15c,new,12,0.000,0.000,0.000,0.000,0.000,0.000,0.000,0.000,0.000,0.000,0.000,3.000,0.000
15c,new,13,0.000,0.000,0.000,0.000,0.000,0.000,0.000,0.000,0.000,0.000,0.000,6.000,0.000
15c,new,14,0.000,0.000,0.000,0.000,0.000,0.000,0.000,0.000,0.000,0.000,0.000,0.000,0.000
15c,new,15,0.000,0.000,0.000,0.000,0.000,0.000,0.000,0.000,0.000,0.000,0.000,5.000,0.000
15c,new,16,0.000,0.000,0.000,0.000,0.000,0.000,0.000,0.000,0.000,0.000,0.000,0.000,0.000
15c,new,17,0.000,0.000,0.000,0.000,0.000,0.000,0.000,0.000,0.000,0.000,0.000,0.000,0.000
15c,new,18,0.000,0.000,0.000,0.000,0.000,0.000,0.000,0.000,0.000,0.000,0.000,0.000,0.000
15c,new,19,0.000,0.000,0.000,0.000,0.000,0.000,0.000,0.000,0.000,0.000,0.000,0.000,0.000
15c,new,20,0.000,0.000,0.000,0.000,0.000,0.000,0.000,0.000,0.000,0.000,0.000,2.000,0.000
15c,new,21,0.000,0.000,0.000,0.000,0.000,0.000,0.000,0.000,0.000,0.000,0.000,3.000,0.000
15c,new,22,0.000,0.000,0.000,0.000,0.000,0.000,0.000,0.000,0.000,0.000,0.000,0.000,0.000
15c,new,23,0.000,0.000,0.000,0.000,0.000,0.000,0.000,0.000,0.000,0.000,0.000,4.000,0.000
15c,new,24,0.000,0.000,0.000,0.000,0.000,0.000,0.000,0.000,0.000,0.000,0.000,0.000,0.000
15d,new,0,0.000,0.000,0.000,0.000,0.000,0.000,0.000,0.000,0.000,0.000,0.000,0.000,0.000
15d,new,1,0.000,0.000,0.000,0.000,0.000,0.000,0.000,0.000,0.000,0.000,115.000,0.000,0.000
15d,new,2,0.000,0.000,0.000,0.000,0.000,1.000,0.000,1.000,0.000,0.000,0.000,2.000,0.000
15d,new,3,0.000,0.000,0.000,0.000,0.000,0.000,0.000,0.000,0.000,0.000,139.000,1.000,0.000
15d,new,4,0.000,0.000,0.000,0.000,0.000,0.000,0.000,0.000,0.000,0.000,112.000,3.000,0.000
15d,new,5,0.000,0.000,0.000,0.000,0.000,1.000,0.000,0.000,0.000,0.000,0.000,9.000,0.000
15d,new,6,0.000,0.000,0.000,0.000,0.000,0.000,0.000,0.000,0.000,0.000,123.000,5.000,0.000
15d,new,7,0.000,0.000,0.000,0.000,0.000,2.000,0.000,1.000,0.000,0.000,138.000,4.000,0.000
15d,new,8,0.000,0.000,0.000,0.000,0.000,0.000,0.000,0.000,0.000,0.000,143.000,5.000,0.000
15d,new,9,0.000,0.000,0.000,0.000,0.000,0.000,0.000,0.000,0.000,0.000,0.000,0.000,0.000
15d,new,10,0.000,0.000,0.000,0.000,0.000,1.000,0.000,0.000,0.000,0.000,0.000,1.000,0.000
15d,new,11,0.000,0.000,0.000,0.000,0.000,0.000,0.000,0.000,0.000,0.000,0.000,1.000,0.000
15d,new,12,0.000,0.000,0.000,0.000,0.000,0.000,0.000,0.000,0.000,0.000,0.000,4.000,0.000
15d,new,13,0.000,0.000,0.000,0.000,0.000,0.000,0.000,0.000,0.000,0.000,0.000,8.000,0.000
15d,new,14,0.000,0.000,0.000,0.000,0.000,0.000,0.000,0.000,0.000,0.000,0.000,4.000,0.000
15d,new,15,0.000,0.000,0.000,0.000,0.000,0.000,0.000,0.000,0.000,0.000,0.000,1.000,0.000
15d,new,16,0.000,0.000,0.000,0.000,0.000,0.000,0.000,0.000,0.000,0.000,0.000,1.000,0.000
15d,new,17,0.000,0.000,0.000,0.000,0.000,0.000,0.000,0.000,0.000,0.000,0.000,0.000,0.000
15d,new,18,0.000,0.000,0.000,0.000,0.000,0.000,0.000,0.000,0.000,0.000,0.000,0.000,0.000
15d,new,19,0.000,0.000,0.000,0.000,0.000,0.000,0.000,0.000,0.000,0.000,0.000,0.000,0.000
15d,new,20,0.000,0.000,0.000,0.000,0.000,0.000,0.000,0.000,0.000,0.000,0.000,2.000,0.000
15d,new,21,0.000,0.000,0.000,0.000,0.000,0.000,0.000,0.000,0.000,0.000,0.000,4.000,0.000
15d,new,22,0.000,0.000,0.000,0.000,0.000,0.000,0.000,0.000,0.000,0.000,0.000,2.000,0.000
15d,new,23,0.000,0.000,0.000,0.000,0.000,0.000,0.000,0.000,0.000,0.000,0.000,1.000,0.000
15d,new,24,0.000,0.000,0.000,0.000,0.000,0.000,0.000,0.000,0.000,0.000,0.000,1.000,0.000
16a,new,0,0.000,0.000,0.000,0.000,0.000,0.000,0.000,0.000,0.000,0.000,0.000,0.000,0.000
16a,new,1,0.000,0.000,0.000,0.000,0.000,2.000,0.000,1.000,0.000,0.000,99.000,3.000,0.000
16a,new,2,0.000,0.000,0.000,0.000,0.000,0.000,0.000,0.000,0.000,0.000,128.000,0.000,0.000
16a,new,3,0.000,0.000,0.000,0.000,0.000,0.000,0.000,0.000,0.000,0.000,139.000,6.000,0.000
16a,new,4,0.000,0.000,0.000,0.000,0.000,0.000,0.000,0.000,0.000,0.000,138.000,0.000,0.000
16a,new,5,0.000,0.000,0.000,0.000,0.000,0.000,0.000,0.000,0.000,0.000,133.000,40.000,0.000
16a,new,6,0.000,0.000,0.000,0.000,0.000,0.000,0.000,0.000,0.000,0.000,102.000,2.000,0.000
16a,new,7,0.000,0.000,0.000,0.000,0.000,0.000,0.000,0.000,0.000,0.000,129.000,6.000,0.000
16a,new,8,0.000,0.000,0.000,0.000,2.000,4.000,0.000,2.000,0.000,0.000,0.000,5.000,0.000
16a,new,9,0.000,0.000,0.000,0.000,0.000,0.000,0.000,0.000,0.000,0.000,0.000,0.000,0.000
16a,new,10,0.000,0.000,0.000,0.000,0.000,0.000,0.000,0.000,0.000,0.000,0.000,4.000,0.000
16a,new,11,0.000,0.000,0.000,0.000,0.000,0.000,0.000,0.000,0.000,0.000,0.000,0.000,0.000
16a,new,12,0.000,0.000,0.000,0.000,0.000,0.000,0.000,0.000,0.000,0.000,0.000,30.000,0.000
16a,new,13,0.000,0.000,0.000,0.000,0.000,0.000,0.000,0.000,0.000,0.000,0.000,0.000,0.000
16a,new,14,0.000,0.000,0.000,0.000,0.000,0.000,0.000,0.000,0.000,0.000,0.000,2.000,0.000
16a,new,15,0.000,0.000,0.000,0.000,0.000,2.000,0.000,1.000,0.000,0.000,0.000,3.000,0.000
16a,new,16,0.000,0.000,0.000,0.000,0.000,0.000,0.000,0.000,0.000,0.000,0.000,0.000,0.000
16a,new,17,0.000,0.000,0.000,0.000,0.000,0.000,0.000,0.000,0.000,0.000,0.000,2.000,0.000
16a,new,18,0.000,0.000,0.000,0.000,0.000,0.000,0.000,0.000,0.000,0.000,0.000,0.000,0.000
16a,new,19,0.000,0.000,0.000,0.000,0.000,0.000,0.000,0.000,0.000,0.000,0.000,24.000,0.000
16a,new,20,0.000,0.000,0.000,0.000,0.000,0.000,0.000,0.000,0.000,0.000,0.000,0.000,0.000
16a,new,21,0.000,0.000,0.000,0.000,0.000,0.000,0.000,0.000,0.000,0.000,0.000,2.000,0.000
16b,new,0,0.000,0.000,0.000,0.000,0.000,0.000,0.000,0.000,0.000,0.000,0.000,0.000,0.000
16b,new,1,0.000,0.000,0.000,0.000,3.000,7.000,0.000,3.000,0.000,0.000,117.000,8.000,0.000
16b,new,2,0.000,0.000,0.000,0.000,6.000,17.000,0.000,10.000,0.000,0.000,138.000,24.000,0.000
16b,new,3,0.000,0.000,0.000,0.000,4.000,20.000,0.000,15.000,0.000,0.000,143.000,33.000,0.000
16b,new,4,0.000,0.000,0.000,0.000,3.000,16.000,0.000,12.000,0.000,0.000,136.000,20.000,0.000
16b,new,5,0.000,0.000,0.000,0.000,24.000,85.000,1.000,58.000,1.000,0.000,0.000,89.000,0.000
16b,new,6,0.000,0.000,0.000,0.000,42.000,98.000,2.000,50.000,2.000,0.000,126.000,170.000,0.000
16b,new,7,0.000,0.000,0.000,0.000,0.000,0.000,0.000,0.000,0.000,0.000,119.000,60.000,0.000
16b,new,8,0.000,0.000,0.000,0.000,0.000,2.000,0.000,1.000,0.000,0.000,0.000,3.000,0.000
16b,new,9,0.000,0.000,0.000,0.000,3.000,7.000,0.000,4.000,0.000,0.000,0.000,10.000,0.000
16b,new,10,0.000,0.000,0.000,0.000,3.000,10.000,0.000,7.000,0.000,0.000,0.000,17.000,0.000
16b,new,11,0.000,0.000,0.000,0.000,1.000,5.000,0.000,3.000,0.000,0.000,0.000,7.000,0.000
16b,new,12,0.000,0.000,0.000,0.000,23.000,79.000,1.000,53.000,1.000,0.000,0.000,83.000,0.000
16b,new,13,0.000,0.000,0.000,0.000,40.000,92.000,2.000,47.000,2.000,0.000,0.000,161.000,0.000
16b,new,14,0.000,0.000,0.000,0.000,0.000,0.000,0.000,0.000,0.000,0.000,0.000,61.000,0.000
16b,new,15,0.000,0.000,0.000,0.000,0.000,2.000,0.000,1.000,0.000,0.000,0.000,3.000,0.000
16b,new,16,0.000,0.000,0.000,0.000,3.000,7.000,0.000,4.000,0.000,0.000,0.000,10.000,0.000
16b,new,17,0.000,0.000,0.000,0.000,3.000,11.000,0.000,7.000,0.000,0.000,0.000,17.000,0.000
16b,new,18,0.000,0.000,0.000,0.000,1.000,5.000,0.000,3.000,0.000,0.000,0.000,7.000,0.000
16b,new,19,0.000,0.000,0.000,0.000,23.000,80.000,1.000,55.000,1.000,0.000,0.000,84.000,0.000
16b,new,20,0.000,0.000,0.000,0.000,40.000,92.000,2.000,47.000,2.000,0.000,0.000,161.000,0.000
16b,new,21,0.000,0.000,0.000,0.000,0.000,0.000,0.000,0.000,0.000,0.000,0.000,61.000,0.000
16c,new,0,0.000,0.000,0.000,0.000,0.000,0.000,0.000,0.000,0.000,0.000,0.000,0.000,0.000
16c,new,1,0.000,0.000,0.000,0.000,3.000,7.000,0.000,4.000,0.000,0.000,114.000,9.000,0.000
16c,new,2,0.000,0.000,0.000,0.000,0.000,2.000,0.000,1.000,0.000,0.000,143.000,4.000,0.000
16c,new,3,0.000,0.000,0.000,0.000,1.000,2.000,0.000,1.000,0.000,0.000,139.000,9.000,0.000
16c,new,4,0.000,0.000,0.000,0.000,0.000,2.000,0.000,1.000,0.000,0.000,134.000,7.000,0.000
16c,new,5,0.000,0.000,0.000,0.000,2.000,5.000,0.000,3.000,0.000,0.000,0.000,44.000,0.000
16c,new,6,0.000,0.000,0.000,0.000,6.000,15.000,0.000,7.000,0.000,0.000,111.000,33.000,0.000
16c,new,7,0.000,0.000,0.000,0.000,0.000,0.000,0.000,0.000,0.000,0.000,127.000,15.000,0.000
16c,new,8,0.000,0.000,0.000,0.000,1.000,4.000,0.000,2.000,0.000,0.000,0.000,5.000,0.000
16c,new,9,0.000,0.000,0.000,0.000,0.000,0.000,0.000,0.000,0.000,0.000,0.000,2.000,0.000
16c,new,10,0.000,0.000,0.000,0.000,0.000,0.000,0.000,0.000,0.000,0.000,0.000,5.000,0.000
16c,new,11,0.000,0.000,0.000,0.000,0.000,0.000,0.000,0.000,0.000,0.000,0.000,5.000,0.000
16c,new,12,0.000,0.000,0.000,0.000,2.000,5.000,0.000,3.000,0.000,0.000,0.000,37.000,0.000
16c,new,13,0.000,0.000,0.000,0.000,7.000,15.000,0.000,8.000,0.000,0.000,0.000,24.000,0.000
16c,new,14,0.000,0.000,0.000,0.000,0.000,0.000,0.000,0.000,0.000,0.000,0.000,9.000,0.000
16c,new,15,0.000,0.000,0.000,0.000,0.000,2.000,0.000,1.000,0.000,0.000,0.000,3.000,0.000
16c,new,16,0.000,0.000,0.000,0.000,0.000,0.000,0.000,0.000,0.000,0.000,0.000,2.000,0.000
16c,new,17,0.000,0.000,0.000,0.000,0.000,0.000,0.000,0.000,0.000,0.000,0.000,4.000,0.000
16c,new,18,0.000,0.000,0.000,0.000,0.000,0.000,0.000,0.000,0.000,0.000,0.000,2.000,0.000
16c,new,19,0.000,0.000,0.000,0.000,2.000,5.000,0.000,3.000,0.000,0.000,0.000,34.000,0.000
16c,new,20,0.000,0.000,0.000,0.000,7.000,15.000,0.000,8.000,0.000,0.000,0.000,24.000,0.000
16c,new,21,0.000,0.000,0.000,0.000,0.000,0.000,0.000,0.000,0.000,0.000,0.000,11.000,0.000
16d,new,0,0.000,0.000,0.000,0.000,0.000,0.000,0.000,0.000,0.000,0.000,0.000,0.000,0.000
16d,new,1,0.000,0.000,0.000,0.000,1.000,2.000,0.000,1.000,0.000,0.000,207.000,5.000,0.000
16d,new,2,0.000,0.000,0.000,0.000,0.000,0.000,0.000,0.000,0.000,0.000,205.000,3.000,0.000
16d,new,3,0.000,0.000,0.000,0.000,0.000,0.000,0.000,0.000,0.000,0.000,155.000,12.000,0.000
16d,new,4,0.000,0.000,0.000,0.000,0.000,0.000,0.000,0.000,0.000,0.000,137.000,0.000,0.000
16d,new,5,0.000,0.000,0.000,0.000,1.000,4.000,0.000,2.000,0.000,0.000,116.000,70.000,0.000
16d,new,6,0.000,0.000,0.000,0.000,6.000,13.000,0.000,6.000,0.000,0.000,110.000,26.000,0.000
16d,new,7,0.000,0.000,0.000,0.000,0.000,0.000,0.000,0.000,0.000,0.000,112.000,13.000,0.000
16d,new,8,0.000,0.000,0.000,0.000,1.000,3.000,0.000,1.000,0.000,0.000,0.000,5.000,0.000
16d,new,9,0.000,0.000,0.000,0.000,0.000,0.000,0.000,0.000,0.000,0.000,0.000,2.000,0.000
16d,new,10,0.000,0.000,0.000,0.000,0.000,0.000,0.000,0.000,0.000,0.000,0.000,8.000,0.000
16d,new,11,0.000,0.000,0.000,0.000,0.000,0.000,0.000,0.000,0.000,0.000,0.000,1.000,0.000
16d,new,12,0.000,0.000,0.000,0.000,1.000,4.000,0.000,2.000,0.000,0.000,0.000,58.000,0.000
16d,new,13,0.000,0.000,0.000,0.000,8.000,16.000,0.000,7.000,0.000,0.000,0.000,29.000,0.000
16d,new,14,0.000,0.000,0.000,0.000,0.000,0.000,0.000,0.000,0.000,0.000,0.000,13.000,0.000
16d,new,15,0.000,0.000,0.000,0.000,1.000,3.000,0.000,1.000,0.000,0.000,0.000,3.000,0.000
16d,new,16,0.000,0.000,0.000,0.000,0.000,0.000,0.000,0.000,0.000,0.000,0.000,1.000,0.000
16d,new,17,0.000,0.000,0.000,0.000,0.000,0.000,0.000,0.000,0.000,0.000,0.000,9.000,0.000
16d,new,18,0.000,0.000,0.000,0.000,0.000,0.000,0.000,0.000,0.000,0.000,0.000,1.000,0.000
16d,new,19,0.000,0.000,0.000,0.000,2.000,5.000,0.000,2.000,0.000,0.000,0.000,59.000,0.000
16d,new,20,0.000,0.000,0.000,0.000,8.000,17.000,0.000,8.000,0.000,0.000,0.000,29.000,0.000
16d,new,21,0.000,0.000,0.000,0.000,0.000,0.000,0.000,0.000,0.000,0.000,0.000,13.000,0.000
17a,new,0,0.000,0.000,0.000,0.000,0.000,0.000,0.000,0.000,0.000,0.000,0.000,0.000,0.000
17a,new,1,0.000,0.000,0.000,0.000,0.000,2.000,0.000,1.000,0.000,0.000,133.000,7.000,0.000
17a,new,2,0.000,0.000,0.000,0.000,4.000,12.000,0.000,8.000,0.000,0.000,113.000,19.000,0.000
17a,new,3,0.000,0.000,0.000,0.000,1.000,3.000,0.000,2.000,0.000,0.000,121.000,10.000,0.000
17a,new,4,0.000,0.000,0.000,0.000,11.000,31.000,0.000,19.000,0.000,0.000,0.000,33.000,0.000
17a,new,5,0.000,0.000,0.000,0.000,1.000,5.000,0.000,4.000,0.000,0.000,116.000,13.000,0.000
17a,new,6,0.000,0.000,0.000,0.000,0.000,0.000,0.000,0.000,0.000,0.000,183.000,83.000,0.000
17a,new,7,0.000,0.000,0.000,0.000,0.000,2.000,0.000,1.000,0.000,0.000,0.000,3.000,0.000
17a,new,8,0.000,0.000,0.000,0.000,5.000,19.000,0.000,13.000,0.000,0.000,0.000,36.000,0.000
17a,new,9,0.000,0.000,0.000,0.000,1.000,3.000,0.000,2.000,0.000,0.000,0.000,14.000,0.000
17a,new,10,0.000,0.000,0.000,0.000,13.000,38.000,0.000,23.000,0.000,0.000,0.000,42.000,0.000
17a,new,11,0.000,0.000,0.000,0.000,1.000,6.000,0.000,4.000,0.000,0.000,0.000,18.000,0.000
17a,new,12,0.000,0.000,0.000,0.000,0.000,0.000,0.000,0.000,0.000,0.000,0.000,98.000,0.000
17a,new,13,0.000,0.000,0.000,0.000,1.000,3.000,0.000,1.000,0.000,0.000,0.000,5.000,0.000
17a,new,14,0.000,0.000,0.000,0.000,4.000,14.000,0.000,9.000,0.000,0.000,0.000,26.000,0.000
17a,new,15,0.000,0.000,0.000,0.000,1.000,5.000,0.000,4.000,0.000,0.000,0.000,13.000,0.000
17a,new,16,0.000,0.000,0.000,0.000,11.000,33.000,0.000,20.000,0.000,0.000,0.000,35.000,0.000
17a,new,17,0.000,0.000,0.000,0.000,1.000,6.000,0.000,4.000,0.000,0.000,0.000,19.000,0.000
17a,new,18,0.000,0.000,0.000,0.000,0.000,0.000,0.000,0.000,0.000,0.000,0.000,101.000,0.000
17b,new,0,0.000,0.000,0.000,0.000,0.000,0.000,0.000,0.000,0.000,0.000,0.000,0.000,0.000
17b,new,1,0.000,0.000,0.000,0.000,0.000,2.000,0.000,1.000,0.000,0.000,117.000,6.000,0.000
17b,new,2,0.000,0.000,0.000,0.000,4.000,9.000,0.000,4.000,0.000,0.000,110.000,14.000,0.000
17b,new,3,0.000,0.000,0.000,0.000,0.000,2.000,0.000,1.000,0.000,0.000,0.000,2.000,0.000
17b,new,4,0.000,0.000,0.000,0.000,0.000,2.000,0.000,1.000,0.000,0.000,112.000,6.000,0.000
17b,new,5,0.000,0.000,0.000,0.000,4.000,7.000,0.000,2.000,0.000,0.000,109.000,65.000,0.000
17b,new,6,0.000,0.000,0.000,0.000,0.000,0.000,0.000,0.000,0.000,0.000,130.000,9.000,0.000
17b,new,7,0.000,0.000,0.000,0.000,1.000,2.000,0.000,1.000,0.000,0.000,0.000,3.000,0.000
17b,new,8,0.000,0.000,0.000,0.000,3.000,9.000,0.000,4.000,0.000,0.000,0.000,18.000,0.000
17b,new,9,0.000,0.000,0.000,0.000,0.000,2.000,0.000,1.000,0.000,0.000,0.000,2.000,0.000
17b,new,10,0.000,0.000,0.000,0.000,0.000,2.000,0.000,1.000,0.000,0.000,0.000,9.000,0.000
17b,new,11,0.000,0.000,0.000,0.000,1.000,4.000,0.000,2.000,0.000,0.000,0.000,57.000,0.000
17b,new,12,0.000,0.000,0.000,0.000,0.000,0.000,0.000,0.000,0.000,0.000,0.000,8.000,0.000
17b,new,13,0.000,0.000,0.000,0.000,7.000,8.000,0.000,1.000,0.000,0.000,0.000,9.000,0.000
17b,new,14,0.000,0.000,0.000,0.000,8.000,13.000,0.000,4.000,0.000,0.000,0.000,22.000,0.000
17b,new,15,0.000,0.000,0.000,0.000,0.000,2.000,0.000,1.000,0.000,0.000,0.000,2.000,0.000
17b,new,16,0.000,0.000,0.000,0.000,0.000,2.000,0.000,1.000,0.000,0.000,0.000,6.000,0.000
17b,new,17,0.000,0.000,0.000,0.000,1.000,4.000,0.000,2.000,0.000,0.000,0.000,59.000,0.000
17b,new,18,0.000,0.000,0.000,0.000,0.000,0.000,0.000,0.000,0.000,0.000,0.000,6.000,0.000
17c,new,0,0.000,0.000,0.000,0.000,0.000,0.000,0.000,0.000,0.000,0.000,0.000,0.000,0.000
17c,new,1,0.000,0.000,0.000,0.000,0.000,0.000,0.000,0.000,0.000,0.000,113.000,0.000,0.000
17c,new,2,0.000,0.000,0.000,0.000,3.000,4.000,0.000,1.000,0.000,0.000,112.000,5.000,0.000
17c,new,3,0.000,0.000,0.000,0.000,3.000,9.000,0.000,4.000,0.000,0.000,0.000,19.000,0.000
17c,new,4,0.000,0.000,0.000,0.000,0.000,2.000,0.000,1.000,0.000,0.000,117.000,12.000,0.000
17c,new,5,0.000,0.000,0.000,0.000,0.000,0.000,0.000,0.000,0.000,0.000,140.000,65.000,0.000
17c,new,6,0.000,0.000,0.000,0.000,0.000,0.000,0.000,0.000,0.000,0.000,134.000,0.000,0.000
17c,new,7,0.000,0.000,0.000,0.000,0.000,4.000,4.000,0.000,0.000,0.000,0.000,4.000,0.000
17c,new,8,0.000,0.000,0.000,0.000,1.000,3.000,0.000,2.000,0.000,0.000,0.000,4.000,0.000
17c,new,9,0.000,0.000,0.000,0.000,8.000,17.000,0.000,9.000,0.000,0.000,0.000,26.000,0.000
17c,new,10,0.000,0.000,0.000,0.000,0.000,2.000,0.000,1.000,0.000,0.000,0.000,13.000,0.000
17c,new,11,0.000,0.000,0.000,0.000,0.000,0.000,0.000,0.000,0.000,0.000,0.000,61.000,0.000
17c,new,12,0.000,0.000,0.000,0.000,0.000,0.000,0.000,0.000,0.000,0.000,0.000,0.000,0.000
17c,new,13,0.000,0.000,0.000,0.000,0.000,0.000,0.000,0.000,0.000,0.000,0.000,0.000,0.000
17c,new,14,0.000,0.000,0.000,0.000,1.000,3.000,0.000,1.000,0.000,0.000,0.000,3.000,0.000
17c,new,15,0.000,0.000,0.000,0.000,4.000,9.000,0.000,4.000,0.000,0.000,0.000,18.000,0.000
17c,new,16,0.000,0.000,0.000,0.000,0.000,2.000,0.000,1.000,0.000,0.000,0.000,9.000,0.000
17c,new,17,0.000,0.000,0.000,0.000,0.000,0.000,0.000,0.000,0.000,0.000,0.000,49.000,0.000
17c,new,18,0.000,0.000,0.000,0.000,0.000,0.000,0.000,0.000,0.000,0.000,0.000,0.000,0.000
17d,new,0,0.000,0.000,0.000,0.000,0.000,0.000,0.000,0.000,0.000,0.000,0.000,0.000,0.000
17d,new,1,0.000,0.000,0.000,0.000,0.000,0.000,0.000,0.000,0.000,0.000,138.000,5.000,0.000
17d,new,2,0.000,0.000,0.000,0.000,0.000,2.000,0.000,1.000,0.000,0.000,144.000,4.000,0.000
17d,new,3,0.000,0.000,0.000,0.000,5.000,15.000,0.000,9.000,0.000,0.000,0.000,29.000,0.000
17d,new,4,0.000,0.000,0.000,0.000,0.000,2.000,0.000,1.000,0.000,0.000,151.000,9.000,0.000
17d,new,5,0.000,0.000,0.000,0.000,3.000,3.000,0.000,0.000,0.000,0.000,109.000,51.000,0.000
17d,new,6,0.000,0.000,0.000,0.000,0.000,0.000,0.000,0.000,0.000,0.000,117.000,1.000,0.000
17d,new,7,0.000,0.000,0.000,0.000,0.000,0.000,0.000,0.000,0.000,0.000,0.000,0.000,0.000
17d,new,8,0.000,0.000,0.000,0.000,1.000,2.000,0.000,1.000,0.000,0.000,0.000,6.000,0.000
17d,new,9,0.000,0.000,0.000,0.000,4.000,13.000,0.000,9.000,0.000,0.000,0.000,19.000,0.000
17d,new,10,0.000,0.000,0.000,0.000,0.000,2.000,0.000,1.000,0.000,0.000,0.000,12.000,0.000
17d,new,11,0.000,0.000,0.000,0.000,0.000,0.000,0.000,0.000,0.000,0.000,0.000,51.000,0.000
17d,new,12,0.000,0.000,0.000,0.000,0.000,0.000,0.000,0.000,0.000,0.000,0.000,1.000,0.000
17d,new,13,0.000,0.000,0.000,0.000,0.000,0.000,0.000,0.000,0.000,0.000,0.000,0.000,0.000
17d,new,14,0.000,0.000,0.000,0.000,1.000,3.000,0.000,1.000,0.000,0.000,0.000,4.000,0.000
17d,new,15,0.000,0.000,0.000,0.000,5.000,11.000,0.000,5.000,0.000,0.000,0.000,20.000,0.000
17d,new,16,0.000,0.000,0.000,0.000,1.000,3.000,0.000,2.000,0.000,0.000,0.000,11.000,0.000
17d,new,17,0.000,0.000,0.000,0.000,0.000,1.000,0.000,0.000,0.000,0.000,0.000,56.000,0.000
17d,new,18,0.000,0.000,0.000,0.000,0.000,0.000,0.000,0.000,0.000,0.000,0.000,1.000,0.000
17e,new,0,0.000,0.000,0.000,0.000,0.000,0.000,0.000,0.000,0.000,0.000,0.000,0.000,0.000
17e,new,1,0.000,0.000,0.000,0.000,1.000,3.000,0.000,1.000,0.000,0.000,187.000,8.000,0.000
17e,new,2,0.000,0.000,0.000,0.000,8.000,18.000,0.000,9.000,0.000,0.000,123.000,29.000,0.000
17e,new,3,0.000,0.000,0.000,0.000,2.000,11.000,0.000,9.000,0.000,0.000,0.000,11.000,0.000
17e,new,4,0.000,0.000,0.000,0.000,4.000,12.000,0.000,7.000,0.000,0.000,141.000,24.000,0.000
17e,new,5,0.000,0.000,0.000,0.000,113.000,234.000,7.000,108.000,4.000,0.000,122.000,638.000,0.000
17e,new,6,0.000,0.000,0.000,0.000,0.000,0.000,0.000,0.000,0.000,0.000,127.000,75.000,0.000
17e,new,7,0.000,0.000,0.000,0.000,1.000,3.000,0.000,1.000,0.000,0.000,0.000,3.000,0.000
17e,new,8,0.000,0.000,0.000,0.000,4.000,11.000,0.000,5.000,0.000,0.000,0.000,20.000,0.000
17e,new,9,0.000,0.000,0.000,0.000,2.000,8.000,0.000,5.000,0.000,0.000,0.000,8.000,0.000
17e,new,10,0.000,0.000,0.000,0.000,4.000,15.000,0.000,11.000,0.000,0.000,0.000,28.000,0.000
17e,new,11,0.000,0.000,0.000,0.000,117.000,255.000,7.000,125.000,4.000,0.000,0.000,669.000,0.000
17e,new,12,0.000,0.000,0.000,0.000,0.000,0.000,0.000,0.000,0.000,0.000,0.000,152.000,0.000
17e,new,13,0.000,0.000,0.000,0.000,1.000,2.000,0.000,1.000,0.000,0.000,0.000,4.000,0.000
17e,new,14,0.000,0.000,0.000,0.000,8.000,14.000,0.000,5.000,0.000,0.000,0.000,28.000,0.000
17e,new,15,0.000,0.000,0.000,0.000,5.000,18.000,0.000,13.000,0.000,0.000,0.000,21.000,0.000
17e,new,16,0.000,0.000,0.000,0.000,4.000,18.000,0.000,10.000,3.000,0.000,0.000,40.000,0.000
17e,new,17,0.000,0.000,0.000,0.000,111.000,233.000,4.000,113.000,4.000,0.000,0.000,692.000,0.000
17e,new,18,0.000,0.000,0.000,0.000,0.000,0.000,0.000,0.000,0.000,0.000,0.000,70.000,0.000
17f,new,0,0.000,0.000,0.000,0.000,0.000,0.000,0.000,0.000,0.000,0.000,0.000,0.000,0.000
17f,new,1,0.000,0.000,0.000,0.000,0.000,2.000,0.000,1.000,0.000,0.000,113.000,7.000,0.000
17f,new,2,0.000,0.000,0.000,0.000,7.000,16.000,0.000,9.000,0.000,0.000,117.000,22.000,0.000
17f,new,3,0.000,0.000,0.000,0.000,1.000,3.000,0.000,2.000,0.000,0.000,125.000,9.000,0.000
17f,new,4,0.000,0.000,0.000,0.000,8.000,19.000,0.000,11.000,0.000,0.000,131.000,31.000,0.000
17f,new,5,0.000,0.000,0.000,0.000,19.000,52.000,0.000,31.000,0.000,0.000,0.000,54.000,0.000
17f,new,6,0.000,0.000,0.000,0.000,0.000,0.000,0.000,0.000,0.000,0.000,163.000,142.000,0.000
17f,new,7,0.000,0.000,0.000,0.000,0.000,3.000,0.000,1.000,0.000,0.000,0.000,4.000,0.000
17f,new,8,0.000,0.000,0.000,0.000,4.000,13.000,0.000,8.000,0.000,0.000,0.000,50.000,0.000
17f,new,9,0.000,0.000,0.000,0.000,1.000,3.000,0.000,2.000,0.000,0.000,0.000,20.000,0.000
17f,new,10,0.000,0.000,0.000,0.000,4.000,13.000,0.000,9.000,0.000,0.000,0.000,41.000,0.000
17f,new,11,0.000,0.000,0.000,0.000,21.000,54.000,0.000,31.000,0.000,0.000,0.000,57.000,0.000
17f,new,12,0.000,0.000,0.000,0.000,0.000,0.000,0.000,0.000,0.000,0.000,0.000,150.000,0.000
17f,new,13,0.000,0.000,0.000,0.000,1.000,2.000,0.000,1.000,0.000,0.000,0.000,3.000,0.000
17f,new,14,0.000,0.000,0.000,0.000,4.000,13.000,0.000,8.000,0.000,0.000,0.000,21.000,0.000
17f,new,15,0.000,0.000,0.000,0.000,1.000,3.000,0.000,2.000,0.000,0.000,0.000,12.000,0.000
17f,new,16,0.000,0.000,0.000,0.000,4.000,13.000,0.000,9.000,0.000,0.000,0.000,30.000,0.000
17f,new,17,0.000,0.000,0.000,0.000,22.000,52.000,1.000,27.000,0.000,0.000,0.000,54.000,0.000
17f,new,18,0.000,0.000,0.000,0.000,0.000,0.000,0.000,0.000,0.000,0.000,0.000,138.000,0.000
18a,new,0,0.000,0.000,0.000,0.000,0.000,0.000,0.000,0.000,0.000,0.000,0.000,0.000,0.000
18a,new,1,0.000,0.000,0.000,0.000,0.000,0.000,0.000,0.000,0.000,0.000,141.000,2.000,0.000
18a,new,2,0.000,0.000,0.000,0.000,0.000,0.000,0.000,0.000,0.000,0.000,0.000,5.000,0.000
18a,new,3,0.000,0.000,0.000,0.000,0.000,0.000,0.000,0.000,0.000,0.000,120.000,13.000,0.000
18a,new,4,0.000,0.000,0.000,0.000,0.000,0.000,0.000,0.000,0.000,0.000,156.000,2.000,0.000
18a,new,5,0.000,0.000,0.000,0.000,0.000,0.000,0.000,0.000,0.000,0.000,148.000,8.000,0.000
18a,new,6,0.000,0.000,0.000,0.000,0.000,0.000,0.000,0.000,0.000,0.000,0.000,0.000,0.000
18a,new,7,0.000,0.000,0.000,0.000,0.000,0.000,0.000,0.000,0.000,0.000,0.000,11.000,0.000
18a,new,8,0.000,0.000,0.000,0.000,0.000,0.000,0.000,0.000,0.000,0.000,0.000,9.000,0.000
18a,new,9,0.000,0.000,0.000,0.000,0.000,0.000,0.000,0.000,0.000,0.000,0.000,3.000,0.000
18a,new,10,0.000,0.000,0.000,0.000,0.000,0.000,0.000,0.000,0.000,0.000,0.000,13.000,0.000
18a,new,11,0.000,0.000,0.000,0.000,0.000,0.000,0.000,0.000,0.000,0.000,0.000,0.000,0.000
18a,new,12,0.000,0.000,0.000,0.000,0.000,0.000,0.000,0.000,0.000,0.000,0.000,10.000,0.000
18a,new,13,0.000,0.000,0.000,0.000,0.000,0.000,0.000,0.000,0.000,0.000,0.000,10.000,0.000
18a,new,14,0.000,0.000,0.000,0.000,0.000,0.000,0.000,0.000,0.000,0.000,0.000,3.000,0.000
18a,new,15,0.000,0.000,0.000,0.000,0.000,0.000,0.000,0.000,0.000,0.000,0.000,10.000,0.000
18b,new,0,0.000,0.000,0.000,0.000,0.000,0.000,0.000,0.000,0.000,0.000,0.000,0.000,0.000
18b,new,1,0.000,0.000,0.000,0.000,0.000,1.000,0.000,0.000,0.000,0.000,129.000,1.000,0.000
18b,new,2,0.000,0.000,0.000,0.000,0.000,0.000,0.000,0.000,0.000,0.000,0.000,0.000,0.000
18b,new,3,0.000,0.000,0.000,0.000,0.000,0.000,0.000,0.000,0.000,0.000,119.000,7.000,0.000
18b,new,4,0.000,0.000,0.000,0.000,0.000,0.000,0.000,0.000,0.000,0.000,110.000,1.000,0.000
18b,new,5,0.000,0.000,0.000,0.000,0.000,0.000,0.000,0.000,0.000,0.000,112.000,1.000,0.000
18b,new,6,0.000,0.000,0.000,0.000,0.000,0.000,0.000,0.000,0.000,0.000,0.000,1.000,0.000
18b,new,7,0.000,0.000,0.000,0.000,0.000,0.000,0.000,0.000,0.000,0.000,0.000,0.000,0.000
18b,new,8,0.000,0.000,0.000,0.000,0.000,0.000,0.000,0.000,0.000,0.000,0.000,1.000,0.000
18b,new,9,0.000,0.000,0.000,0.000,0.000,0.000,0.000,0.000,0.000,0.000,0.000,4.000,0.000
18b,new,10,0.000,0.000,0.000,0.000,0.000,0.000,0.000,0.000,0.000,0.000,0.000,1.000,0.000
18b,new,11,0.000,0.000,0.000,0.000,0.000,1.000,0.000,0.000,0.000,0.000,0.000,1.000,0.000
18b,new,12,0.000,0.000,0.000,0.000,0.000,0.000,0.000,0.000,0.000,0.000,0.000,0.000,0.000
18b,new,13,0.000,0.000,0.000,0.000,0.000,0.000,0.000,0.000,0.000,0.000,0.000,1.000,0.000
18b,new,14,0.000,0.000,0.000,0.000,0.000,0.000,0.000,0.000,0.000,0.000,0.000,1.000,0.000
18b,new,15,0.000,0.000,0.000,0.000,0.000,0.000,0.000,0.000,0.000,0.000,0.000,2.000,0.000
18c,new,0,0.000,0.000,0.000,0.000,0.000,0.000,0.000,0.000,0.000,0.000,0.000,0.000,0.000
18c,new,1,0.000,0.000,0.000,0.000,5.000,13.000,0.000,7.000,0.000,0.000,121.000,14.000,0.000
18c,new,2,0.000,0.000,0.000,0.000,1.000,6.000,0.000,4.000,0.000,0.000,0.000,8.000,0.000
18c,new,3,0.000,0.000,0.000,0.000,0.000,2.000,0.000,1.000,0.000,0.000,112.000,5.000,0.000
18c,new,4,0.000,0.000,0.000,0.000,1.000,5.000,0.000,4.000,0.000,0.000,133.000,17.000,0.000
18c,new,5,0.000,0.000,0.000,0.000,0.000,0.000,0.000,0.000,0.000,0.000,130.000,6.000,0.000
18c,new,6,0.000,0.000,0.000,0.000,5.000,16.000,0.000,10.000,0.000,0.000,0.000,17.000,0.000
18c,new,7,0.000,0.000,0.000,0.000,1.000,6.000,0.000,4.000,0.000,0.000,0.000,11.000,0.000
18c,new,8,0.000,0.000,0.000,0.000,0.000,2.000,0.000,1.000,0.000,0.000,0.000,4.000,0.000
18c,new,9,0.000,0.000,0.000,0.000,1.000,4.000,0.000,3.000,0.000,0.000,0.000,16.000,0.000
18c,new,10,0.000,0.000,0.000,0.000,0.000,0.000,0.000,0.000,0.000,0.000,0.000,4.000,0.000
18c,new,11,0.000,0.000,0.000,0.000,5.000,17.000,0.000,11.000,0.000,0.000,0.000,18.000,0.000
18c,new,12,0.000,0.000,0.000,0.000,1.000,9.000,0.000,7.000,0.000,0.000,0.000,11.000,0.000
18c,new,13,0.000,0.000,0.000,0.000,4.000,5.000,0.000,1.000,0.000,0.000,0.000,7.000,0.000
18c,new,14,0.000,0.000,0.000,0.000,1.000,4.000,0.000,3.000,0.000,0.000,0.000,16.000,0.000
18c,new,15,0.000,0.000,0.000,0.000,0.000,0.000,0.000,0.000,0.000,0.000,0.000,2.000,0.000
19a,new,0,0.000,0.000,0.000,0.000,0.000,0.000,0.000,0.000,0.000,0.000,0.000,0.000,0.000
19a,new,1,0.000,0.000,0.000,0.000,0.000,0.000,0.000,0.000,0.000,0.000,134.000,0.000,0.000
19a,new,2,0.000,0.000,0.000,0.000,0.000,0.000,0.000,0.000,0.000,0.000,122.000,4.000,0.000
19a,new,3,0.000,0.000,0.000,0.000,0.000,0.000,0.000,0.000,0.000,0.000,127.000,0.000,0.000
19a,new,4,0.000,0.000,0.000,0.000,0.000,0.000,0.000,0.000,0.000,0.000,115.000,0.000,0.000
19a,new,5,0.000,0.000,0.000,0.000,0.000,0.000,0.000,0.000,0.000,0.000,0.000,0.000,0.000
19a,new,6,0.000,0.000,0.000,0.000,0.000,0.000,0.000,0.000,0.000,0.000,108.000,0.000,0.000
19a,new,7,0.000,0.000,0.000,0.000,0.000,0.000,0.000,0.000,0.000,0.000,105.000,0.000,0.000
19a,new,8,0.000,0.000,0.000,0.000,0.000,0.000,0.000,0.000,0.000,0.000,104.000,3.000,0.000
19a,new,9,0.000,0.000,0.000,0.000,0.000,0.000,0.000,0.000,0.000,0.000,0.000,0.000,0.000
19a,new,10,0.000,0.000,0.000,0.000,0.000,0.000,0.000,0.000,0.000,0.000,0.000,1.000,0.000
19a,new,11,0.000,0.000,0.000,0.000,0.000,0.000,0.000,0.000,0.000,0.000,0.000,4.000,0.000
19a,new,12,0.000,0.000,0.000,0.000,0.000,0.000,0.000,0.000,0.000,0.000,0.000,0.000,0.000
19a,new,13,0.000,0.000,0.000,0.000,0.000,0.000,0.000,0.000,0.000,0.000,0.000,0.000,0.000
19a,new,14,0.000,0.000,0.000,0.000,0.000,0.000,0.000,0.000,0.000,0.000,0.000,0.000,0.000
19a,new,15,0.000,0.000,0.000,0.000,0.000,0.000,0.000,0.000,0.000,0.000,0.000,0.000,0.000
19a,new,16,0.000,0.000,0.000,0.000,0.000,0.000,0.000,0.000,0.000,0.000,0.000,4.000,0.000
19a,new,17,0.000,0.000,0.000,0.000,0.000,0.000,0.000,0.000,0.000,0.000,0.000,0.000,0.000
19a,new,18,0.000,0.000,0.000,0.000,0.000,0.000,0.000,0.000,0.000,0.000,0.000,2.000,0.000
19a,new,19,0.000,0.000,0.000,0.000,0.000,0.000,0.000,0.000,0.000,0.000,0.000,0.000,0.000
19a,new,20,0.000,0.000,0.000,0.000,0.000,0.000,0.000,0.000,0.000,0.000,0.000,0.000,0.000
19a,new,21,0.000,0.000,0.000,0.000,0.000,0.000,0.000,0.000,0.000,0.000,0.000,0.000,0.000
19a,new,22,0.000,0.000,0.000,0.000,0.000,0.000,0.000,0.000,0.000,0.000,0.000,0.000,0.000
19a,new,23,0.000,0.000,0.000,0.000,0.000,0.000,0.000,0.000,0.000,0.000,0.000,1.000,0.000
19a,new,24,0.000,0.000,0.000,0.000,0.000,0.000,0.000,0.000,0.000,0.000,0.000,5.000,0.000
19b,new,0,0.000,0.000,0.000,0.000,0.000,0.000,0.000,0.000,0.000,0.000,0.000,0.000,0.000
19b,new,1,0.000,0.000,0.000,0.000,0.000,0.000,0.000,0.000,0.000,0.000,124.000,0.000,0.000
19b,new,2,0.000,0.000,0.000,0.000,0.000,0.000,0.000,0.000,0.000,0.000,108.000,0.000,0.000
19b,new,3,0.000,0.000,0.000,0.000,0.000,0.000,0.000,0.000,0.000,0.000,110.000,0.000,0.000
19b,new,4,0.000,0.000,0.000,0.000,0.000,0.000,0.000,0.000,0.000,0.000,0.000,0.000,0.000
19b,new,5,0.000,0.000,0.000,0.000,0.000,0.000,0.000,0.000,0.000,0.000,0.000,1.000,0.000
19b,new,6,0.000,0.000,0.000,0.000,0.000,0.000,0.000,0.000,0.000,0.000,107.000,0.000,0.000
19b,new,7,0.000,0.000,0.000,0.000,0.000,0.000,0.000,0.000,0.000,0.000,134.000,0.000,0.000
19b,new,8,0.000,0.000,0.000,0.000,0.000,0.000,0.000,0.000,0.000,0.000,128.000,0.000,0.000
19b,new,9,0.000,0.000,0.000,0.000,0.000,0.000,0.000,0.000,0.000,0.000,0.000,0.000,0.000
19b,new,10,0.000,0.000,0.000,0.000,0.000,0.000,0.000,0.000,0.000,0.000,0.000,0.000,0.000
19b,new,11,0.000,0.000,0.000,0.000,0.000,0.000,0.000,0.000,0.000,0.000,0.000,0.000,0.000
19b,new,12,0.000,0.000,0.000,0.000,0.000,0.000,0.000,0.000,0.000,0.000,0.000,0.000,0.000
19b,new,13,0.000,0.000,0.000,0.000,0.000,0.000,0.000,0.000,0.000,0.000,0.000,1.000,0.000
19b,new,14,0.000,0.000,0.000,0.000,0.000,0.000,0.000,0.000,0.000,0.000,0.000,2.000,0.000
19b,new,15,0.000,0.000,0.000,0.000,0.000,0.000,0.000,0.000,0.000,0.000,0.000,0.000,0.000
19b,new,16,0.000,0.000,0.000,0.000,0.000,0.000,0.000,0.000,0.000,0.000,0.000,0.000,0.000
19b,new,17,0.000,0.000,0.000,0.000,0.000,0.000,0.000,0.000,0.000,0.000,0.000,0.000,0.000
19b,new,18,0.000,0.000,0.000,0.000,0.000,0.000,0.000,0.000,0.000,0.000,0.000,0.000,0.000
19b,new,19,0.000,0.000,0.000,0.000,0.000,0.000,0.000,0.000,0.000,0.000,0.000,0.000,0.000
19b,new,20,0.000,0.000,0.000,0.000,0.000,0.000,0.000,0.000,0.000,0.000,0.000,0.000,0.000
19b,new,21,0.000,0.000,0.000,0.000,0.000,0.000,0.000,0.000,0.000,0.000,0.000,1.000,0.000
19b,new,22,0.000,0.000,0.000,0.000,0.000,0.000,0.000,0.000,0.000,0.000,0.000,3.000,0.000
19b,new,23,0.000,0.000,0.000,0.000,0.000,0.000,0.000,0.000,0.000,0.000,0.000,0.000,0.000
19b,new,24,0.000,0.000,0.000,0.000,0.000,0.000,0.000,0.000,0.000,0.000,0.000,0.000,0.000
19c,new,0,0.000,0.000,0.000,0.000,0.000,0.000,0.000,0.000,0.000,0.000,0.000,0.000,0.000
19c,new,1,0.000,0.000,0.000,0.000,2.000,5.000,0.000,1.000,0.000,0.000,130.000,5.000,0.000
19c,new,2,0.000,0.000,0.000,0.000,0.000,0.000,0.000,0.000,0.000,0.000,155.000,7.000,0.000
19c,new,3,0.000,0.000,0.000,0.000,0.000,0.000,0.000,0.000,0.000,0.000,129.000,1.000,0.000
19c,new,4,0.000,0.000,0.000,0.000,0.000,0.000,0.000,0.000,0.000,0.000,0.000,0.000,0.000
19c,new,5,0.000,0.000,0.000,0.000,0.000,0.000,0.000,0.000,0.000,0.000,117.000,1.000,0.000
19c,new,6,0.000,0.000,0.000,0.000,0.000,0.000,0.000,0.000,0.000,0.000,101.000,3.000,0.000
19c,new,7,0.000,0.000,0.000,0.000,0.000,0.000,0.000,0.000,0.000,0.000,108.000,0.000,0.000
19c,new,8,0.000,0.000,0.000,0.000,0.000,0.000,0.000,0.000,0.000,0.000,106.000,2.000,0.000
19c,new,9,0.000,0.000,0.000,0.000,1.000,3.000,0.000,1.000,0.000,0.000,0.000,3.000,0.000
19c,new,10,0.000,0.000,0.000,0.000,0.000,0.000,0.000,0.000,0.000,0.000,0.000,3.000,0.000
19c,new,11,0.000,0.000,0.000,0.000,0.000,0.000,0.000,0.000,0.000,0.000,0.000,1.000,0.000
19c,new,12,0.000,0.000,0.000,0.000,0.000,0.000,0.000,0.000,0.000,0.000,0.000,0.000,0.000
19c,new,13,0.000,0.000,0.000,0.000,0.000,0.000,0.000,0.000,0.000,0.000,0.000,2.000,0.000
19c,new,14,0.000,0.000,0.000,0.000,0.000,0.000,0.000,0.000,0.000,0.000,0.000,8.000,0.000
19c,new,15,0.000,0.000,0.000,0.000,0.000,0.000,0.000,0.000,0.000,0.000,0.000,0.000,0.000
19c,new,16,0.000,0.000,0.000,0.000,0.000,0.000,0.000,0.000,0.000,0.000,0.000,6.000,0.000
19c,new,17,0.000,0.000,0.000,0.000,1.000,3.000,0.000,1.000,0.000,0.000,0.000,3.000,0.000
19c,new,18,0.000,0.000,0.000,0.000,0.000,0.000,0.000,0.000,0.000,0.000,0.000,1.000,0.000
19c,new,19,0.000,0.000,0.000,0.000,0.000,0.000,0.000,0.000,0.000,0.000,0.000,5.000,0.000
19c,new,20,0.000,0.000,0.000,0.000,0.000,0.000,0.000,0.000,0.000,0.000,0.000,0.000,0.000
19c,new,21,0.000,0.000,0.000,0.000,0.000,0.000,0.000,0.000,0.000,0.000,0.000,2.000,0.000
19c,new,22,0.000,0.000,0.000,0.000,0.000,0.000,0.000,0.000,0.000,0.000,0.000,7.000,0.000
19c,new,23,0.000,0.000,0.000,0.000,0.000,0.000,0.000,0.000,0.000,0.000,0.000,4.000,0.000
19c,new,24,0.000,0.000,0.000,0.000,0.000,0.000,0.000,0.000,0.000,0.000,0.000,2.000,0.000
19d,new,0,0.000,0.000,0.000,0.000,0.000,0.000,0.000,0.000,0.000,0.000,0.000,0.000,0.000
19d,new,1,0.000,0.000,0.000,0.000,1.000,6.000,0.000,4.000,0.000,0.000,118.000,18.000,0.000
19d,new,2,0.000,0.000,0.000,0.000,6.000,13.000,0.000,5.000,0.000,0.000,118.000,14.000,0.000
19d,new,3,0.000,0.000,0.000,0.000,0.000,0.000,0.000,0.000,0.000,0.000,0.000,1.000,0.000
19d,new,4,0.000,0.000,0.000,0.000,14.000,39.000,0.000,23.000,0.000,0.000,107.000,46.000,0.000
19d,new,5,0.000,0.000,0.000,0.000,4.000,6.000,0.000,1.000,0.000,0.000,126.000,9.000,0.000
19d,new,6,0.000,0.000,0.000,0.000,0.000,1.000,0.000,0.000,0.000,0.000,137.000,8.000,0.000
19d,new,7,0.000,0.000,0.000,0.000,45.000,132.000,2.000,81.000,2.000,0.000,122.000,183.000,0.000
19d,new,8,0.000,0.000,0.000,0.000,0.000,0.000,0.000,0.000,0.000,0.000,138.000,68.000,0.000
19d,new,9,0.000,0.000,0.000,0.000,2.000,7.000,0.000,4.000,0.000,0.000,0.000,7.000,0.000
19d,new,10,0.000,0.000,0.000,0.000,7.000,14.000,0.000,6.000,0.000,0.000,0.000,15.000,0.000
19d,new,11,0.000,0.000,0.000,0.000,0.000,0.000,0.000,0.000,0.000,0.000,0.000,2.000,0.000
19d,new,12,0.000,0.000,0.000,0.000,15.000,40.000,0.000,23.000,0.000,0.000,0.000,53.000,0.000
19d,new,13,0.000,0.000,0.000,0.000,0.000,2.000,0.000,1.000,0.000,0.000,0.000,8.000,0.000
19d,new,14,0.000,0.000,0.000,0.000,0.000,0.000,0.000,0.000,0.000,0.000,0.000,8.000,0.000
19d,new,15,0.000,0.000,0.000,0.000,43.000,137.000,5.000,85.000,2.000,0.000,0.000,224.000,0.000
19d,new,16,0.000,0.000,0.000,0.000,0.000,0.000,0.000,0.000,0.000,0.000,0.000,81.000,0.000
19d,new,17,0.000,0.000,0.000,0.000,1.000,8.000,0.000,6.000,0.000,0.000,0.000,9.000,0.000
19d,new,18,0.000,0.000,0.000,0.000,7.000,14.000,0.000,6.000,0.000,0.000,0.000,18.000,0.000
19d,new,19,0.000,0.000,0.000,0.000,0.000,0.000,0.000,0.000,0.000,0.000,0.000,2.000,0.000
19d,new,20,0.000,0.000,0.000,0.000,16.000,42.000,0.000,24.000,0.000,0.000,0.000,56.000,0.000
19d,new,21,0.000,0.000,0.000,0.000,0.000,2.000,0.000,1.000,0.000,0.000,0.000,4.000,0.000
19d,new,22,0.000,0.000,0.000,0.000,0.000,0.000,0.000,0.000,0.000,0.000,0.000,11.000,0.000
19d,new,23,0.000,0.000,0.000,0.000,44.000,129.000,2.000,80.000,2.000,0.000,0.000,196.000,0.000
19d,new,24,0.000,0.000,0.000,0.000,0.000,0.000,0.000,0.000,0.000,0.000,0.000,67.000,0.000
1a,new,0,0.000,0.000,0.000,0.000,0.000,0.000,0.000,0.000,0.000,0.000,0.000,0.000,0.000
1a,new,1,0.000,0.000,0.000,0.000,0.000,0.000,0.000,0.000,0.000,0.000,114.000,3.000,0.000
1a,new,2,0.000,0.000,0.000,0.000,0.000,0.000,0.000,0.000,0.000,0.000,109.000,0.000,0.000
1a,new,3,0.000,0.000,0.000,0.000,0.000,0.000,0.000,0.000,0.000,0.000,118.000,2.000,0.000
1a,new,4,0.000,0.000,0.000,0.000,0.000,0.000,0.000,0.000,0.000,0.000,0.000,0.000,0.000
1a,new,5,0.000,0.000,0.000,0.000,0.000,0.000,0.000,0.000,0.000,0.000,0.000,0.000,0.000
1a,new,6,0.000,0.000,0.000,0.000,0.000,0.000,0.000,0.000,0.000,0.000,0.000,4.000,0.000
1a,new,7,0.000,0.000,0.000,0.000,0.000,0.000,0.000,0.000,0.000,0.000,0.000,0.000,0.000
1a,new,8,0.000,0.000,0.000,0.000,0.000,0.000,0.000,0.000,0.000,0.000,0.000,0.000,0.000
1a,new,9,0.000,0.000,0.000,0.000,0.000,0.000,0.000,0.000,0.000,0.000,0.000,9.000,0.000
1b,new,0,0.000,0.000,0.000,0.000,0.000,0.000,0.000,0.000,0.000,0.000,0.000,0.000,0.000
1b,new,1,0.000,0.000,0.000,0.000,0.000,0.000,0.000,0.000,0.000,0.000,145.000,0.000,0.000
1b,new,2,0.000,0.000,0.000,0.000,0.000,0.000,0.000,0.000,0.000,0.000,138.000,1.000,0.000
1b,new,3,0.000,0.000,0.000,0.000,0.000,0.000,0.000,0.000,0.000,0.000,121.000,0.000,0.000
1b,new,4,0.000,0.000,0.000,0.000,0.000,0.000,0.000,0.000,0.000,0.000,0.000,0.000,0.000
1b,new,5,0.000,0.000,0.000,0.000,0.000,0.000,0.000,0.000,0.000,0.000,0.000,1.000,0.000
1b,new,6,0.000,0.000,0.000,0.000,0.000,0.000,0.000,0.000,0.000,0.000,0.000,1.000,0.000
1b,new,7,0.000,0.000,0.000,0.000,0.000,0.000,0.000,0.000,0.000,0.000,0.000,0.000,0.000
1b,new,8,0.000,0.000,0.000,0.000,0.000,0.000,0.000,0.000,0.000,0.000,0.000,1.000,0.000
1b,new,9,0.000,0.000,0.000,0.000,0.000,0.000,0.000,0.000,0.000,0.000,0.000,0.000,0.000
1c,new,0,0.000,0.000,0.000,0.000,0.000,0.000,0.000,0.000,0.000,0.000,0.000,0.000,0.000
1c,new,1,0.000,0.000,0.000,0.000,0.000,0.000,0.000,0.000,0.000,0.000,176.000,2.000,0.000
1c,new,2,0.000,0.000,0.000,0.000,0.000,0.000,0.000,0.000,0.000,0.000,121.000,0.000,0.000
1c,new,3,0.000,0.000,0.000,0.000,0.000,0.000,0.000,0.000,0.000,0.000,136.000,0.000,0.000
1c,new,4,0.000,0.000,0.000,0.000,0.000,0.000,0.000,0.000,0.000,0.000,0.000,0.000,0.000
1c,new,5,0.000,0.000,0.000,0.000,0.000,0.000,0.000,0.000,0.000,0.000,0.000,0.000,0.000
1c,new,6,0.000,0.000,0.000,0.000,0.000,0.000,0.000,0.000,0.000,0.000,0.000,0.000,0.000
1c,new,7,0.000,0.000,0.000,0.000,0.000,0.000,0.000,0.000,0.000,0.000,0.000,0.000,0.000
1c,new,8,0.000,0.000,0.000,0.000,0.000,0.000,0.000,0.000,0.000,0.000,0.000,0.000,0.000
1c,new,9,0.000,0.000,0.000,0.000,0.000,0.000,0.000,0.000,0.000,0.000,0.000,0.000,0.000
1d,new,0,0.000,0.000,0.000,0.000,0.000,0.000,0.000,0.000,0.000,0.000,0.000,0.000,0.000
1d,new,1,0.000,0.000,0.000,0.000,0.000,0.000,0.000,0.000,0.000,0.000,149.000,1.000,0.000
1d,new,2,0.000,0.000,0.000,0.000,0.000,0.000,0.000,0.000,0.000,0.000,119.000,1.000,0.000
1d,new,3,0.000,0.000,0.000,0.000,0.000,0.000,0.000,0.000,0.000,0.000,114.000,0.000,0.000
1d,new,4,0.000,0.000,0.000,0.000,0.000,0.000,0.000,0.000,0.000,0.000,0.000,0.000,0.000
1d,new,5,0.000,0.000,0.000,0.000,0.000,0.000,0.000,0.000,0.000,0.000,0.000,0.000,0.000
1d,new,6,0.000,0.000,0.000,0.000,0.000,0.000,0.000,0.000,0.000,0.000,0.000,0.000,0.000
1d,new,7,0.000,0.000,0.000,0.000,0.000,0.000,0.000,0.000,0.000,0.000,0.000,0.000,0.000
1d,new,8,0.000,0.000,0.000,0.000,0.000,0.000,0.000,0.000,0.000,0.000,0.000,0.000,0.000
1d,new,9,0.000,0.000,0.000,0.000,0.000,0.000,0.000,0.000,0.000,0.000,0.000,0.000,0.000
20a,new,0,0.000,0.000,0.000,0.000,0.000,0.000,0.000,0.000,0.000,0.000,0.000,0.000,0.000
20a,new,1,0.000,0.000,0.000,0.000,0.000,0.000,0.000,0.000,0.000,0.000,118.000,0.000,0.000
20a,new,2,0.000,0.000,0.000,0.000,0.000,0.000,0.000,0.000,0.000,0.000,0.000,0.000,0.000
20a,new,3,0.000,0.000,0.000,0.000,0.000,0.000,0.000,0.000,0.000,0.000,0.000,0.000,0.000
20a,new,4,0.000,0.000,0.000,0.000,0.000,2.000,0.000,1.000,0.000,0.000,0.000,5.000,0.000
20a,new,5,0.000,0.000,0.000,0.000,0.000,1.000,0.000,0.000,0.000,0.000,0.000,1.000,0.000
20a,new,6,0.000,0.000,0.000,0.000,0.000,0.000,0.000,0.000,0.000,0.000,112.000,2.000,0.000
20a,new,7,0.000,0.000,0.000,0.000,0.000,0.000,0.000,0.000,0.000,0.000,113.000,64.000,0.000
20a,new,8,0.000,0.000,0.000,0.000,0.000,0.000,0.000,0.000,0.000,0.000,131.000,8.000,0.000
20a,new,9,0.000,0.000,0.000,0.000,0.000,0.000,0.000,0.000,0.000,0.000,0.000,0.000,0.000
20a,new,10,0.000,0.000,0.000,0.000,0.000,0.000,0.000,0.000,0.000,0.000,0.000,0.000,0.000
20a,new,11,0.000,0.000,0.000,0.000,0.000,0.000,0.000,0.000,0.000,0.000,0.000,0.000,0.000
20a,new,12,0.000,0.000,0.000,0.000,0.000,5.000,0.000,4.000,0.000,0.000,0.000,6.000,0.000
20a,new,13,0.000,0.000,0.000,0.000,0.000,0.000,0.000,0.000,0.000,0.000,0.000,0.000,0.000
20a,new,14,0.000,0.000,0.000,0.000,0.000,0.000,0.000,0.000,0.000,0.000,0.000,2.000,0.000
20a,new,15,0.000,0.000,0.000,0.000,0.000,0.000,0.000,0.000,0.000,0.000,0.000,69.000,0.000
20a,new,16,0.000,0.000,0.000,0.000,0.000,0.000,0.000,0.000,0.000,0.000,0.000,13.000,0.000
20a,new,17,0.000,0.000,0.000,0.000,0.000,0.000,0.000,0.000,0.000,0.000,0.000,0.000,0.000
20a,new,18,0.000,0.000,0.000,0.000,0.000,0.000,0.000,0.000,0.000,0.000,0.000,0.000,0.000
20a,new,19,0.000,0.000,0.000,0.000,0.000,0.000,0.000,0.000,0.000,0.000,0.000,0.000,0.000
20a,new,20,0.000,0.000,0.000,0.000,0.000,6.000,0.000,5.000,0.000,0.000,0.000,7.000,0.000
20a,new,21,0.000,0.000,0.000,0.000,0.000,0.000,0.000,0.000,0.000,0.000,0.000,0.000,0.000
20a,new,22,0.000,0.000,0.000,0.000,0.000,0.000,0.000,0.000,0.000,0.000,0.000,4.000,0.000
20a,new,23,0.000,0.000,0.000,0.000,0.000,0.000,0.000,0.000,0.000,0.000,0.000,62.000,0.000
20a,new,24,0.000,0.000,0.000,0.000,0.000,0.000,0.000,0.000,0.000,0.000,0.000,10.000,0.000
20b,new,0,0.000,0.000,0.000,0.000,0.000,0.000,0.000,0.000,0.000,0.000,0.000,0.000,0.000
20b,new,1,0.000,0.000,0.000,0.000,0.000,0.000,0.000,0.000,0.000,0.000,129.000,0.000,0.000
20b,new,2,0.000,0.000,0.000,0.000,0.000,0.000,0.000,0.000,0.000,0.000,0.000,0.000,0.000
20b,new,3,0.000,0.000,0.000,0.000,0.000,0.000,0.000,0.000,0.000,0.000,0.000,0.000,0.000
20b,new,4,0.000,0.000,0.000,0.000,0.000,0.000,0.000,0.000,0.000,0.000,0.000,0.000,0.000
20b,new,5,0.000,0.000,0.000,0.000,1.000,2.000,0.000,1.000,0.000,0.000,0.000,11.000,0.000
20b,new,6,0.000,0.000,0.000,0.000,0.000,0.000,0.000,0.000,0.000,0.000,0.000,1.000,0.000
20b,new,7,0.000,0.000,0.000,0.000,0.000,0.000,0.000,0.000,0.000,0.000,114.000,0.000,0.000
20b,new,8,0.000,0.000,0.000,0.000,0.000,0.000,0.000,0.000,0.000,0.000,110.000,6.000,0.000
20b,new,9,0.000,0.000,0.000,0.000,0.000,0.000,0.000,0.000,0.000,0.000,0.000,0.000,0.000
20b,new,10,0.000,0.000,0.000,0.000,0.000,0.000,0.000,0.000,0.000,0.000,0.000,0.000,0.000
20b,new,11,0.000,0.000,0.000,0.000,0.000,0.000,0.000,0.000,0.000,0.000,0.000,0.000,0.000
20b,new,12,0.000,0.000,0.000,0.000,0.000,0.000,0.000,0.000,0.000,0.000,0.000,0.000,0.000
20b,new,13,0.000,0.000,0.000,0.000,0.000,2.000,0.000,1.000,0.000,0.000,0.000,4.000,0.000
20b,new,14,0.000,0.000,0.000,0.000,0.000,0.000,0.000,0.000,0.000,0.000,0.000,0.000,0.000
20b,new,15,0.000,0.000,0.000,0.000,0.000,0.000,0.000,0.000,0.000,0.000,0.000,0.000,0.000
20b,new,16,0.000,0.000,0.000,0.000,0.000,0.000,0.000,0.000,0.000,0.000,0.000,7.000,0.000
20b,new,17,0.000,0.000,0.000,0.000,0.000,0.000,0.000,0.000,0.000,0.000,0.000,0.000,0.000
20b,new,18,0.000,0.000,0.000,0.000,0.000,0.000,0.000,0.000,0.000,0.000,0.000,0.000,0.000
20b,new,19,0.000,0.000,0.000,0.000,0.000,0.000,0.000,0.000,0.000,0.000,0.000,0.000,0.000
20b,new,20,0.000,0.000,0.000,0.000,0.000,0.000,0.000,0.000,0.000,0.000,0.000,0.000,0.000
20b,new,21,0.000,0.000,0.000,0.000,4.000,6.000,0.000,1.000,0.000,0.000,0.000,7.000,0.000
20b,new,22,0.000,0.000,0.000,0.000,0.000,0.000,0.000,0.000,0.000,0.000,0.000,0.000,0.000
20b,new,23,0.000,0.000,0.000,0.000,0.000,0.000,0.000,0.000,0.000,0.000,0.000,0.000,0.000
20b,new,24,0.000,0.000,0.000,0.000,0.000,0.000,0.000,0.000,0.000,0.000,0.000,8.000,0.000
20c,new,0,0.000,0.000,0.000,0.000,0.000,0.000,0.000,0.000,0.000,0.000,0.000,0.000,0.000
20c,new,1,0.000,0.000,0.000,0.000,0.000,0.000,0.000,0.000,0.000,0.000,131.000,0.000,0.000
20c,new,2,0.000,0.000,0.000,0.000,0.000,0.000,0.000,0.000,0.000,0.000,0.000,0.000,0.000
20c,new,3,0.000,0.000,0.000,0.000,0.000,1.000,0.000,0.000,0.000,0.000,0.000,9.000,0.000
20c,new,4,0.000,0.000,0.000,0.000,0.000,0.000,0.000,0.000,0.000,0.000,0.000,1.000,0.000
20c,new,5,0.000,0.000,0.000,0.000,0.000,0.000,0.000,0.000,0.000,0.000,128.000,1.000,0.000
20c,new,6,0.000,0.000,0.000,0.000,4.000,21.000,0.000,16.000,0.000,0.000,0.000,21.000,0.000
20c,new,7,0.000,0.000,0.000,0.000,0.000,0.000,0.000,0.000,0.000,0.000,122.000,58.000,0.000
20c,new,8,0.000,0.000,0.000,0.000,0.000,0.000,0.000,0.000,0.000,0.000,119.000,9.000,0.000
20c,new,9,0.000,0.000,0.000,0.000,0.000,0.000,0.000,0.000,0.000,0.000,0.000,0.000,0.000
20c,new,10,0.000,0.000,0.000,0.000,0.000,0.000,0.000,0.000,0.000,0.000,0.000,0.000,0.000
20c,new,11,0.000,0.000,0.000,0.000,0.000,1.000,0.000,0.000,0.000,0.000,0.000,8.000,0.000
20c,new,12,0.000,0.000,0.000,0.000,0.000,0.000,0.000,0.000,0.000,0.000,0.000,0.000,0.000
20c,new,13,0.000,0.000,0.000,0.000,0.000,0.000,0.000,0.000,0.000,0.000,0.000,0.000,0.000
20c,new,14,0.000,0.000,0.000,0.000,4.000,19.000,0.000,14.000,0.000,0.000,0.000,20.000,0.000
20c,new,15,0.000,0.000,0.000,0.000,0.000,0.000,0.000,0.000,0.000,0.000,0.000,59.000,0.000
20c,new,16,0.000,0.000,0.000,0.000,0.000,0.000,0.000,0.000,0.000,0.000,0.000,9.000,0.000
20c,new,17,0.000,0.000,0.000,0.000,0.000,0.000,0.000,0.000,0.000,0.000,0.000,0.000,0.000
20c,new,18,0.000,0.000,0.000,0.000,0.000,0.000,0.000,0.000,0.000,0.000,0.000,0.000,0.000
20c,new,19,0.000,0.000,0.000,0.000,0.000,1.000,0.000,0.000,0.000,0.000,0.000,10.000,0.000
20c,new,20,0.000,0.000,0.000,0.000,0.000,0.000,0.000,0.000,0.000,0.000,0.000,0.000,0.000
20c,new,21,0.000,0.000,0.000,0.000,0.000,0.000,0.000,0.000,0.000,0.000,0.000,0.000,0.000
20c,new,22,0.000,0.000,0.000,0.000,5.000,16.000,0.000,10.000,0.000,0.000,0.000,16.000,0.000
20c,new,23,0.000,0.000,0.000,0.000,0.000,0.000,0.000,0.000,0.000,0.000,0.000,57.000,0.000
20c,new,24,0.000,0.000,0.000,0.000,0.000,0.000,0.000,0.000,0.000,0.000,0.000,9.000,0.000
21a,new,0,0.000,0.000,0.000,0.000,0.000,0.000,0.000,0.000,0.000,0.000,0.000,0.000,0.000
21a,new,1,0.000,0.000,0.000,0.000,0.000,0.000,0.000,0.000,0.000,0.000,129.000,0.000,0.000
21a,new,2,0.000,0.000,0.000,0.000,0.000,0.000,0.000,0.000,0.000,0.000,0.000,0.000,0.000
21a,new,3,0.000,0.000,0.000,0.000,0.000,0.000,0.000,0.000,0.000,0.000,133.000,1.000,0.000
21a,new,4,0.000,0.000,0.000,0.000,0.000,0.000,0.000,0.000,0.000,0.000,123.000,1.000,0.000
21a,new,5,0.000,0.000,0.000,0.000,0.000,0.000,0.000,0.000,0.000,0.000,109.000,1.000,0.000
21a,new,6,0.000,0.000,0.000,0.000,0.000,0.000,0.000,0.000,0.000,0.000,109.000,0.000,0.000
21a,new,7,0.000,0.000,0.000,0.000,0.000,0.000,0.000,0.000,0.000,0.000,110.000,0.000,0.000
21a,new,8,0.000,0.000,0.000,0.000,0.000,0.000,0.000,0.000,0.000,0.000,0.000,0.000,0.000
21a,new,9,0.000,0.000,0.000,0.000,0.000,0.000,0.000,0.000,0.000,0.000,0.000,0.000,0.000
21a,new,10,0.000,0.000,0.000,0.000,0.000,0.000,0.000,0.000,0.000,0.000,0.000,0.000,0.000
21a,new,11,0.000,0.000,0.000,0.000,0.000,0.000,0.000,0.000,0.000,0.000,0.000,1.000,0.000
21a,new,12,0.000,0.000,0.000,0.000,0.000,0.000,0.000,0.000,0.000,0.000,0.000,1.000,0.000
21a,new,13,0.000,0.000,0.000,0.000,0.000,0.000,0.000,0.000,0.000,0.000,0.000,0.000,0.000
21a,new,14,0.000,0.000,0.000,0.000,0.000,0.000,0.000,0.000,0.000,0.000,0.000,0.000,0.000
21a,new,15,0.000,0.000,0.000,0.000,0.000,0.000,0.000,0.000,0.000,0.000,0.000,0.000,0.000
21a,new,16,0.000,0.000,0.000,0.000,0.000,0.000,0.000,0.000,0.000,0.000,0.000,0.000,0.000
21a,new,17,0.000,0.000,0.000,0.000,0.000,0.000,0.000,0.000,0.000,0.000,0.000,0.000,0.000
21a,new,18,0.000,0.000,0.000,0.000,0.000,0.000,0.000,0.000,0.000,0.000,0.000,1.000,0.000
21a,new,19,0.000,0.000,0.000,0.000,0.000,0.000,0.000,0.000,0.000,0.000,0.000,5.000,0.000
21a,new,20,0.000,0.000,0.000,0.000,0.000,0.000,0.000,0.000,0.000,0.000,0.000,0.000,0.000
21a,new,21,0.000,0.000,0.000,0.000,0.000,0.000,0.000,0.000,0.000,0.000,0.000,0.000,0.000
21b,new,0,0.000,0.000,0.000,0.000,0.000,0.000,0.000,0.000,0.000,0.000,0.000,0.000,0.000
21b,new,1,0.000,0.000,0.000,0.000,0.000,0.000,0.000,0.000,0.000,0.000,125.000,0.000,0.000
21b,new,2,0.000,0.000,0.000,0.000,0.000,0.000,0.000,0.000,0.000,0.000,0.000,1.000,0.000
21b,new,3,0.000,0.000,0.000,0.000,0.000,0.000,0.000,0.000,0.000,0.000,143.000,0.000,0.000
21b,new,4,0.000,0.000,0.000,0.000,0.000,0.000,0.000,0.000,0.000,0.000,115.000,1.000,0.000
21b,new,5,0.000,0.000,0.000,0.000,0.000,0.000,0.000,0.000,0.000,0.000,119.000,3.000,0.000
21b,new,6,0.000,0.000,0.000,0.000,0.000,0.000,0.000,0.000,0.000,0.000,121.000,0.000,0.000
21b,new,7,0.000,0.000,0.000,0.000,0.000,0.000,0.000,0.000,0.000,0.000,114.000,0.000,0.000
21b,new,8,0.000,0.000,0.000,0.000,0.000,0.000,0.000,0.000,0.000,0.000,0.000,0.000,0.000
21b,new,9,0.000,0.000,0.000,0.000,0.000,0.000,0.000,0.000,0.000,0.000,0.000,0.000,0.000
21b,new,10,0.000,0.000,0.000,0.000,0.000,0.000,0.000,0.000,0.000,0.000,0.000,0.000,0.000
21b,new,11,0.000,0.000,0.000,0.000,0.000,0.000,0.000,0.000,0.000,0.000,0.000,1.000,0.000
21b,new,12,0.000,0.000,0.000,0.000,0.000,0.000,0.000,0.000,0.000,0.000,0.000,3.000,0.000
21b,new,13,0.000,0.000,0.000,0.000,0.000,0.000,0.000,0.000,0.000,0.000,0.000,0.000,0.000
21b,new,14,0.000,0.000,0.000,0.000,0.000,0.000,0.000,0.000,0.000,0.000,0.000,0.000,0.000
21b,new,15,0.000,0.000,0.000,0.000,0.000,0.000,0.000,0.000,0.000,0.000,0.000,0.000,0.000
21b,new,16,0.000,0.000,0.000,0.000,0.000,0.000,0.000,0.000,0.000,0.000,0.000,0.000,0.000
21b,new,17,0.000,0.000,0.000,0.000,0.000,0.000,0.000,0.000,0.000,0.000,0.000,0.000,0.000
21b,new,18,0.000,0.000,0.000,0.000,0.000,0.000,0.000,0.000,0.000,0.000,0.000,0.000,0.000
21b,new,19,0.000,0.000,0.000,0.000,0.000,0.000,0.000,0.000,0.000,0.000,0.000,2.000,0.000
21b,new,20,0.000,0.000,0.000,0.000,0.000,0.000,0.000,0.000,0.000,0.000,0.000,0.000,0.000
21b,new,21,0.000,0.000,0.000,0.000,0.000,0.000,0.000,0.000,0.000,0.000,0.000,0.000,0.000
21c,new,0,0.000,0.000,0.000,0.000,0.000,0.000,0.000,0.000,0.000,0.000,0.000,0.000,0.000
21c,new,1,0.000,0.000,0.000,0.000,0.000,0.000,0.000,0.000,0.000,0.000,126.000,0.000,0.000
21c,new,2,0.000,0.000,0.000,0.000,0.000,0.000,0.000,0.000,0.000,0.000,0.000,0.000,0.000
21c,new,3,0.000,0.000,0.000,0.000,0.000,0.000,0.000,0.000,0.000,0.000,124.000,1.000,0.000
21c,new,4,0.000,0.000,0.000,0.000,0.000,0.000,0.000,0.000,0.000,0.000,0.000,1.000,0.000
21c,new,5,0.000,0.000,0.000,0.000,2.000,2.000,0.000,0.000,0.000,0.000,123.000,5.000,0.000
21c,new,6,0.000,0.000,0.000,0.000,0.000,0.000,0.000,0.000,0.000,0.000,117.000,0.000,0.000
21c,new,7,0.000,0.000,0.000,0.000,0.000,0.000,0.000,0.000,0.000,0.000,141.000,0.000,0.000
21c,new,8,0.000,0.000,0.000,0.000,0.000,0.000,0.000,0.000,0.000,0.000,0.000,0.000,0.000
21c,new,9,0.000,0.000,0.000,0.000,0.000,0.000,0.000,0.000,0.000,0.000,0.000,0.000,0.000
21c,new,10,0.000,0.000,0.000,0.000,0.000,0.000,0.000,0.000,0.000,0.000,0.000,1.000,0.000
21c,new,11,0.000,0.000,0.000,0.000,0.000,0.000,0.000,0.000,0.000,0.000,0.000,1.000,0.000
21c,new,12,0.000,0.000,0.000,0.000,0.000,0.000,0.000,0.000,0.000,0.000,0.000,4.000,0.000
21c,new,13,0.000,0.000,0.000,0.000,0.000,0.000,0.000,0.000,0.000,0.000,0.000,0.000,0.000
21c,new,14,0.000,0.000,0.000,0.000,0.000,0.000,0.000,0.000,0.000,0.000,0.000,0.000,0.000
21c,new,15,0.000,0.000,0.000,0.000,0.000,0.000,0.000,0.000,0.000,0.000,0.000,0.000,0.000
21c,new,16,0.000,0.000,0.000,0.000,0.000,0.000,0.000,0.000,0.000,0.000,0.000,0.000,0.000
21c,new,17,0.000,0.000,0.000,0.000,0.000,0.000,0.000,0.000,0.000,0.000,0.000,1.000,0.000
21c,new,18,0.000,0.000,0.000,0.000,0.000,0.000,0.000,0.000,0.000,0.000,0.000,4.000,0.000
21c,new,19,0.000,0.000,0.000,0.000,0.000,0.000,0.000,0.000,0.000,0.000,0.000,3.000,0.000
21c,new,20,0.000,0.000,0.000,0.000,0.000,0.000,0.000,0.000,0.000,0.000,0.000,0.000,0.000
21c,new,21,0.000,0.000,0.000,0.000,0.000,0.000,0.000,0.000,0.000,0.000,0.000,0.000,0.000
22a,new,0,0.000,0.000,0.000,0.000,0.000,0.000,0.000,0.000,0.000,0.000,0.000,0.000,0.000
22a,new,1,0.000,0.000,0.000,0.000,0.000,0.000,0.000,0.000,0.000,0.000,127.000,0.000,0.000
22a,new,2,0.000,0.000,0.000,0.000,0.000,0.000,0.000,0.000,0.000,0.000,0.000,0.000,0.000
22a,new,3,0.000,0.000,0.000,0.000,0.000,0.000,0.000,0.000,0.000,0.000,0.000,0.000,0.000
22a,new,4,0.000,0.000,0.000,0.000,0.000,1.000,0.000,1.000,0.000,0.000,0.000,4.000,0.000
22a,new,5,0.000,0.000,0.000,0.000,0.000,0.000,0.000,0.000,0.000,0.000,145.000,4.000,0.000
22a,new,6,0.000,0.000,0.000,0.000,0.000,0.000,0.000,0.000,0.000,0.000,0.000,0.000,0.000
22a,new,7,0.000,0.000,0.000,0.000,0.000,0.000,0.000,0.000,0.000,0.000,112.000,0.000,0.000
22a,new,8,0.000,0.000,0.000,0.000,0.000,0.000,0.000,0.000,0.000,0.000,124.000,0.000,0.000
22a,new,9,0.000,0.000,0.000,0.000,0.000,0.000,0.000,0.000,0.000,0.000,157.000,0.000,0.000
22a,new,10,0.000,0.000,0.000,0.000,0.000,0.000,0.000,0.000,0.000,0.000,0.000,0.000,0.000
22a,new,11,0.000,0.000,0.000,0.000,0.000,0.000,0.000,0.000,0.000,0.000,0.000,0.000,0.000
22a,new,12,0.000,0.000,0.000,0.000,0.000,0.000,0.000,0.000,0.000,0.000,0.000,0.000,0.000
22a,new,13,0.000,0.000,0.000,0.000,0.000,3.000,0.000,3.000,0.000,0.000,0.000,5.000,0.000
22a,new,14,0.000,0.000,0.000,0.000,0.000,0.000,0.000,0.000,0.000,0.000,0.000,1.000,0.000
22a,new,15,0.000,0.000,0.000,0.000,0.000,0.000,0.000,0.000,0.000,0.000,0.000,4.000,0.000
22a,new,16,0.000,0.000,0.000,0.000,0.000,0.000,0.000,0.000,0.000,0.000,0.000,0.000,0.000
22a,new,17,0.000,0.000,0.000,0.000,0.000,0.000,0.000,0.000,0.000,0.000,0.000,1.000,0.000
22a,new,18,0.000,0.000,0.000,0.000,0.000,0.000,0.000,0.000,0.000,0.000,0.000,0.000,0.000
22a,new,19,0.000,0.000,0.000,0.000,0.000,0.000,0.000,0.000,0.000,0.000,0.000,0.000,0.000
22a,new,20,0.000,0.000,0.000,0.000,0.000,0.000,0.000,0.000,0.000,0.000,0.000,0.000,0.000
22a,new,21,0.000,0.000,0.000,0.000,0.000,0.000,0.000,0.000,0.000,0.000,0.000,0.000,0.000
22a,new,22,0.000,0.000,0.000,0.000,1.000,2.000,0.000,1.000,0.000,0.000,0.000,5.000,0.000
22a,new,23,0.000,0.000,0.000,0.000,0.000,0.000,0.000,0.000,0.000,0.000,0.000,1.000,0.000
22a,new,24,0.000,0.000,0.000,0.000,0.000,0.000,0.000,0.000,0.000,0.000,0.000,1.000,0.000
22a,new,25,0.000,0.000,0.000,0.000,0.000,0.000,0.000,0.000,0.000,0.000,0.000,1.000,0.000
22a,new,26,0.000,0.000,0.000,0.000,0.000,0.000,0.000,0.000,0.000,0.000,0.000,1.000,0.000
22a,new,27,0.000,0.000,0.000,0.000,0.000,0.000,0.000,0.000,0.000,0.000,0.000,1.000,0.000
22b,new,0,0.000,0.000,0.000,0.000,0.000,0.000,0.000,0.000,0.000,0.000,0.000,0.000,0.000
22b,new,1,0.000,0.000,0.000,0.000,0.000,0.000,0.000,0.000,0.000,0.000,122.000,0.000,0.000
22b,new,2,0.000,0.000,0.000,0.000,0.000,0.000,0.000,0.000,0.000,0.000,0.000,0.000,0.000
22b,new,3,0.000,0.000,0.000,0.000,0.000,0.000,0.000,0.000,0.000,0.000,0.000,0.000,0.000
22b,new,4,0.000,0.000,0.000,0.000,1.000,5.000,0.000,4.000,0.000,0.000,0.000,8.000,0.000
22b,new,5,0.000,0.000,0.000,0.000,0.000,0.000,0.000,0.000,0.000,0.000,112.000,5.000,0.000
22b,new,6,0.000,0.000,0.000,0.000,0.000,0.000,0.000,0.000,0.000,0.000,0.000,0.000,0.000
22b,new,7,0.000,0.000,0.000,0.000,0.000,0.000,0.000,0.000,0.000,0.000,144.000,3.000,0.000
22b,new,8,0.000,0.000,0.000,0.000,0.000,0.000,0.000,0.000,0.000,0.000,127.000,0.000,0.000
22b,new,9,0.000,0.000,0.000,0.000,0.000,0.000,0.000,0.000,0.000,0.000,122.000,0.000,0.000
22b,new,10,0.000,0.000,0.000,0.000,0.000,0.000,0.000,0.000,0.000,0.000,0.000,0.000,0.000
22b,new,11,0.000,0.000,0.000,0.000,0.000,0.000,0.000,0.000,0.000,0.000,0.000,0.000,0.000
22b,new,12,0.000,0.000,0.000,0.000,0.000,0.000,0.000,0.000,0.000,0.000,0.000,0.000,0.000
22b,new,13,0.000,0.000,0.000,0.000,0.000,2.000,0.000,1.000,0.000,0.000,0.000,3.000,0.000
22b,new,14,0.000,0.000,0.000,0.000,0.000,0.000,0.000,0.000,0.000,0.000,0.000,0.000,0.000
22b,new,15,0.000,0.000,0.000,0.000,0.000,0.000,0.000,0.000,0.000,0.000,0.000,0.000,0.000
22b,new,16,0.000,0.000,0.000,0.000,0.000,0.000,0.000,0.000,0.000,0.000,0.000,0.000,0.000
22b,new,17,0.000,0.000,0.000,0.000,0.000,0.000,0.000,0.000,0.000,0.000,0.000,0.000,0.000
22b,new,18,0.000,0.000,0.000,0.000,0.000,0.000,0.000,0.000,0.000,0.000,0.000,0.000,0.000
22b,new,19,0.000,0.000,0.000,0.000,0.000,0.000,0.000,0.000,0.000,0.000,0.000,0.000,0.000
22b,new,20,0.000,0.000,0.000,0.000,0.000,0.000,0.000,0.000,0.000,0.000,0.000,0.000,0.000
22b,new,21,0.000,0.000,0.000,0.000,0.000,0.000,0.000,0.000,0.000,0.000,0.000,0.000,0.000
22b,new,22,0.000,0.000,0.000,0.000,0.000,2.000,0.000,1.000,0.000,0.000,0.000,3.000,0.000
22b,new,23,0.000,0.000,0.000,0.000,0.000,0.000,0.000,0.000,0.000,0.000,0.000,0.000,0.000
22b,new,24,0.000,0.000,0.000,0.000,0.000,0.000,0.000,0.000,0.000,0.000,0.000,0.000,0.000
22b,new,25,0.000,0.000,0.000,0.000,0.000,0.000,0.000,0.000,0.000,0.000,0.000,0.000,0.000
22b,new,26,0.000,0.000,0.000,0.000,0.000,0.000,0.000,0.000,0.000,0.000,0.000,0.000,0.000
22b,new,27,0.000,0.000,0.000,0.000,0.000,0.000,0.000,0.000,0.000,0.000,0.000,0.000,0.000
22c,new,0,0.000,0.000,0.000,0.000,0.000,0.000,0.000,0.000,0.000,0.000,0.000,0.000,0.000
22c,new,1,0.000,0.000,0.000,0.000,0.000,0.000,0.000,0.000,0.000,0.000,138.000,0.000,0.000
22c,new,2,0.000,0.000,0.000,0.000,0.000,0.000,0.000,0.000,0.000,0.000,0.000,0.000,0.000
22c,new,3,0.000,0.000,0.000,0.000,0.000,0.000,0.000,0.000,0.000,0.000,0.000,0.000,0.000
22c,new,4,0.000,0.000,0.000,0.000,0.000,2.000,0.000,1.000,0.000,0.000,0.000,8.000,0.000
22c,new,5,0.000,0.000,0.000,0.000,0.000,0.000,0.000,0.000,0.000,0.000,127.000,1.000,0.000
22c,new,6,0.000,0.000,0.000,0.000,0.000,0.000,0.000,0.000,0.000,0.000,0.000,1.000,0.000
22c,new,7,0.000,0.000,0.000,0.000,0.000,0.000,0.000,0.000,0.000,0.000,135.000,1.000,0.000
22c,new,8,0.000,0.000,0.000,0.000,0.000,0.000,0.000,0.000,0.000,0.000,169.000,2.000,0.000
22c,new,9,0.000,0.000,0.000,0.000,0.000,0.000,0.000,0.000,0.000,0.000,122.000,2.000,0.000
22c,new,10,0.000,0.000,0.000,0.000,0.000,0.000,0.000,0.000,0.000,0.000,0.000,0.000,0.000
22c,new,11,0.000,0.000,0.000,0.000,0.000,0.000,0.000,0.000,0.000,0.000,0.000,0.000,0.000
22c,new,12,0.000,0.000,0.000,0.000,0.000,0.000,0.000,0.000,0.000,0.000,0.000,0.000,0.000
22c,new,13,0.000,0.000,0.000,0.000,0.000,2.000,0.000,1.000,0.000,0.000,0.000,3.000,0.000
22c,new,14,0.000,0.000,0.000,0.000,0.000,0.000,0.000,0.000,0.000,0.000,0.000,1.000,0.000
22c,new,15,0.000,0.000,0.000,0.000,0.000,0.000,0.000,0.000,0.000,0.000,0.000,1.000,0.000
22c,new,16,0.000,0.000,0.000,0.000,0.000,0.000,0.000,0.000,0.000,0.000,0.000,1.000,0.000
22c,new,17,0.000,0.000,0.000,0.000,0.000,0.000,0.000,0.000,0.000,0.000,0.000,3.000,0.000
22c,new,18,0.000,0.000,0.000,0.000,0.000,0.000,0.000,0.000,0.000,0.000,0.000,2.000,0.000
22c,new,19,0.000,0.000,0.000,0.000,0.000,0.000,0.000,0.000,0.000,0.000,0.000,0.000,0.000
22c,new,20,0.000,0.000,0.000,0.000,0.000,0.000,0.000,0.000,0.000,0.000,0.000,0.000,0.000
22c,new,21,0.000,0.000,0.000,0.000,0.000,0.000,0.000,0.000,0.000,0.000,0.000,0.000,0.000
22c,new,22,0.000,0.000,0.000,0.000,0.000,4.000,0.000,3.000,0.000,0.000,0.000,5.000,0.000
22c,new,23,0.000,0.000,0.000,0.000,0.000,0.000,0.000,0.000,0.000,0.000,0.000,1.000,0.000
22c,new,24,0.000,0.000,0.000,0.000,0.000,0.000,0.000,0.000,0.000,0.000,0.000,4.000,0.000
22c,new,25,0.000,0.000,0.000,0.000,0.000,0.000,0.000,0.000,0.000,0.000,0.000,1.000,0.000
22c,new,26,0.000,0.000,0.000,0.000,0.000,0.000,0.000,0.000,0.000,0.000,0.000,2.000,0.000
22c,new,27,0.000,0.000,0.000,0.000,0.000,0.000,0.000,0.000,0.000,0.000,0.000,2.000,0.000
22d,new,0,0.000,0.000,0.000,0.000,0.000,0.000,0.000,0.000,0.000,0.000,0.000,0.000,0.000
22d,new,1,0.000,0.000,0.000,0.000,0.000,0.000,0.000,0.000,0.000,0.000,133.000,0.000,0.000
22d,new,2,0.000,0.000,0.000,0.000,0.000,0.000,0.000,0.000,0.000,0.000,0.000,0.000,0.000
22d,new,3,0.000,0.000,0.000,0.000,0.000,0.000,0.000,0.000,0.000,0.000,0.000,0.000,0.000
22d,new,4,0.000,0.000,0.000,0.000,2.000,3.000,0.000,1.000,0.000,0.000,0.000,8.000,0.000
22d,new,5,0.000,0.000,0.000,0.000,0.000,0.000,0.000,0.000,0.000,0.000,113.000,2.000,0.000
22d,new,6,0.000,0.000,0.000,0.000,0.000,0.000,0.000,0.000,0.000,0.000,0.000,2.000,0.000
22d,new,7,0.000,0.000,0.000,0.000,0.000,0.000,0.000,0.000,0.000,0.000,113.000,1.000,0.000
22d,new,8,0.000,0.000,0.000,0.000,2.000,6.000,0.000,4.000,0.000,0.000,128.000,19.000,0.000
22d,new,9,0.000,0.000,0.000,0.000,0.000,0.000,0.000,0.000,0.000,0.000,129.000,2.000,0.000
22d,new,10,0.000,0.000,0.000,0.000,0.000,0.000,0.000,0.000,0.000,0.000,0.000,0.000,0.000
22d,new,11,0.000,0.000,0.000,0.000,0.000,0.000,0.000,0.000,0.000,0.000,0.000,0.000,0.000
22d,new,12,0.000,0.000,0.000,0.000,0.000,0.000,0.000,0.000,0.000,0.000,0.000,0.000,0.000
22d,new,13,0.000,0.000,0.000,0.000,0.000,2.000,0.000,1.000,0.000,0.000,0.000,3.000,0.000
22d,new,14,0.000,0.000,0.000,0.000,0.000,0.000,0.000,0.000,0.000,0.000,0.000,4.000,0.000
22d,new,15,0.000,0.000,0.000,0.000,0.000,0.000,0.000,0.000,0.000,0.000,0.000,2.000,0.000
22d,new,16,0.000,0.000,0.000,0.000,0.000,0.000,0.000,0.000,0.000,0.000,0.000,5.000,0.000
22d,new,17,0.000,0.000,0.000,0.000,1.000,7.000,0.000,5.000,0.000,0.000,0.000,17.000,0.000
22d,new,18,0.000,0.000,0.000,0.000,0.000,0.000,0.000,0.000,0.000,0.000,0.000,5.000,0.000
22d,new,19,0.000,0.000,0.000,0.000,0.000,0.000,0.000,0.000,0.000,0.000,0.000,0.000,0.000
22d,new,20,0.000,0.000,0.000,0.000,0.000,0.000,0.000,0.000,0.000,0.000,0.000,0.000,0.000
22d,new,21,0.000,0.000,0.000,0.000,0.000,0.000,0.000,0.000,0.000,0.000,0.000,0.000,0.000
22d,new,22,0.000,0.000,0.000,0.000,0.000,2.000,0.000,1.000,0.000,0.000,0.000,3.000,0.000
22d,new,23,0.000,0.000,0.000,0.000,0.000,4.000,0.000,4.000,0.000,0.000,0.000,6.000,0.000
22d,new,24,0.000,0.000,0.000,0.000,0.000,0.000,0.000,0.000,0.000,0.000,0.000,1.000,0.000
22d,new,25,0.000,0.000,0.000,0.000,0.000,0.000,0.000,0.000,0.000,0.000,0.000,1.000,0.000
22d,new,26,0.000,0.000,0.000,0.000,1.000,8.000,0.000,6.000,0.000,0.000,0.000,21.000,0.000
22d,new,27,0.000,0.000,0.000,0.000,0.000,0.000,0.000,0.000,0.000,0.000,0.000,2.000,0.000
23a,new,0,0.000,0.000,0.000,0.000,0.000,0.000,0.000,0.000,0.000,0.000,0.000,0.000,0.000
23a,new,1,0.000,0.000,0.000,0.000,0.000,0.000,0.000,0.000,0.000,0.000,136.000,0.000,0.000
23a,new,2,0.000,0.000,0.000,0.000,0.000,0.000,0.000,0.000,0.000,0.000,0.000,0.000,0.000
23a,new,3,0.000,0.000,0.000,0.000,0.000,0.000,0.000,0.000,0.000,0.000,140.000,1.000,0.000
23a,new,4,0.000,0.000,0.000,0.000,0.000,0.000,0.000,0.000,0.000,0.000,124.000,0.000,0.000
23a,new,5,0.000,0.000,0.000,0.000,0.000,0.000,0.000,0.000,0.000,0.000,111.000,0.000,0.000
23a,new,6,0.000,0.000,0.000,0.000,0.000,0.000,0.000,0.000,0.000,0.000,104.000,0.000,0.000
23a,new,7,0.000,0.000,0.000,0.000,0.000,0.000,0.000,0.000,0.000,0.000,105.000,0.000,0.000
23a,new,8,0.000,0.000,0.000,0.000,0.000,0.000,0.000,0.000,0.000,0.000,128.000,0.000,0.000
23a,new,9,0.000,0.000,0.000,0.000,0.000,0.000,0.000,0.000,0.000,0.000,0.000,0.000,0.000
23a,new,10,0.000,0.000,0.000,0.000,0.000,0.000,0.000,0.000,0.000,0.000,0.000,0.000,0.000
23a,new,11,0.000,0.000,0.000,0.000,0.000,0.000,0.000,0.000,0.000,0.000,0.000,0.000,0.000
23a,new,12,0.000,0.000,0.000,0.000,0.000,0.000,0.000,0.000,0.000,0.000,0.000,0.000,0.000
23a,new,13,0.000,0.000,0.000,0.000,0.000,0.000,0.000,0.000,0.000,0.000,0.000,0.000,0.000
23a,new,14,0.000,0.000,0.000,0.000,0.000,0.000,0.000,0.000,0.000,0.000,0.000,0.000,0.000
23a,new,15,0.000,0.000,0.000,0.000,0.000,0.000,0.000,0.000,0.000,0.000,0.000,0.000,0.000
23a,new,16,0.000,0.000,0.000,0.000,0.000,0.000,0.000,0.000,0.000,0.000,0.000,0.000,0.000
23a,new,17,0.000,0.000,0.000,0.000,0.000,0.000,0.000,0.000,0.000,0.000,0.000,0.000,0.000
23a,new,18,0.000,0.000,0.000,0.000,0.000,0.000,0.000,0.000,0.000,0.000,0.000,0.000,0.000
23a,new,19,0.000,0.000,0.000,0.000,0.000,0.000,0.000,0.000,0.000,0.000,0.000,0.000,0.000
23a,new,20,0.000,0.000,0.000,0.000,0.000,0.000,0.000,0.000,0.000,0.000,0.000,0.000,0.000
23a,new,21,0.000,0.000,0.000,0.000,0.000,0.000,0.000,0.000,0.000,0.000,0.000,0.000,0.000
23a,new,22,0.000,0.000,0.000,0.000,0.000,0.000,0.000,0.000,0.000,0.000,0.000,0.000,0.000
23a,new,23,0.000,0.000,0.000,0.000,0.000,0.000,0.000,0.000,0.000,0.000,0.000,0.000,0.000
23a,new,24,0.000,0.000,0.000,0.000,0.000,0.000,0.000,0.000,0.000,0.000,0.000,0.000,0.000
23b,new,0,0.000,0.000,0.000,0.000,0.000,0.000,0.000,0.000,0.000,0.000,0.000,0.000,0.000
23b,new,1,0.000,0.000,0.000,0.000,0.000,0.000,0.000,0.000,0.000,0.000,144.000,0.000,0.000
23b,new,2,0.000,0.000,0.000,0.000,0.000,0.000,0.000,0.000,0.000,0.000,0.000,0.000,0.000
23b,new,3,0.000,0.000,0.000,0.000,0.000,0.000,0.000,0.000,0.000,0.000,0.000,0.000,0.000
23b,new,4,0.000,0.000,0.000,0.000,0.000,0.000,0.000,0.000,0.000,0.000,0.000,0.000,0.000
23b,new,5,0.000,0.000,0.000,0.000,0.000,0.000,0.000,0.000,0.000,0.000,113.000,0.000,0.000
23b,new,6,0.000,0.000,0.000,0.000,0.000,0.000,0.000,0.000,0.000,0.000,111.000,0.000,0.000
23b,new,7,0.000,0.000,0.000,0.000,0.000,0.000,0.000,0.000,0.000,0.000,113.000,0.000,0.000
23b,new,8,0.000,0.000,0.000,0.000,0.000,0.000,0.000,0.000,0.000,0.000,112.000,0.000,0.000
23b,new,9,0.000,0.000,0.000,0.000,0.000,0.000,0.000,0.000,0.000,0.000,0.000,0.000,0.000
23b,new,10,0.000,0.000,0.000,0.000,0.000,0.000,0.000,0.000,0.000,0.000,0.000,0.000,0.000
23b,new,11,0.000,0.000,0.000,0.000,0.000,0.000,0.000,0.000,0.000,0.000,0.000,0.000,0.000
23b,new,12,0.000,0.000,0.000,0.000,0.000,0.000,0.000,0.000,0.000,0.000,0.000,0.000,0.000
23b,new,13,0.000,0.000,0.000,0.000,0.000,0.000,0.000,0.000,0.000,0.000,0.000,0.000,0.000
23b,new,14,0.000,0.000,0.000,0.000,0.000,0.000,0.000,0.000,0.000,0.000,0.000,0.000,0.000
23b,new,15,0.000,0.000,0.000,0.000,0.000,0.000,0.000,0.000,0.000,0.000,0.000,3.000,0.000
23b,new,16,0.000,0.000,0.000,0.000,0.000,0.000,0.000,0.000,0.000,0.000,0.000,0.000,0.000
23b,new,17,0.000,0.000,0.000,0.000,0.000,0.000,0.000,0.000,0.000,0.000,0.000,0.000,0.000
23b,new,18,0.000,0.000,0.000,0.000,0.000,0.000,0.000,0.000,0.000,0.000,0.000,0.000,0.000
23b,new,19,0.000,0.000,0.000,0.000,0.000,0.000,0.000,0.000,0.000,0.000,0.000,0.000,0.000
23b,new,20,0.000,0.000,0.000,0.000,0.000,0.000,0.000,0.000,0.000,0.000,0.000,0.000,0.000
23b,new,21,0.000,0.000,0.000,0.000,0.000,0.000,0.000,0.000,0.000,0.000,0.000,0.000,0.000
23b,new,22,0.000,0.000,0.000,0.000,0.000,0.000,0.000,0.000,0.000,0.000,0.000,0.000,0.000
23b,new,23,0.000,0.000,0.000,0.000,0.000,0.000,0.000,0.000,0.000,0.000,0.000,0.000,0.000
23b,new,24,0.000,0.000,0.000,0.000,0.000,0.000,0.000,0.000,0.000,0.000,0.000,0.000,0.000
23c,new,0,0.000,0.000,0.000,0.000,0.000,0.000,0.000,0.000,0.000,0.000,0.000,0.000,0.000
23c,new,1,0.000,0.000,0.000,0.000,0.000,0.000,0.000,0.000,0.000,0.000,111.000,0.000,0.000
23c,new,2,0.000,0.000,0.000,0.000,0.000,0.000,0.000,0.000,0.000,0.000,112.000,0.000,0.000
23c,new,3,0.000,0.000,0.000,0.000,0.000,0.000,0.000,0.000,0.000,0.000,0.000,0.000,0.000
23c,new,4,0.000,0.000,0.000,0.000,0.000,0.000,0.000,0.000,0.000,0.000,124.000,0.000,0.000
23c,new,5,0.000,0.000,0.000,0.000,0.000,0.000,0.000,0.000,0.000,0.000,107.000,0.000,0.000
23c,new,6,0.000,0.000,0.000,0.000,0.000,0.000,0.000,0.000,0.000,0.000,106.000,0.000,0.000
23c,new,7,0.000,0.000,0.000,0.000,0.000,0.000,0.000,0.000,0.000,0.000,116.000,0.000,0.000
23c,new,8,0.000,0.000,0.000,0.000,0.000,0.000,0.000,0.000,0.000,0.000,134.000,0.000,0.000
23c,new,9,0.000,0.000,0.000,0.000,0.000,0.000,0.000,0.000,0.000,0.000,165.000,0.000,0.000
23c,new,10,0.000,0.000,0.000,0.000,0.000,0.000,0.000,0.000,0.000,0.000,0.000,0.000,0.000
23c,new,11,0.000,0.000,0.000,0.000,0.000,0.000,0.000,0.000,0.000,0.000,0.000,0.000,0.000
23c,new,12,0.000,0.000,0.000,0.000,0.000,0.000,0.000,0.000,0.000,0.000,0.000,0.000,0.000
23c,new,13,0.000,0.000,0.000,0.000,0.000,0.000,0.000,0.000,0.000,0.000,0.000,0.000,0.000
23c,new,14,0.000,0.000,0.000,0.000,0.000,0.000,0.000,0.000,0.000,0.000,0.000,0.000,0.000
23c,new,15,0.000,0.000,0.000,0.000,0.000,0.000,0.000,0.000,0.000,0.000,0.000,0.000,0.000
23c,new,16,0.000,0.000,0.000,0.000,0.000,0.000,0.000,0.000,0.000,0.000,0.000,0.000,0.000
23c,new,17,0.000,0.000,0.000,0.000,0.000,0.000,0.000,0.000,0.000,0.000,0.000,0.000,0.000
23c,new,18,0.000,0.000,0.000,0.000,0.000,0.000,0.000,0.000,0.000,0.000,0.000,0.000,0.000
23c,new,19,0.000,0.000,0.000,0.000,0.000,0.000,0.000,0.000,0.000,0.000,0.000,0.000,0.000
23c,new,20,0.000,0.000,0.000,0.000,0.000,0.000,0.000,0.000,0.000,0.000,0.000,0.000,0.000
23c,new,21,0.000,0.000,0.000,0.000,0.000,0.000,0.000,0.000,0.000,0.000,0.000,0.000,0.000
23c,new,22,0.000,0.000,0.000,0.000,0.000,0.000,0.000,0.000,0.000,0.000,0.000,0.000,0.000
23c,new,23,0.000,0.000,0.000,0.000,0.000,0.000,0.000,0.000,0.000,0.000,0.000,0.000,0.000
23c,new,24,0.000,0.000,0.000,0.000,0.000,0.000,0.000,0.000,0.000,0.000,0.000,0.000,0.000
23c,new,25,0.000,0.000,0.000,0.000,0.000,0.000,0.000,0.000,0.000,0.000,0.000,0.000,0.000
23c,new,26,0.000,0.000,0.000,0.000,0.000,0.000,0.000,0.000,0.000,0.000,0.000,3.000,0.000
23c,new,27,0.000,0.000,0.000,0.000,0.000,0.000,0.000,0.000,0.000,0.000,0.000,0.000,0.000
24a,new,0,0.000,0.000,0.000,0.000,0.000,0.000,0.000,0.000,0.000,0.000,0.000,0.000,0.000
24a,new,1,0.000,0.000,0.000,0.000,0.000,0.000,0.000,0.000,0.000,0.000,115.000,0.000,0.000
24a,new,2,0.000,0.000,0.000,0.000,0.000,0.000,0.000,0.000,0.000,0.000,0.000,5.000,0.000
24a,new,3,0.000,0.000,0.000,0.000,0.000,0.000,0.000,0.000,0.000,0.000,0.000,0.000,0.000
24a,new,4,0.000,0.000,0.000,0.000,0.000,0.000,0.000,0.000,0.000,0.000,115.000,2.000,0.000
24a,new,5,0.000,0.000,0.000,0.000,0.000,0.000,0.000,0.000,0.000,0.000,143.000,1.000,0.000
24a,new,6,0.000,0.000,0.000,0.000,0.000,0.000,0.000,0.000,0.000,0.000,0.000,0.000,0.000
24a,new,7,0.000,0.000,0.000,0.000,0.000,0.000,0.000,0.000,0.000,0.000,114.000,0.000,0.000
24a,new,8,0.000,0.000,0.000,0.000,0.000,0.000,0.000,0.000,0.000,0.000,115.000,2.000,0.000
24a,new,9,0.000,0.000,0.000,0.000,0.000,0.000,0.000,0.000,0.000,0.000,114.000,0.000,0.000
24a,new,10,0.000,0.000,0.000,0.000,0.000,0.000,0.000,0.000,0.000,0.000,108.000,2.000,0.000
24a,new,11,0.000,0.000,0.000,0.000,0.000,0.000,0.000,0.000,0.000,0.000,0.000,0.000,0.000
24a,new,12,0.000,0.000,0.000,0.000,0.000,0.000,0.000,0.000,0.000,0.000,0.000,1.000,0.000
24a,new,13,0.000,0.000,0.000,0.000,0.000,0.000,0.000,0.000,0.000,0.000,0.000,0.000,0.000
24a,new,14,0.000,0.000,0.000,0.000,0.000,0.000,0.000,0.000,0.000,0.000,0.000,0.000,0.000
24a,new,15,0.000,0.000,0.000,0.000,0.000,0.000,0.000,0.000,0.000,0.000,0.000,0.000,0.000
24a,new,16,0.000,0.000,0.000,0.000,0.000,0.000,0.000,0.000,0.000,0.000,0.000,0.000,0.000
24a,new,17,0.000,0.000,0.000,0.000,0.000,0.000,0.000,0.000,0.000,0.000,0.000,2.000,0.000
24a,new,18,0.000,0.000,0.000,0.000,0.000,0.000,0.000,0.000,0.000,0.000,0.000,2.000,0.000
24a,new,19,0.000,0.000,0.000,0.000,0.000,0.000,0.000,0.000,0.000,0.000,0.000,0.000,0.000
24a,new,20,0.000,0.000,0.000,0.000,0.000,0.000,0.000,0.000,0.000,0.000,0.000,3.000,0.000
24a,new,21,0.000,0.000,0.000,0.000,0.000,0.000,0.000,0.000,0.000,0.000,0.000,0.000,0.000
24a,new,22,0.000,0.000,0.000,0.000,0.000,0.000,0.000,0.000,0.000,0.000,0.000,1.000,0.000
24a,new,23,0.000,0.000,0.000,0.000,0.000,0.000,0.000,0.000,0.000,0.000,0.000,3.000,0.000
24a,new,24,0.000,0.000,0.000,0.000,0.000,0.000,0.000,0.000,0.000,0.000,0.000,0.000,0.000
24a,new,25,0.000,0.000,0.000,0.000,0.000,0.000,0.000,0.000,0.000,0.000,0.000,0.000,0.000
24a,new,26,0.000,0.000,0.000,0.000,0.000,0.000,0.000,0.000,0.000,0.000,0.000,0.000,0.000
24a,new,27,0.000,0.000,0.000,0.000,0.000,0.000,0.000,0.000,0.000,0.000,0.000,0.000,0.000
24a,new,28,0.000,0.000,0.000,0.000,0.000,0.000,0.000,0.000,0.000,0.000,0.000,3.000,0.000
24a,new,29,0.000,0.000,0.000,0.000,0.000,0.000,0.000,0.000,0.000,0.000,0.000,0.000,0.000
24a,new,30,0.000,0.000,0.000,0.000,0.000,0.000,0.000,0.000,0.000,0.000,0.000,3.000,0.000
24b,new,0,0.000,0.000,0.000,0.000,0.000,0.000,0.000,0.000,0.000,0.000,0.000,0.000,0.000
24b,new,1,0.000,0.000,0.000,0.000,0.000,0.000,0.000,0.000,0.000,0.000,121.000,0.000,0.000
24b,new,2,0.000,0.000,0.000,0.000,0.000,0.000,0.000,0.000,0.000,0.000,138.000,0.000,0.000
24b,new,3,0.000,0.000,0.000,0.000,0.000,0.000,0.000,0.000,0.000,0.000,0.000,1.000,0.000
24b,new,4,0.000,0.000,0.000,0.000,0.000,0.000,0.000,0.000,0.000,0.000,131.000,0.000,0.000
24b,new,5,0.000,0.000,0.000,0.000,0.000,0.000,0.000,0.000,0.000,0.000,0.000,1.000,0.000
24b,new,6,0.000,0.000,0.000,0.000,0.000,0.000,0.000,0.000,0.000,0.000,114.000,0.000,0.000
24b,new,7,0.000,0.000,0.000,0.000,0.000,0.000,0.000,0.000,0.000,0.000,0.000,0.000,0.000
24b,new,8,0.000,0.000,0.000,0.000,0.000,0.000,0.000,0.000,0.000,0.000,110.000,0.000,0.000
24b,new,9,0.000,0.000,0.000,0.000,0.000,0.000,0.000,0.000,0.000,0.000,109.000,2.000,0.000
24b,new,10,0.000,0.000,0.000,0.000,0.000,0.000,0.000,0.000,0.000,0.000,0.000,0.000,0.000
24b,new,11,0.000,0.000,0.000,0.000,0.000,0.000,0.000,0.000,0.000,0.000,0.000,0.000,0.000
24b,new,12,0.000,0.000,0.000,0.000,0.000,0.000,0.000,0.000,0.000,0.000,0.000,0.000,0.000
24b,new,13,0.000,0.000,0.000,0.000,0.000,0.000,0.000,0.000,0.000,0.000,0.000,0.000,0.000
24b,new,14,0.000,0.000,0.000,0.000,0.000,0.000,0.000,0.000,0.000,0.000,0.000,3.000,0.000
24b,new,15,0.000,0.000,0.000,0.000,0.000,0.000,0.000,0.000,0.000,0.000,0.000,0.000,0.000
24b,new,16,0.000,0.000,0.000,0.000,0.000,0.000,0.000,0.000,0.000,0.000,0.000,0.000,0.000
24b,new,17,0.000,0.000,0.000,0.000,0.000,0.000,0.000,0.000,0.000,0.000,0.000,0.000,0.000
24b,new,18,0.000,0.000,0.000,0.000,0.000,0.000,0.000,0.000,0.000,0.000,0.000,2.000,0.000
24b,new,19,0.000,0.000,0.000,0.000,0.000,0.000,0.000,0.000,0.000,1.000,0.000,0.000,0.000
24b,new,20,0.000,0.000,0.000,0.000,0.000,0.000,0.000,0.000,0.000,0.000,0.000,0.000,0.000
24b,new,21,0.000,0.000,0.000,0.000,0.000,0.000,0.000,0.000,0.000,0.000,0.000,0.000,0.000
24b,new,22,0.000,0.000,0.000,0.000,0.000,0.000,0.000,0.000,0.000,0.000,0.000,0.000,0.000
24b,new,23,0.000,0.000,0.000,0.000,0.000,0.000,0.000,0.000,0.000,0.000,0.000,0.000,0.000
24b,new,24,0.000,0.000,0.000,0.000,0.000,0.000,0.000,0.000,0.000,0.000,0.000,0.000,0.000
24b,new,25,0.000,0.000,0.000,0.000,0.000,0.000,0.000,0.000,0.000,0.000,0.000,0.000,0.000
24b,new,26,0.000,0.000,0.000,0.000,0.000,0.000,0.000,0.000,0.000,0.000,0.000,0.000,0.000
24b,new,27,0.000,0.000,0.000,0.000,0.000,0.000,0.000,0.000,0.000,0.000,0.000,5.000,0.000
25a,new,0,0.000,0.000,0.000,0.000,0.000,0.000,0.000,0.000,0.000,0.000,0.000,0.000,0.000
25a,new,1,0.000,0.000,0.000,0.000,0.000,0.000,0.000,0.000,0.000,0.000,118.000,0.000,0.000
25a,new,2,0.000,0.000,0.000,0.000,0.000,1.000,0.000,1.000,0.000,0.000,107.000,2.000,0.000
25a,new,3,0.000,0.000,0.000,0.000,0.000,0.000,0.000,0.000,0.000,0.000,0.000,3.000,0.000
25a,new,4,0.000,0.000,0.000,0.000,0.000,0.000,0.000,0.000,0.000,0.000,0.000,2.000,0.000
25a,new,5,0.000,0.000,0.000,0.000,0.000,0.000,0.000,0.000,0.000,0.000,113.000,1.000,0.000
25a,new,6,0.000,0.000,0.000,0.000,0.000,0.000,0.000,0.000,0.000,0.000,110.000,8.000,0.000
25a,new,7,0.000,0.000,0.000,0.000,0.000,0.000,0.000,0.000,0.000,0.000,153.000,3.000,0.000
25a,new,8,0.000,0.000,0.000,0.000,0.000,0.000,0.000,0.000,0.000,0.000,0.000,0.000,0.000
25a,new,9,0.000,0.000,0.000,0.000,0.000,2.000,0.000,1.000,0.000,0.000,0.000,2.000,0.000
25a,new,10,0.000,0.000,0.000,0.000,1.000,1.000,0.000,0.000,0.000,0.000,0.000,4.000,0.000
25a,new,11,0.000,0.000,0.000,0.000,0.000,4.000,0.000,3.000,0.000,0.000,0.000,6.000,0.000
25a,new,12,0.000,0.000,0.000,0.000,0.000,0.000,0.000,0.000,0.000,0.000,0.000,2.000,0.000
25a,new,13,0.000,0.000,0.000,0.000,0.000,0.000,0.000,0.000,0.000,0.000,0.000,6.000,0.000
25a,new,14,0.000,0.000,0.000,0.000,0.000,0.000,0.000,0.000,0.000,0.000,0.000,2.000,0.000
25a,new,15,0.000,0.000,0.000,0.000,0.000,0.000,0.000,0.000,0.000,0.000,0.000,0.000,0.000
25a,new,16,0.000,0.000,0.000,0.000,0.000,2.000,0.000,1.000,0.000,0.000,0.000,2.000,0.000
25a,new,17,0.000,0.000,0.000,0.000,0.000,1.000,0.000,0.000,0.000,0.000,0.000,3.000,0.000
25a,new,18,0.000,0.000,0.000,0.000,0.000,0.000,0.000,0.000,0.000,0.000,0.000,3.000,0.000
25a,new,19,0.000,0.000,0.000,0.000,0.000,0.000,0.000,0.000,0.000,0.000,0.000,2.000,0.000
25a,new,20,0.000,0.000,0.000,0.000,0.000,0.000,0.000,0.000,0.000,0.000,0.000,10.000,0.000
25a,new,21,0.000,0.000,0.000,0.000,0.000,0.000,0.000,0.000,0.000,0.000,0.000,2.000,0.000
25b,new,0,0.000,0.000,0.000,0.000,0.000,0.000,0.000,0.000,0.000,0.000,0.000,0.000,0.000
25b,new,1,0.000,0.000,0.000,0.000,0.000,0.000,0.000,0.000,0.000,0.000,118.000,0.000,0.000
25b,new,2,0.000,0.000,0.000,0.000,0.000,0.000,0.000,0.000,0.000,0.000,113.000,0.000,0.000
25b,new,3,0.000,0.000,0.000,0.000,0.000,0.000,0.000,0.000,0.000,0.000,121.000,0.000,0.000
25b,new,4,0.000,0.000,0.000,0.000,0.000,0.000,0.000,0.000,0.000,0.000,112.000,1.000,0.000
25b,new,5,0.000,0.000,0.000,0.000,0.000,0.000,0.000,0.000,0.000,0.000,0.000,0.000,0.000
25b,new,6,0.000,0.000,0.000,0.000,0.000,0.000,0.000,0.000,0.000,0.000,109.000,0.000,0.000
25b,new,7,0.000,0.000,0.000,0.000,0.000,0.000,0.000,0.000,0.000,0.000,135.000,0.000,0.000
25b,new,8,0.000,0.000,0.000,0.000,0.000,0.000,0.000,0.000,0.000,0.000,0.000,0.000,0.000
25b,new,9,0.000,0.000,0.000,0.000,0.000,0.000,0.000,0.000,0.000,0.000,0.000,0.000,0.000
25b,new,10,0.000,0.000,0.000,0.000,0.000,0.000,0.000,0.000,0.000,0.000,0.000,0.000,0.000
25b,new,11,0.000,0.000,0.000,0.000,0.000,0.000,0.000,0.000,0.000,0.000,0.000,1.000,0.000
25b,new,12,0.000,0.000,0.000,0.000,0.000,0.000,0.000,0.000,0.000,0.000,0.000,3.000,0.000
25b,new,13,0.000,0.000,0.000,0.000,0.000,0.000,0.000,0.000,0.000,0.000,0.000,1.000,0.000
25b,new,14,0.000,0.000,0.000,0.000,0.000,0.000,0.000,0.000,0.000,0.000,0.000,0.000,0.000
25b,new,15,0.000,0.000,0.000,0.000,0.000,0.000,0.000,0.000,0.000,0.000,0.000,0.000,0.000
25b,new,16,0.000,0.000,0.000,0.000,0.000,0.000,0.000,0.000,0.000,0.000,0.000,0.000,0.000
25b,new,17,0.000,0.000,0.000,0.000,0.000,0.000,0.000,0.000,0.000,0.000,0.000,0.000,0.000
25b,new,18,0.000,0.000,0.000,0.000,0.000,0.000,0.000,0.000,0.000,0.000,0.000,2.000,0.000
25b,new,19,0.000,0.000,0.000,0.000,0.000,0.000,0.000,0.000,0.000,0.000,0.000,0.000,0.000
25b,new,20,0.000,0.000,0.000,0.000,0.000,0.000,0.000,0.000,0.000,0.000,0.000,0.000,0.000
25b,new,21,0.000,0.000,0.000,0.000,0.000,0.000,0.000,0.000,0.000,0.000,0.000,0.000,0.000
25c,new,0,0.000,0.000,0.000,0.000,0.000,0.000,0.000,0.000,0.000,0.000,0.000,0.000,0.000
25c,new,1,0.000,0.000,0.000,0.000,0.000,0.000,0.000,0.000,0.000,0.000,124.000,0.000,0.000
25c,new,2,0.000,0.000,0.000,0.000,2.000,5.000,0.000,2.000,0.000,0.000,0.000,9.000,0.000
25c,new,3,0.000,0.000,0.000,0.000,1.000,5.000,0.000,3.000,0.000,0.000,105.000,14.000,0.000
25c,new,4,0.000,0.000,0.000,0.000,1.000,2.000,0.000,1.000,0.000,0.000,0.000,3.000,0.000
25c,new,5,0.000,0.000,0.000,0.000,4.000,5.000,0.000,0.000,0.000,0.000,116.000,11.000,0.000
25c,new,6,0.000,0.000,0.000,0.000,1.000,2.000,0.000,1.000,0.000,0.000,161.000,8.000,0.000
25c,new,7,0.000,0.000,0.000,0.000,0.000,0.000,0.000,0.000,0.000,0.000,137.000,2.000,0.000
25c,new,8,0.000,0.000,0.000,0.000,0.000,0.000,0.000,0.000,0.000,0.000,0.000,0.000,0.000
25c,new,9,0.000,0.000,0.000,0.000,1.000,4.000,0.000,2.000,0.000,0.000,0.000,5.000,0.000
25c,new,10,0.000,0.000,0.000,0.000,1.000,4.000,0.000,2.000,0.000,0.000,0.000,10.000,0.000
25c,new,11,0.000,0.000,0.000,0.000,0.000,2.000,0.000,1.000,0.000,0.000,0.000,4.000,0.000
25c,new,12,0.000,0.000,0.000,0.000,0.000,1.000,0.000,0.000,0.000,0.000,0.000,5.000,0.000
25c,new,13,0.000,0.000,0.000,0.000,1.000,2.000,0.000,1.000,0.000,0.000,0.000,5.000,0.000
25c,new,14,0.000,0.000,0.000,0.000,0.000,0.000,0.000,0.000,0.000,0.000,0.000,2.000,0.000
25c,new,15,0.000,0.000,0.000,0.000,0.000,0.000,0.000,0.000,0.000,0.000,0.000,0.000,0.000
25c,new,16,0.000,0.000,0.000,0.000,1.000,4.000,0.000,2.000,0.000,0.000,0.000,5.000,0.000
25c,new,17,0.000,0.000,0.000,0.000,1.000,4.000,0.000,2.000,0.000,0.000,0.000,7.000,0.000
25c,new,18,0.000,0.000,0.000,0.000,0.000,2.000,0.000,1.000,0.000,0.000,0.000,3.000,0.000
25c,new,19,0.000,0.000,0.000,0.000,0.000,1.000,0.000,0.000,0.000,0.000,0.000,6.000,0.000
25c,new,20,0.000,0.000,0.000,0.000,1.000,2.000,0.000,1.000,0.000,0.000,0.000,5.000,0.000
25c,new,21,0.000,0.000,0.000,0.000,0.000,0.000,0.000,0.000,0.000,0.000,0.000,2.000,0.000
26a,new,0,8.000,0.000,0.000,0.000,0.000,0.000,0.000,0.000,0.000,0.000,0.000,0.000,0.000
26a,new,1,0.000,0.000,0.000,0.000,0.000,0.000,0.000,0.000,0.000,0.000,131.000,0.000,0.000
26a,new,2,0.000,0.000,0.000,0.000,0.000,0.000,0.000,0.000,0.000,0.000,0.000,0.000,0.000
26a,new,3,0.000,0.000,0.000,0.000,0.000,1.000,0.000,0.000,0.000,0.000,0.000,8.000,0.000
26a,new,4,0.000,0.000,0.000,0.000,0.000,0.000,0.000,0.000,0.000,0.000,0.000,0.000,0.000
26a,new,5,0.000,0.000,0.000,0.000,0.000,0.000,0.000,0.000,0.000,0.000,130.000,0.000,0.000
26a,new,6,0.000,0.000,0.000,0.000,0.000,0.000,0.000,0.000,0.000,0.000,112.000,0.000,0.000
26a,new,7,0.000,0.000,0.000,0.000,4.000,18.000,0.000,13.000,0.000,0.000,117.000,19.000,0.000
26a,new,8,0.000,0.000,0.000,0.000,0.000,0.000,0.000,0.000,0.000,0.000,137.000,32.000,0.000
26a,new,9,0.000,0.000,0.000,0.000,0.000,0.000,0.000,0.000,0.000,0.000,172.000,7.000,0.000
26a,new,10,0.000,0.000,0.000,0.000,0.000,0.000,0.000,0.000,0.000,0.000,0.000,0.000,0.000
26a,new,11,0.000,0.000,0.000,0.000,0.000,0.000,0.000,0.000,0.000,0.000,0.000,0.000,0.000
26a,new,12,0.000,0.000,0.000,0.000,4.000,5.000,0.000,0.000,0.000,0.000,0.000,13.000,0.000
26a,new,13,0.000,0.000,0.000,0.000,0.000,0.000,0.000,0.000,0.000,0.000,0.000,0.000,0.000
26a,new,14,0.000,0.000,0.000,0.000,0.000,0.000,0.000,0.000,0.000,0.000,0.000,0.000,0.000
26a,new,15,0.000,0.000,0.000,0.000,0.000,0.000,0.000,0.000,0.000,0.000,0.000,4.000,0.000
26a,new,16,0.000,0.000,0.000,0.000,9.000,27.000,0.000,17.000,0.000,0.000,0.000,27.000,0.000
26a,new,17,0.000,0.000,0.000,0.000,0.000,0.000,0.000,0.000,0.000,0.000,0.000,43.000,0.000
26a,new,18,0.000,0.000,0.000,0.000,0.000,0.000,0.000,0.000,0.000,0.000,0.000,6.000,0.000
26a,new,19,0.000,0.000,0.000,0.000,0.000,0.000,0.000,0.000,0.000,0.000,0.000,0.000,0.000
26a,new,20,0.000,0.000,0.000,0.000,0.000,0.000,0.000,0.000,0.000,0.000,0.000,0.000,0.000
26a,new,21,0.000,0.000,0.000,0.000,0.000,1.000,0.000,0.000,0.000,0.000,0.000,13.000,0.000
26a,new,22,0.000,0.000,0.000,0.000,0.000,0.000,0.000,0.000,0.000,0.000,0.000,0.000,0.000
26a,new,23,0.000,0.000,0.000,0.000,0.000,0.000,0.000,0.000,0.000,0.000,0.000,0.000,0.000
26a,new,24,0.000,0.000,0.000,0.000,0.000,0.000,0.000,0.000,0.000,0.000,0.000,0.000,0.000
26a,new,25,0.000,0.000,0.000,0.000,5.000,23.000,0.000,18.000,0.000,0.000,0.000,24.000,0.000
26a,new,26,0.000,0.000,0.000,0.000,0.000,0.000,0.000,0.000,0.000,0.000,0.000,37.000,0.000
26a,new,27,0.000,0.000,0.000,0.000,0.000,0.000,0.000,0.000,0.000,0.000,0.000,3.000,0.000
26b,new,0,0.000,0.000,0.000,0.000,0.000,0.000,0.000,0.000,0.000,0.000,0.000,0.000,0.000
26b,new,1,0.000,0.000,0.000,0.000,0.000,0.000,0.000,0.000,0.000,0.000,148.000,0.000,0.000
26b,new,2,0.000,0.000,0.000,0.000,0.000,0.000,0.000,0.000,0.000,0.000,0.000,0.000,0.000
26b,new,3,0.000,0.000,0.000,0.000,0.000,0.000,0.000,0.000,0.000,0.000,113.000,1.000,0.000
26b,new,4,0.000,0.000,0.000,0.000,0.000,0.000,0.000,0.000,0.000,0.000,0.000,3.000,0.000
26b,new,5,0.000,0.000,0.000,0.000,0.000,0.000,0.000,0.000,0.000,0.000,121.000,0.000,0.000
26b,new,6,0.000,0.000,0.000,0.000,0.000,0.000,0.000,0.000,0.000,0.000,127.000,0.000,0.000
26b,new,7,0.000,0.000,0.000,0.000,4.000,16.000,0.000,11.000,0.000,0.000,0.000,17.000,0.000
26b,new,8,0.000,0.000,0.000,0.000,0.000,0.000,0.000,0.000,0.000,0.000,108.000,7.000,0.000
26b,new,9,0.000,0.000,0.000,0.000,0.000,0.000,0.000,0.000,0.000,0.000,107.000,4.000,0.000
26b,new,10,0.000,0.000,0.000,0.000,0.000,0.000,0.000,0.000,0.000,0.000,0.000,0.000,0.000
26b,new,11,0.000,0.000,0.000,0.000,0.000,0.000,0.000,0.000,0.000,0.000,0.000,0.000,0.000
26b,new,12,0.000,0.000,0.000,0.000,0.000,0.000,0.000,0.000,0.000,0.000,0.000,0.000,0.000
26b,new,13,0.000,0.000,0.000,0.000,0.000,0.000,0.000,0.000,0.000,0.000,0.000,0.000,0.000
26b,new,14,0.000,0.000,0.000,0.000,0.000,0.000,0.000,0.000,0.000,0.000,0.000,0.000,0.000
26b,new,15,0.000,0.000,0.000,0.000,0.000,0.000,0.000,0.000,0.000,0.000,0.000,0.000,0.000
26b,new,16,0.000,0.000,0.000,0.000,7.000,21.000,0.000,13.000,0.000,0.000,0.000,21.000,0.000
26b,new,17,0.000,0.000,0.000,0.000,0.000,0.000,0.000,0.000,0.000,0.000,0.000,6.000,0.000
26b,new,18,0.000,0.000,0.000,0.000,0.000,0.000,0.000,0.000,0.000,0.000,0.000,4.000,0.000
26b,new,19,0.000,0.000,0.000,0.000,0.000,0.000,0.000,0.000,0.000,0.000,0.000,0.000,0.000
26b,new,20,0.000,0.000,0.000,0.000,0.000,0.000,0.000,0.000,0.000,0.000,0.000,0.000,0.000
26b,new,21,0.000,0.000,0.000,0.000,0.000,0.000,0.000,0.000,0.000,0.000,0.000,1.000,0.000
26b,new,22,0.000,0.000,0.000,0.000,0.000,0.000,0.000,0.000,0.000,0.000,0.000,0.000,0.000
26b,new,23,0.000,0.000,0.000,0.000,0.000,0.000,0.000,0.000,0.000,0.000,0.000,0.000,0.000
26b,new,24,0.000,0.000,0.000,0.000,0.000,0.000,0.000,0.000,0.000,0.000,0.000,0.000,0.000
26b,new,25,0.000,0.000,0.000,0.000,4.000,14.000,0.000,10.000,0.000,0.000,0.000,15.000,0.000
26b,new,26,0.000,0.000,0.000,0.000,0.000,0.000,0.000,0.000,0.000,0.000,0.000,10.000,0.000
26b,new,27,0.000,0.000,0.000,0.000,0.000,0.000,0.000,0.000,0.000,0.000,0.000,7.000,0.000
26c,new,0,0.000,0.000,0.000,0.000,0.000,0.000,0.000,0.000,0.000,0.000,0.000,0.000,0.000
26c,new,1,0.000,0.000,0.000,0.000,0.000,0.000,0.000,0.000,0.000,0.000,126.000,0.000,0.000
26c,new,2,0.000,0.000,0.000,0.000,0.000,0.000,0.000,0.000,0.000,0.000,0.000,0.000,0.000
26c,new,3,0.000,0.000,0.000,0.000,0.000,1.000,0.000,0.000,0.000,0.000,0.000,9.000,0.000
26c,new,4,0.000,0.000,0.000,0.000,0.000,0.000,0.000,0.000,0.000,0.000,0.000,0.000,0.000
26c,new,5,0.000,0.000,0.000,0.000,0.000,0.000,0.000,0.000,0.000,0.000,111.000,1.000,0.000
26c,new,6,0.000,0.000,0.000,0.000,0.000,0.000,0.000,0.000,0.000,0.000,122.000,0.000,0.000
26c,new,7,0.000,0.000,0.000,0.000,4.000,14.000,0.000,9.000,0.000,0.000,118.000,15.000,0.000
26c,new,8,0.000,0.000,0.000,0.000,0.000,0.000,0.000,0.000,0.000,0.000,120.000,64.000,0.000
26c,new,9,0.000,0.000,0.000,0.000,0.000,0.000,0.000,0.000,0.000,0.000,155.000,6.000,0.000
26c,new,10,0.000,0.000,0.000,0.000,0.000,0.000,0.000,0.000,0.000,0.000,0.000,0.000,0.000
26c,new,11,0.000,0.000,0.000,0.000,0.000,0.000,0.000,0.000,0.000,0.000,0.000,0.000,0.000
26c,new,12,0.000,0.000,0.000,0.000,0.000,1.000,0.000,0.000,0.000,0.000,0.000,13.000,0.000
26c,new,13,0.000,0.000,0.000,0.000,0.000,0.000,0.000,0.000,0.000,0.000,0.000,0.000,0.000
26c,new,14,0.000,0.000,0.000,0.000,0.000,0.000,0.000,0.000,0.000,0.000,0.000,1.000,0.000
26c,new,15,0.000,0.000,0.000,0.000,0.000,0.000,0.000,0.000,0.000,0.000,0.000,2.000,0.000
26c,new,16,0.000,0.000,0.000,0.000,5.000,17.000,0.000,11.000,0.000,0.000,0.000,18.000,0.000
26c,new,17,0.000,0.000,0.000,0.000,0.000,0.000,0.000,0.000,0.000,0.000,0.000,57.000,0.000
26c,new,18,0.000,0.000,0.000,0.000,0.000,0.000,0.000,0.000,0.000,0.000,0.000,8.000,0.000
26c,new,19,0.000,0.000,0.000,0.000,0.000,0.000,0.000,0.000,0.000,0.000,0.000,0.000,0.000
26c,new,20,0.000,0.000,0.000,0.000,0.000,0.000,0.000,0.000,0.000,0.000,0.000,0.000,0.000
26c,new,21,0.000,0.000,0.000,0.000,0.000,1.000,0.000,0.000,0.000,0.000,0.000,8.000,0.000
26c,new,22,0.000,0.000,0.000,0.000,0.000,0.000,0.000,0.000,0.000,0.000,0.000,0.000,0.000
26c,new,23,0.000,0.000,0.000,0.000,0.000,0.000,0.000,0.000,0.000,0.000,0.000,1.000,0.000
26c,new,24,0.000,0.000,0.000,0.000,0.000,0.000,0.000,0.000,0.000,0.000,0.000,1.000,0.000
26c,new,25,0.000,0.000,0.000,0.000,5.000,17.000,0.000,11.000,0.000,0.000,0.000,18.000,0.000
26c,new,26,0.000,0.000,0.000,0.000,0.000,0.000,0.000,0.000,0.000,0.000,0.000,56.000,0.000
26c,new,27,0.000,0.000,0.000,0.000,0.000,0.000,0.000,0.000,0.000,0.000,0.000,8.000,0.000
27a,new,0,0.000,0.000,0.000,0.000,0.000,0.000,0.000,0.000,0.000,0.000,0.000,0.000,0.000
27a,new,1,0.000,0.000,0.000,0.000,0.000,0.000,0.000,0.000,0.000,0.000,136.000,0.000,0.000
27a,new,2,0.000,0.000,0.000,0.000,0.000,0.000,0.000,0.000,0.000,0.000,128.000,0.000,0.000
27a,new,3,0.000,0.000,0.000,0.000,0.000,0.000,0.000,0.000,0.000,0.000,115.000,1.000,0.000
27a,new,4,0.000,0.000,0.000,0.000,0.000,0.000,0.000,0.000,0.000,0.000,0.000,0.000,0.000
27a,new,5,0.000,0.000,0.000,0.000,0.000,0.000,0.000,0.000,0.000,0.000,133.000,0.000,0.000
27a,new,6,0.000,0.000,0.000,0.000,0.000,0.000,0.000,0.000,0.000,0.000,121.000,0.000,0.000
27a,new,7,0.000,0.000,0.000,0.000,0.000,0.000,0.000,0.000,0.000,0.000,124.000,1.000,0.000
27a,new,8,0.000,0.000,0.000,0.000,0.000,0.000,0.000,0.000,0.000,0.000,112.000,0.000,0.000
27a,new,9,0.000,0.000,0.000,0.000,0.000,0.000,0.000,0.000,0.000,0.000,122.000,0.000,0.000
27a,new,10,0.000,0.000,0.000,0.000,0.000,0.000,0.000,0.000,0.000,0.000,0.000,0.000,0.000
27a,new,11,0.000,0.000,0.000,0.000,0.000,0.000,0.000,0.000,0.000,0.000,0.000,0.000,0.000
27a,new,12,0.000,0.000,0.000,0.000,0.000,0.000,0.000,0.000,0.000,0.000,0.000,0.000,0.000
27a,new,13,0.000,0.000,0.000,0.000,0.000,0.000,0.000,0.000,0.000,0.000,0.000,0.000,0.000
27a,new,14,0.000,0.000,0.000,0.000,0.000,0.000,0.000,0.000,0.000,0.000,0.000,0.000,0.000
27a,new,15,0.000,0.000,0.000,0.000,0.000,0.000,0.000,0.000,0.000,0.000,0.000,0.000,0.000
27a,new,16,0.000,0.000,0.000,0.000,0.000,0.000,0.000,0.000,0.000,0.000,0.000,1.000,0.000
27a,new,17,0.000,0.000,0.000,0.000,0.000,0.000,0.000,0.000,0.000,0.000,0.000,0.000,0.000
27a,new,18,0.000,0.000,0.000,0.000,0.000,0.000,0.000,0.000,0.000,0.000,0.000,0.000,0.000
27a,new,19,0.000,0.000,0.000,0.000,0.000,0.000,0.000,0.000,0.000,0.000,0.000,0.000,0.000
27a,new,20,0.000,0.000,0.000,0.000,0.000,0.000,0.000,0.000,0.000,0.000,0.000,0.000,0.000
27a,new,21,0.000,0.000,0.000,0.000,0.000,0.000,0.000,0.000,0.000,0.000,0.000,0.000,0.000
27a,new,22,0.000,0.000,0.000,0.000,0.000,0.000,0.000,0.000,0.000,0.000,0.000,0.000,0.000
27a,new,23,0.000,0.000,0.000,0.000,0.000,0.000,0.000,0.000,0.000,0.000,0.000,0.000,0.000
27a,new,24,0.000,0.000,0.000,0.000,0.000,0.000,0.000,0.000,0.000,0.000,0.000,0.000,0.000
27a,new,25,0.000,0.000,0.000,0.000,0.000,0.000,0.000,0.000,0.000,0.000,0.000,3.000,0.000
27a,new,26,0.000,0.000,0.000,0.000,0.000,0.000,0.000,0.000,0.000,0.000,0.000,0.000,0.000
27a,new,27,0.000,0.000,0.000,0.000,0.000,0.000,0.000,0.000,0.000,0.000,0.000,0.000,0.000
27b,new,0,0.000,0.000,0.000,0.000,0.000,0.000,0.000,0.000,0.000,0.000,0.000,0.000,0.000
27b,new,1,0.000,0.000,0.000,0.000,0.000,0.000,0.000,0.000,0.000,0.000,115.000,0.000,0.000
27b,new,2,0.000,0.000,0.000,0.000,0.000,0.000,0.000,0.000,0.000,0.000,104.000,0.000,0.000
27b,new,3,0.000,0.000,0.000,0.000,0.000,0.000,0.000,0.000,0.000,0.000,109.000,1.000,0.000
27b,new,4,0.000,0.000,0.000,0.000,0.000,0.000,0.000,0.000,0.000,0.000,0.000,0.000,0.000
27b,new,5,0.000,0.000,0.000,0.000,0.000,0.000,0.000,0.000,0.000,0.000,0.000,0.000,0.000
27b,new,6,0.000,0.000,0.000,0.000,0.000,0.000,0.000,0.000,0.000,0.000,116.000,0.000,0.000
27b,new,7,0.000,0.000,0.000,0.000,0.000,0.000,0.000,0.000,0.000,0.000,120.000,0.000,0.000
27b,new,8,0.000,0.000,0.000,0.000,0.000,0.000,0.000,0.000,0.000,0.000,116.000,0.000,0.000
27b,new,9,0.000,0.000,0.000,0.000,0.000,0.000,0.000,0.000,0.000,0.000,110.000,0.000,0.000
27b,new,10,0.000,0.000,0.000,0.000,0.000,0.000,0.000,0.000,0.000,0.000,0.000,0.000,0.000
27b,new,11,0.000,0.000,0.000,0.000,0.000,0.000,0.000,0.000,0.000,0.000,0.000,0.000,0.000
27b,new,12,0.000,0.000,0.000,0.000,0.000,0.000,0.000,0.000,0.000,0.000,0.000,0.000,0.000
27b,new,13,0.000,0.000,0.000,0.000,0.000,0.000,0.000,0.000,0.000,0.000,0.000,0.000,0.000
27b,new,14,0.000,0.000,0.000,0.000,0.000,0.000,0.000,0.000,0.000,0.000,0.000,0.000,0.000
27b,new,15,0.000,0.000,0.000,0.000,0.000,0.000,0.000,0.000,0.000,0.000,0.000,0.000,0.000
27b,new,16,0.000,0.000,0.000,0.000,0.000,0.000,0.000,0.000,0.000,0.000,0.000,0.000,0.000
27b,new,17,0.000,0.000,0.000,0.000,0.000,0.000,0.000,0.000,0.000,0.000,0.000,0.000,0.000
27b,new,18,0.000,0.000,0.000,0.000,0.000,0.000,0.000,0.000,0.000,0.000,0.000,2.000,0.000
27b,new,19,0.000,0.000,0.000,0.000,0.000,0.000,0.000,0.000,0.000,0.000,0.000,0.000,0.000
27b,new,20,0.000,0.000,0.000,0.000,0.000,0.000,0.000,0.000,0.000,0.000,0.000,0.000,0.000
27b,new,21,0.000,0.000,0.000,0.000,0.000,0.000,0.000,0.000,0.000,0.000,0.000,0.000,0.000
27b,new,22,0.000,0.000,0.000,0.000,0.000,0.000,0.000,0.000,0.000,0.000,0.000,0.000,0.000
27b,new,23,0.000,0.000,0.000,0.000,0.000,0.000,0.000,0.000,0.000,0.000,0.000,0.000,0.000
27b,new,24,0.000,0.000,0.000,0.000,0.000,0.000,0.000,0.000,0.000,0.000,0.000,0.000,0.000
27b,new,25,0.000,0.000,0.000,0.000,0.000,0.000,0.000,0.000,0.000,0.000,0.000,0.000,0.000
27b,new,26,0.000,0.000,0.000,0.000,0.000,0.000,0.000,0.000,0.000,0.000,0.000,0.000,0.000
27b,new,27,0.000,0.000,0.000,0.000,0.000,0.000,0.000,0.000,0.000,0.000,0.000,0.000,0.000
27c,new,0,0.000,0.000,0.000,0.000,0.000,0.000,0.000,0.000,0.000,0.000,0.000,0.000,0.000
27c,new,1,0.000,0.000,0.000,0.000,0.000,0.000,0.000,0.000,0.000,0.000,130.000,0.000,0.000
27c,new,2,0.000,0.000,0.000,0.000,0.000,0.000,0.000,0.000,0.000,0.000,137.000,0.000,0.000
27c,new,3,0.000,0.000,0.000,0.000,0.000,0.000,0.000,0.000,0.000,0.000,137.000,0.000,0.000
27c,new,4,0.000,0.000,0.000,0.000,0.000,0.000,0.000,0.000,0.000,0.000,0.000,0.000,0.000
27c,new,5,0.000,0.000,0.000,0.000,0.000,0.000,0.000,0.000,0.000,0.000,0.000,1.000,0.000
27c,new,6,0.000,0.000,0.000,0.000,0.000,0.000,0.000,0.000,0.000,0.000,109.000,1.000,0.000
27c,new,7,0.000,0.000,0.000,0.000,0.000,0.000,0.000,0.000,0.000,0.000,113.000,5.000,0.000
27c,new,8,0.000,0.000,0.000,0.000,0.000,0.000,0.000,0.000,0.000,0.000,129.000,0.000,0.000
27c,new,9,0.000,0.000,0.000,0.000,0.000,0.000,0.000,0.000,0.000,0.000,114.000,0.000,0.000
27c,new,10,0.000,0.000,0.000,0.000,0.000,0.000,0.000,0.000,0.000,0.000,0.000,0.000,0.000
27c,new,11,0.000,0.000,0.000,0.000,0.000,0.000,0.000,0.000,0.000,0.000,0.000,0.000,0.000
27c,new,12,0.000,0.000,0.000,0.000,0.000,0.000,0.000,0.000,0.000,0.000,0.000,0.000,0.000
27c,new,13,0.000,0.000,0.000,0.000,0.000,0.000,0.000,0.000,0.000,0.000,0.000,0.000,0.000
27c,new,14,0.000,0.000,0.000,0.000,0.000,0.000,0.000,0.000,0.000,0.000,0.000,2.000,0.000
27c,new,15,0.000,0.000,0.000,0.000,0.000,0.000,0.000,0.000,0.000,0.000,0.000,1.000,0.000
27c,new,16,0.000,0.000,0.000,0.000,0.000,0.000,0.000,0.000,0.000,0.000,0.000,2.000,0.000
27c,new,17,0.000,0.000,0.000,0.000,0.000,0.000,0.000,0.000,0.000,0.000,0.000,0.000,0.000
27c,new,18,0.000,0.000,0.000,0.000,0.000,0.000,0.000,0.000,0.000,0.000,0.000,0.000,0.000
27c,new,19,0.000,0.000,0.000,0.000,0.000,0.000,0.000,0.000,0.000,0.000,0.000,0.000,0.000
27c,new,20,0.000,0.000,0.000,0.000,0.000,0.000,0.000,0.000,0.000,0.000,0.000,0.000,0.000
27c,new,21,0.000,0.000,0.000,0.000,0.000,0.000,0.000,0.000,0.000,0.000,0.000,0.000,0.000
27c,new,22,0.000,0.000,0.000,0.000,0.000,0.000,0.000,0.000,0.000,0.000,0.000,0.000,0.000
27c,new,23,0.000,0.000,0.000,0.000,0.000,0.000,0.000,0.000,0.000,0.000,0.000,1.000,0.000
27c,new,24,0.000,0.000,0.000,0.000,0.000,0.000,0.000,0.000,0.000,0.000,0.000,3.000,0.000
27c,new,25,0.000,0.000,0.000,0.000,0.000,0.000,0.000,0.000,0.000,0.000,0.000,5.000,0.000
27c,new,26,0.000,0.000,0.000,0.000,0.000,0.000,0.000,0.000,0.000,0.000,0.000,0.000,0.000
27c,new,27,0.000,0.000,0.000,0.000,0.000,0.000,0.000,0.000,0.000,0.000,0.000,0.000,0.000
28a,new,0,0.000,0.000,0.000,0.000,0.000,0.000,0.000,0.000,0.000,0.000,0.000,0.000,0.000
28a,new,1,0.000,0.000,0.000,0.000,0.000,0.000,0.000,0.000,0.000,0.000,121.000,0.000,0.000
28a,new,2,0.000,0.000,0.000,0.000,0.000,0.000,0.000,0.000,0.000,0.000,0.000,0.000,0.000
28a,new,3,0.000,0.000,0.000,0.000,0.000,0.000,0.000,0.000,0.000,0.000,0.000,0.000,0.000
28a,new,4,0.000,0.000,0.000,0.000,0.000,0.000,0.000,0.000,0.000,0.000,0.000,0.000,0.000
28a,new,5,0.000,0.000,0.000,0.000,1.000,2.000,0.000,1.000,0.000,0.000,0.000,9.000,0.000
28a,new,6,0.000,0.000,0.000,0.000,0.000,0.000,0.000,0.000,0.000,0.000,0.000,0.000,0.000
28a,new,7,0.000,0.000,0.000,0.000,0.000,0.000,0.000,0.000,0.000,0.000,165.000,1.000,0.000
28a,new,8,0.000,0.000,0.000,0.000,0.000,0.000,0.000,0.000,0.000,0.000,124.000,0.000,0.000
28a,new,9,0.000,0.000,0.000,0.000,0.000,0.000,0.000,0.000,0.000,0.000,114.000,2.000,0.000
28a,new,10,0.000,0.000,0.000,0.000,0.000,0.000,0.000,0.000,0.000,0.000,108.000,2.000,0.000
28a,new,11,0.000,0.000,0.000,0.000,0.000,0.000,0.000,0.000,0.000,0.000,114.000,0.000,0.000
28a,new,12,0.000,0.000,0.000,0.000,0.000,0.000,0.000,0.000,0.000,0.000,0.000,0.000,0.000
28a,new,13,0.000,0.000,0.000,0.000,0.000,0.000,0.000,0.000,0.000,0.000,0.000,0.000,0.000
28a,new,14,0.000,0.000,0.000,0.000,0.000,0.000,0.000,0.000,0.000,0.000,0.000,0.000,0.000
28a,new,15,0.000,0.000,0.000,0.000,0.000,0.000,0.000,0.000,0.000,0.000,0.000,0.000,0.000
28a,new,16,0.000,0.000,0.000,0.000,0.000,2.000,0.000,1.000,0.000,0.000,0.000,3.000,0.000
28a,new,17,0.000,0.000,0.000,0.000,0.000,0.000,0.000,0.000,0.000,0.000,0.000,0.000,0.000
28a,new,18,0.000,0.000,0.000,0.000,0.000,0.000,0.000,0.000,0.000,0.000,0.000,5.000,0.000
28a,new,19,0.000,0.000,0.000,0.000,0.000,0.000,0.000,0.000,0.000,0.000,0.000,2.000,0.000
28a,new,20,0.000,0.000,0.000,0.000,0.000,0.000,0.000,0.000,0.000,0.000,0.000,2.000,0.000
28a,new,21,0.000,0.000,0.000,0.000,0.000,0.000,0.000,0.000,0.000,0.000,0.000,5.000,0.000
28a,new,22,0.000,0.000,0.000,0.000,0.000,0.000,0.000,0.000,0.000,0.000,0.000,0.000,0.000
28a,new,23,0.000,0.000,0.000,0.000,0.000,0.000,0.000,0.000,0.000,0.000,0.000,0.000,0.000
28a,new,24,0.000,0.000,0.000,0.000,0.000,0.000,0.000,0.000,0.000,0.000,0.000,0.000,0.000
28a,new,25,0.000,0.000,0.000,0.000,0.000,0.000,0.000,0.000,0.000,0.000,0.000,0.000,0.000
28a,new,26,0.000,0.000,0.000,0.000,0.000,0.000,0.000,0.000,0.000,0.000,0.000,0.000,0.000
28a,new,27,0.000,0.000,0.000,0.000,0.000,2.000,0.000,1.000,0.000,0.000,0.000,3.000,0.000
28a,new,28,0.000,0.000,0.000,0.000,0.000,0.000,0.000,0.000,0.000,0.000,0.000,0.000,0.000
28a,new,29,0.000,0.000,0.000,0.000,0.000,0.000,0.000,0.000,0.000,0.000,0.000,2.000,0.000
28a,new,30,0.000,0.000,0.000,0.000,0.000,0.000,0.000,0.000,0.000,0.000,0.000,2.000,0.000
28a,new,31,0.000,0.000,0.000,0.000,0.000,0.000,0.000,0.000,0.000,0.000,0.000,2.000,0.000
28a,new,32,0.000,0.000,0.000,0.000,0.000,0.000,0.000,0.000,0.000,0.000,0.000,7.000,0.000
28a,new,33,0.000,0.000,0.000,0.000,0.000,0.000,0.000,0.000,0.000,0.000,0.000,0.000,0.000
28b,new,0,0.000,0.000,0.000,0.000,0.000,0.000,0.000,0.000,0.000,0.000,0.000,0.000,0.000
28b,new,1,0.000,0.000,0.000,0.000,0.000,0.000,0.000,0.000,0.000,0.000,126.000,0.000,0.000
28b,new,2,0.000,0.000,0.000,0.000,0.000,0.000,0.000,0.000,0.000,0.000,0.000,0.000,0.000
28b,new,3,0.000,0.000,0.000,0.000,0.000,0.000,0.000,0.000,0.000,0.000,0.000,0.000,0.000
28b,new,4,0.000,0.000,0.000,0.000,0.000,0.000,0.000,0.000,0.000,0.000,0.000,0.000,0.000
28b,new,5,0.000,0.000,0.000,0.000,1.000,2.000,0.000,1.000,0.000,0.000,0.000,5.000,0.000
28b,new,6,0.000,0.000,0.000,0.000,0.000,0.000,0.000,0.000,0.000,0.000,0.000,0.000,0.000
28b,new,7,0.000,0.000,0.000,0.000,0.000,0.000,0.000,0.000,0.000,0.000,0.000,0.000,0.000
28b,new,8,0.000,0.000,0.000,0.000,0.000,0.000,0.000,0.000,0.000,0.000,108.000,0.000,0.000
28b,new,9,0.000,0.000,0.000,0.000,0.000,0.000,0.000,0.000,0.000,0.000,142.000,0.000,0.000
28b,new,10,0.000,0.000,0.000,0.000,0.000,0.000,0.000,0.000,0.000,0.000,110.000,3.000,0.000
28b,new,11,0.000,0.000,0.000,0.000,0.000,0.000,0.000,0.000,0.000,0.000,111.000,0.000,0.000
28b,new,12,0.000,0.000,0.000,0.000,0.000,0.000,0.000,0.000,0.000,0.000,0.000,0.000,0.000
28b,new,13,0.000,0.000,0.000,0.000,0.000,0.000,0.000,0.000,0.000,0.000,0.000,0.000,0.000
28b,new,14,0.000,0.000,0.000,0.000,0.000,0.000,0.000,0.000,0.000,0.000,0.000,0.000,0.000
28b,new,15,0.000,0.000,0.000,0.000,0.000,0.000,0.000,0.000,0.000,0.000,0.000,0.000,0.000
28b,new,16,0.000,0.000,0.000,0.000,0.000,3.000,0.000,2.000,0.000,0.000,0.000,4.000,0.000
28b,new,17,0.000,0.000,0.000,0.000,0.000,0.000,0.000,0.000,0.000,0.000,0.000,0.000,0.000
28b,new,18,0.000,0.000,0.000,0.000,0.000,0.000,0.000,0.000,0.000,0.000,0.000,0.000,0.000
28b,new,19,0.000,0.000,0.000,0.000,0.000,0.000,0.000,0.000,0.000,0.000,0.000,0.000,0.000
28b,new,20,0.000,0.000,0.000,0.000,0.000,0.000,0.000,0.000,0.000,0.000,0.000,0.000,0.000
28b,new,21,0.000,0.000,0.000,0.000,0.000,0.000,0.000,0.000,0.000,0.000,0.000,4.000,0.000
28b,new,22,0.000,0.000,0.000,0.000,0.000,0.000,0.000,0.000,0.000,0.000,0.000,0.000,0.000
28b,new,23,0.000,0.000,0.000,0.000,0.000,0.000,0.000,0.000,0.000,0.000,0.000,0.000,0.000
28b,new,24,0.000,0.000,0.000,0.000,0.000,0.000,0.000,0.000,0.000,0.000,0.000,0.000,0.000
28b,new,25,0.000,0.000,0.000,0.000,0.000,0.000,0.000,0.000,0.000,0.000,0.000,0.000,0.000
28b,new,26,0.000,0.000,0.000,0.000,0.000,0.000,0.000,0.000,0.000,0.000,0.000,0.000,0.000
28b,new,27,0.000,0.000,0.000,0.000,0.000,2.000,0.000,1.000,0.000,0.000,0.000,3.000,0.000
28b,new,28,0.000,0.000,0.000,0.000,0.000,0.000,0.000,0.000,0.000,0.000,0.000,0.000,0.000
28b,new,29,0.000,0.000,0.000,0.000,0.000,0.000,0.000,0.000,0.000,0.000,0.000,0.000,0.000
28b,new,30,0.000,0.000,0.000,0.000,0.000,0.000,0.000,0.000,0.000,0.000,0.000,0.000,0.000
28b,new,31,0.000,0.000,0.000,0.000,0.000,0.000,0.000,0.000,0.000,0.000,0.000,0.000,0.000
28b,new,32,0.000,0.000,0.000,0.000,0.000,0.000,0.000,0.000,0.000,0.000,0.000,1.000,0.000
28b,new,33,0.000,0.000,0.000,0.000,0.000,0.000,0.000,0.000,0.000,0.000,0.000,0.000,0.000
28c,new,0,0.000,0.000,0.000,0.000,0.000,0.000,0.000,0.000,0.000,0.000,0.000,0.000,0.000
28c,new,1,0.000,0.000,0.000,0.000,0.000,0.000,0.000,0.000,0.000,0.000,151.000,0.000,0.000
28c,new,2,0.000,0.000,0.000,0.000,0.000,0.000,0.000,0.000,0.000,0.000,0.000,0.000,0.000
28c,new,3,0.000,0.000,0.000,0.000,0.000,0.000,0.000,0.000,0.000,0.000,0.000,0.000,0.000
28c,new,4,0.000,0.000,0.000,0.000,1.000,3.000,0.000,1.000,0.000,0.000,0.000,6.000,0.000
28c,new,5,0.000,0.000,0.000,0.000,0.000,0.000,0.000,0.000,0.000,0.000,0.000,0.000,0.000
28c,new,6,0.000,0.000,0.000,0.000,0.000,0.000,0.000,0.000,0.000,0.000,163.000,2.000,0.000
28c,new,7,0.000,0.000,0.000,0.000,0.000,0.000,0.000,0.000,0.000,0.000,113.000,1.000,0.000
28c,new,8,0.000,0.000,0.000,0.000,0.000,0.000,0.000,0.000,0.000,0.000,112.000,1.000,0.000
28c,new,9,0.000,0.000,0.000,0.000,0.000,0.000,0.000,0.000,0.000,0.000,116.000,3.000,0.000
28c,new,10,0.000,0.000,0.000,0.000,0.000,0.000,0.000,0.000,0.000,0.000,112.000,0.000,0.000
28c,new,11,0.000,0.000,0.000,0.000,0.000,0.000,0.000,0.000,0.000,0.000,0.000,0.000,0.000
28c,new,12,0.000,0.000,0.000,0.000,0.000,0.000,0.000,0.000,0.000,0.000,0.000,0.000,0.000
28c,new,13,0.000,0.000,0.000,0.000,0.000,0.000,0.000,0.000,0.000,0.000,0.000,0.000,0.000
28c,new,14,0.000,0.000,0.000,0.000,0.000,2.000,0.000,1.000,0.000,0.000,0.000,6.000,0.000
28c,new,15,0.000,0.000,0.000,0.000,0.000,0.000,0.000,0.000,0.000,0.000,0.000,0.000,0.000
28c,new,16,0.000,0.000,0.000,0.000,0.000,0.000,0.000,0.000,0.000,0.000,0.000,5.000,0.000
28c,new,17,0.000,0.000,0.000,0.000,0.000,0.000,0.000,0.000,0.000,0.000,0.000,5.000,0.000
28c,new,18,0.000,0.000,0.000,0.000,0.000,0.000,0.000,0.000,0.000,0.000,0.000,2.000,0.000
28c,new,19,0.000,0.000,0.000,0.000,0.000,0.000,0.000,0.000,0.000,0.000,0.000,4.000,0.000
28c,new,20,0.000,0.000,0.000,0.000,0.000,0.000,0.000,0.000,0.000,0.000,0.000,1.000,0.000
28c,new,21,0.000,0.000,0.000,0.000,0.000,0.000,0.000,0.000,0.000,0.000,0.000,0.000,0.000
28c,new,22,0.000,0.000,0.000,0.000,0.000,0.000,0.000,0.000,0.000,0.000,0.000,0.000,0.000
28c,new,23,0.000,0.000,0.000,0.000,0.000,0.000,0.000,0.000,0.000,0.000,0.000,0.000,0.000
28c,new,24,0.000,0.000,0.000,0.000,0.000,2.000,0.000,1.000,0.000,0.000,0.000,6.000,0.000
28c,new,25,0.000,0.000,0.000,0.000,2.000,2.000,0.000,0.000,0.000,0.000,0.000,2.000,0.000
28c,new,26,0.000,0.000,0.000,0.000,0.000,0.000,0.000,0.000,0.000,0.000,0.000,2.000,0.000
28c,new,27,0.000,0.000,0.000,0.000,0.000,0.000,0.000,0.000,0.000,0.000,0.000,6.000,0.000
28c,new,28,0.000,0.000,0.000,0.000,0.000,0.000,0.000,0.000,0.000,0.000,0.000,1.000,0.000
28c,new,29,0.000,0.000,0.000,0.000,0.000,0.000,0.000,0.000,0.000,0.000,0.000,2.000,0.000
28c,new,30,0.000,0.000,0.000,0.000,0.000,0.000,0.000,0.000,0.000,0.000,0.000,0.000,0.000
29a,new,0,0.000,0.000,0.000,0.000,0.000,0.000,0.000,0.000,0.000,0.000,0.000,0.000,0.000
29a,new,1,0.000,0.000,0.000,0.000,0.000,0.000,0.000,0.000,0.000,0.000,133.000,0.000,0.000
29a,new,2,0.000,0.000,0.000,0.000,0.000,0.000,0.000,0.000,0.000,0.000,121.000,0.000,0.000
29a,new,3,0.000,0.000,0.000,0.000,0.000,0.000,0.000,0.000,0.000,0.000,139.000,0.000,0.000
29a,new,4,0.000,0.000,0.000,0.000,0.000,0.000,0.000,0.000,0.000,0.000,118.000,0.000,0.000
29a,new,5,0.000,0.000,0.000,0.000,0.000,0.000,0.000,0.000,0.000,0.000,0.000,0.000,0.000
29a,new,6,0.000,0.000,0.000,0.000,0.000,0.000,0.000,0.000,0.000,0.000,130.000,0.000,0.000
29a,new,7,0.000,0.000,0.000,0.000,0.000,0.000,0.000,0.000,0.000,0.000,114.000,0.000,0.000
29a,new,8,0.000,0.000,0.000,0.000,0.000,0.000,0.000,0.000,0.000,0.000,0.000,0.000,0.000
29a,new,9,0.000,0.000,0.000,0.000,0.000,0.000,0.000,0.000,0.000,0.000,130.000,0.000,0.000
29a,new,10,0.000,0.000,0.000,0.000,0.000,0.000,0.000,0.000,0.000,0.000,131.000,0.000,0.000
29a,new,11,0.000,0.000,0.000,0.000,0.000,0.000,0.000,0.000,0.000,0.000,0.000,0.000,0.000
29a,new,12,0.000,0.000,0.000,0.000,0.000,0.000,0.000,0.000,0.000,0.000,0.000,0.000,0.000
29a,new,13,0.000,0.000,0.000,0.000,0.000,0.000,0.000,0.000,0.000,0.000,0.000,0.000,0.000
29a,new,14,0.000,0.000,0.000,0.000,0.000,0.000,0.000,0.000,0.000,0.000,0.000,0.000,0.000
29a,new,15,0.000,0.000,0.000,0.000,0.000,0.000,0.000,0.000,0.000,0.000,0.000,0.000,0.000
29a,new,16,0.000,0.000,0.000,0.000,0.000,0.000,0.000,0.000,0.000,0.000,0.000,0.000,0.000
29a,new,17,0.000,0.000,0.000,0.000,0.000,0.000,0.000,0.000,0.000,0.000,0.000,0.000,0.000
29a,new,18,0.000,0.000,0.000,0.000,0.000,0.000,0.000,0.000,0.000,0.000,0.000,0.000,0.000
29a,new,19,0.000,0.000,0.000,0.000,0.000,0.000,0.000,0.000,0.000,0.000,0.000,0.000,0.000
29a,new,20,0.000,0.000,0.000,0.000,0.000,0.000,0.000,0.000,0.000,0.000,0.000,0.000,0.000
29a,new,21,0.000,0.000,0.000,0.000,0.000,0.000,0.000,0.000,0.000,0.000,0.000,0.000,0.000
29a,new,22,0.000,0.000,0.000,0.000,0.000,0.000,0.000,0.000,0.000,0.000,0.000,0.000,0.000
29a,new,23,0.000,0.000,0.000,0.000,0.000,0.000,0.000,0.000,0.000,0.000,0.000,0.000,0.000
29a,new,24,0.000,0.000,0.000,0.000,0.000,0.000,0.000,0.000,0.000,0.000,0.000,0.000,0.000
29a,new,25,0.000,0.000,0.000,0.000,0.000,0.000,0.000,0.000,0.000,0.000,0.000,0.000,0.000
29a,new,26,0.000,0.000,0.000,0.000,0.000,0.000,0.000,0.000,0.000,0.000,0.000,1.000,0.000
29a,new,27,0.000,0.000,0.000,0.000,0.000,0.000,0.000,0.000,0.000,0.000,0.000,1.000,0.000
29a,new,28,0.000,0.000,0.000,0.000,0.000,0.000,0.000,0.000,0.000,0.000,0.000,0.000,0.000
29a,new,29,0.000,0.000,0.000,0.000,0.000,0.000,0.000,0.000,0.000,0.000,0.000,0.000,0.000
29a,new,30,0.000,0.000,0.000,0.000,0.000,0.000,0.000,0.000,0.000,0.000,0.000,0.000,0.000
29b,new,0,0.000,0.000,0.000,0.000,0.000,0.000,0.000,0.000,0.000,0.000,0.000,0.000,0.000
29b,new,1,0.000,0.000,0.000,0.000,0.000,0.000,0.000,0.000,0.000,0.000,138.000,0.000,0.000
29b,new,2,0.000,0.000,0.000,0.000,0.000,0.000,0.000,0.000,0.000,0.000,117.000,0.000,0.000
29b,new,3,0.000,0.000,0.000,0.000,0.000,0.000,0.000,0.000,0.000,0.000,141.000,0.000,0.000
29b,new,4,0.000,0.000,0.000,0.000,0.000,0.000,0.000,0.000,0.000,0.000,0.000,0.000,0.000
29b,new,5,0.000,0.000,0.000,0.000,0.000,0.000,0.000,0.000,0.000,0.000,0.000,0.000,0.000
29b,new,6,0.000,0.000,0.000,0.000,0.000,0.000,0.000,0.000,0.000,0.000,124.000,0.000,0.000
29b,new,7,0.000,0.000,0.000,0.000,0.000,0.000,0.000,0.000,0.000,0.000,136.000,0.000,0.000
29b,new,8,0.000,0.000,0.000,0.000,0.000,0.000,0.000,0.000,0.000,0.000,0.000,0.000,0.000
29b,new,9,0.000,0.000,0.000,0.000,0.000,0.000,0.000,0.000,0.000,0.000,125.000,0.000,0.000
29b,new,10,0.000,0.000,0.000,0.000,0.000,0.000,0.000,0.000,0.000,0.000,140.000,0.000,0.000
29b,new,11,0.000,0.000,0.000,0.000,0.000,0.000,0.000,0.000,0.000,0.000,0.000,0.000,0.000
29b,new,12,0.000,0.000,0.000,0.000,0.000,0.000,0.000,0.000,0.000,0.000,0.000,0.000,0.000
29b,new,13,0.000,0.000,0.000,0.000,0.000,0.000,0.000,0.000,0.000,0.000,0.000,0.000,0.000
29b,new,14,0.000,0.000,0.000,0.000,0.000,0.000,0.000,0.000,0.000,0.000,0.000,0.000,0.000
29b,new,15,0.000,0.000,0.000,0.000,0.000,0.000,0.000,0.000,0.000,0.000,0.000,0.000,0.000
29b,new,16,0.000,0.000,0.000,0.000,0.000,0.000,0.000,0.000,0.000,0.000,0.000,0.000,0.000
29b,new,17,0.000,0.000,0.000,0.000,0.000,0.000,0.000,0.000,0.000,0.000,0.000,0.000,0.000
29b,new,18,0.000,0.000,0.000,0.000,0.000,0.000,0.000,0.000,0.000,0.000,0.000,3.000,0.000
29b,new,19,0.000,0.000,0.000,0.000,0.000,0.000,0.000,0.000,0.000,0.000,0.000,1.000,0.000
29b,new,20,0.000,0.000,0.000,0.000,0.000,0.000,0.000,0.000,0.000,0.000,0.000,0.000,0.000
29b,new,21,0.000,0.000,0.000,0.000,0.000,0.000,0.000,0.000,0.000,0.000,0.000,0.000,0.000
29b,new,22,0.000,0.000,0.000,0.000,0.000,0.000,0.000,0.000,0.000,0.000,0.000,0.000,0.000
29b,new,23,0.000,0.000,0.000,0.000,0.000,0.000,0.000,0.000,0.000,0.000,0.000,0.000,0.000
29b,new,24,0.000,0.000,0.000,0.000,0.000,0.000,0.000,0.000,0.000,0.000,0.000,0.000,0.000
29b,new,25,0.000,0.000,0.000,0.000,0.000,0.000,0.000,0.000,0.000,0.000,0.000,0.000,0.000
29b,new,26,0.000,0.000,0.000,0.000,0.000,0.000,0.000,0.000,0.000,0.000,0.000,0.000,0.000
29b,new,27,0.000,0.000,0.000,0.000,0.000,0.000,0.000,0.000,0.000,0.000,0.000,0.000,0.000
29b,new,28,0.000,0.000,0.000,0.000,0.000,0.000,0.000,0.000,0.000,0.000,0.000,0.000,0.000
29b,new,29,0.000,0.000,0.000,0.000,0.000,0.000,0.000,0.000,0.000,0.000,0.000,1.000,0.000
29b,new,30,0.000,0.000,0.000,0.000,0.000,0.000,0.000,0.000,0.000,0.000,0.000,0.000,0.000
29c,new,0,0.000,0.000,0.000,0.000,0.000,0.000,0.000,0.000,0.000,0.000,0.000,0.000,0.000
29c,new,1,0.000,0.000,0.000,0.000,0.000,1.000,0.000,0.000,0.000,0.000,153.000,2.000,0.000
29c,new,2,0.000,0.000,0.000,0.000,0.000,0.000,0.000,0.000,0.000,0.000,0.000,1.000,0.000
29c,new,3,0.000,0.000,0.000,0.000,0.000,0.000,0.000,0.000,0.000,0.000,127.000,0.000,0.000
29c,new,4,0.000,0.000,0.000,0.000,0.000,0.000,0.000,0.000,0.000,0.000,103.000,1.000,0.000
29c,new,5,0.000,0.000,0.000,0.000,0.000,0.000,0.000,0.000,0.000,0.000,104.000,2.000,0.000
29c,new,6,0.000,0.000,0.000,0.000,0.000,0.000,0.000,0.000,0.000,0.000,124.000,1.000,0.000
29c,new,7,0.000,0.000,0.000,0.000,1.000,3.000,0.000,1.000,0.000,0.000,0.000,3.000,0.000
29c,new,8,0.000,0.000,0.000,0.000,0.000,0.000,0.000,0.000,0.000,0.000,0.000,1.000,0.000
29c,new,9,0.000,0.000,0.000,0.000,0.000,0.000,0.000,0.000,0.000,0.000,119.000,0.000,0.000
29c,new,10,0.000,0.000,0.000,0.000,0.000,0.000,0.000,0.000,0.000,0.000,108.000,4.000,0.000
29c,new,11,0.000,0.000,0.000,0.000,0.000,0.000,0.000,0.000,0.000,0.000,129.000,5.000,0.000
29c,new,12,0.000,0.000,0.000,0.000,3.000,4.000,0.000,0.000,0.000,0.000,0.000,4.000,0.000
29c,new,13,0.000,0.000,0.000,0.000,0.000,0.000,0.000,0.000,0.000,0.000,0.000,0.000,0.000
29c,new,14,0.000,0.000,0.000,0.000,0.000,0.000,0.000,0.000,0.000,0.000,0.000,0.000,0.000
29c,new,15,0.000,0.000,0.000,0.000,0.000,0.000,0.000,0.000,0.000,0.000,0.000,1.000,0.000
29c,new,16,0.000,0.000,0.000,0.000,0.000,0.000,0.000,0.000,0.000,0.000,0.000,6.000,0.000
29c,new,17,0.000,0.000,0.000,0.000,0.000,0.000,0.000,0.000,0.000,0.000,0.000,1.000,0.000
29c,new,18,0.000,0.000,0.000,0.000,2.000,6.000,0.000,3.000,0.000,0.000,0.000,6.000,0.000
29c,new,19,0.000,0.000,0.000,0.000,0.000,1.000,0.000,0.000,0.000,0.000,0.000,2.000,0.000
29c,new,20,0.000,0.000,0.000,0.000,0.000,0.000,0.000,0.000,0.000,0.000,0.000,0.000,0.000
29c,new,21,0.000,0.000,0.000,0.000,0.000,0.000,0.000,0.000,0.000,0.000,0.000,6.000,0.000
29c,new,22,0.000,0.000,0.000,0.000,0.000,0.000,0.000,0.000,0.000,0.000,0.000,6.000,0.000
29c,new,23,0.000,0.000,0.000,0.000,0.000,1.000,0.000,0.000,0.000,0.000,0.000,1.000,0.000
29c,new,24,0.000,0.000,0.000,0.000,0.000,0.000,0.000,0.000,0.000,0.000,0.000,1.000,0.000
29c,new,25,0.000,0.000,0.000,0.000,0.000,0.000,0.000,0.000,0.000,0.000,0.000,0.000,0.000
29c,new,26,0.000,0.000,0.000,0.000,0.000,0.000,0.000,0.000,0.000,0.000,0.000,2.000,0.000
29c,new,27,0.000,0.000,0.000,0.000,0.000,0.000,0.000,0.000,0.000,0.000,0.000,5.000,0.000
29c,new,28,0.000,0.000,0.000,0.000,0.000,0.000,0.000,0.000,0.000,0.000,0.000,2.000,0.000
29c,new,29,0.000,0.000,0.000,0.000,1.000,3.000,0.000,2.000,0.000,0.000,0.000,3.000,0.000
29c,new,30,0.000,0.000,0.000,0.000,0.000,0.000,0.000,0.000,0.000,0.000,0.000,2.000,0.000
29c,new,31,0.000,0.000,0.000,0.000,0.000,0.000,0.000,0.000,0.000,0.000,0.000,0.000,0.000
29c,new,32,0.000,0.000,0.000,0.000,0.000,0.000,0.000,0.000,0.000,0.000,0.000,7.000,0.000
29c,new,33,0.000,0.000,0.000,0.000,0.000,0.000,0.000,0.000,0.000,0.000,0.000,2.000,0.000
2a,new,0,0.000,0.000,0.000,0.000,0.000,0.000,0.000,0.000,0.000,0.000,0.000,0.000,0.000
2a,new,1,0.000,0.000,0.000,0.000,0.000,0.000,0.000,0.000,0.000,0.000,146.000,4.000,0.000
2a,new,2,0.000,0.000,0.000,0.000,1.000,2.000,0.000,1.000,0.000,0.000,0.000,3.000,0.000
2a,new,3,0.000,0.000,0.000,0.000,0.000,0.000,0.000,0.000,0.000,0.000,0.000,6.000,0.000
2a,new,4,0.000,0.000,0.000,0.000,0.000,0.000,0.000,0.000,0.000,0.000,125.000,3.000,0.000
2a,new,5,0.000,0.000,0.000,0.000,0.000,0.000,0.000,0.000,0.000,0.000,0.000,0.000,0.000
2a,new,6,0.000,0.000,0.000,0.000,1.000,5.000,0.000,2.000,0.000,0.000,0.000,6.000,0.000
2a,new,7,0.000,0.000,0.000,0.000,0.000,0.000,0.000,0.000,0.000,0.000,0.000,9.000,0.000
2a,new,8,0.000,0.000,0.000,0.000,0.000,0.000,0.000,0.000,0.000,0.000,0.000,3.000,0.000
2a,new,9,0.000,0.000,0.000,0.000,0.000,0.000,0.000,0.000,0.000,0.000,0.000,0.000,0.000
2a,new,10,0.000,0.000,0.000,0.000,1.000,2.000,0.000,1.000,0.000,0.000,0.000,4.000,0.000
2a,new,11,0.000,0.000,0.000,0.000,0.000,0.000,0.000,0.000,0.000,0.000,0.000,8.000,0.000
2a,new,12,0.000,0.000,0.000,0.000,0.000,0.000,0.000,0.000,0.000,0.000,0.000,3.000,0.000
2b,new,0,0.000,0.000,0.000,0.000,0.000,0.000,0.000,0.000,0.000,0.000,0.000,0.000,0.000
2b,new,1,0.000,0.000,0.000,0.000,0.000,0.000,0.000,0.000,0.000,0.000,122.000,0.000,0.000
2b,new,2,0.000,0.000,0.000,0.000,5.000,6.000,0.000,1.000,0.000,0.000,0.000,14.000,0.000
2b,new,3,0.000,0.000,0.000,0.000,0.000,0.000,0.000,0.000,0.000,0.000,0.000,10.000,0.000
2b,new,4,0.000,0.000,0.000,0.000,0.000,0.000,0.000,0.000,0.000,0.000,128.000,3.000,0.000
2b,new,5,0.000,0.000,0.000,0.000,0.000,0.000,0.000,0.000,0.000,0.000,0.000,0.000,0.000
2b,new,6,0.000,0.000,0.000,0.000,0.000,2.000,0.000,1.000,0.000,0.000,0.000,3.000,0.000
2b,new,7,0.000,0.000,0.000,0.000,0.000,0.000,0.000,0.000,0.000,0.000,0.000,7.000,0.000
2b,new,8,0.000,0.000,0.000,0.000,0.000,0.000,0.000,0.000,0.000,0.000,0.000,2.000,0.000
2b,new,9,0.000,0.000,0.000,0.000,0.000,0.000,0.000,0.000,0.000,0.000,0.000,0.000,0.000
2b,new,10,0.000,0.000,0.000,0.000,5.000,6.000,0.000,1.000,0.000,0.000,0.000,7.000,0.000
2b,new,11,0.000,0.000,0.000,0.000,0.000,0.000,0.000,0.000,0.000,0.000,0.000,6.000,0.000
2b,new,12,0.000,0.000,0.000,0.000,0.000,0.000,0.000,0.000,0.000,0.000,0.000,3.000,0.000
2c,new,0,0.000,0.000,0.000,0.000,0.000,0.000,0.000,0.000,0.000,0.000,0.000,0.000,0.000
2c,new,1,0.000,0.000,0.000,0.000,0.000,0.000,0.000,0.000,0.000,0.000,128.000,0.000,0.000
2c,new,2,0.000,0.000,0.000,0.000,0.000,0.000,0.000,0.000,0.000,0.000,113.000,0.000,0.000
2c,new,3,0.000,0.000,0.000,0.000,0.000,0.000,0.000,0.000,0.000,0.000,114.000,0.000,0.000
2c,new,4,0.000,0.000,0.000,0.000,0.000,0.000,0.000,0.000,0.000,0.000,0.000,0.000,0.000
2c,new,5,0.000,0.000,0.000,0.000,0.000,0.000,0.000,0.000,0.000,0.000,0.000,0.000,0.000
2c,new,6,0.000,0.000,0.000,0.000,0.000,0.000,0.000,0.000,0.000,0.000,0.000,1.000,0.000
2c,new,7,0.000,0.000,0.000,0.000,0.000,0.000,0.000,0.000,0.000,0.000,0.000,0.000,0.000
2c,new,8,0.000,0.000,0.000,0.000,0.000,0.000,0.000,0.000,0.000,0.000,0.000,0.000,0.000
2c,new,9,0.000,0.000,0.000,0.000,0.000,0.000,0.000,0.000,0.000,0.000,0.000,4.000,0.000
2d,new,0,0.000,0.000,0.000,0.000,0.000,0.000,0.000,0.000,0.000,0.000,0.000,0.000,0.000
2d,new,1,0.000,0.000,0.000,0.000,1.000,3.000,0.000,1.000,0.000,0.000,138.000,4.000,0.000
2d,new,2,0.000,0.000,0.000,0.000,4.000,9.000,0.000,5.000,0.000,0.000,111.000,16.000,0.000
2d,new,3,0.000,0.000,0.000,0.000,5.000,19.000,0.000,12.000,0.000,0.000,119.000,31.000,0.000
2d,new,4,0.000,0.000,0.000,0.000,0.000,0.000,0.000,0.000,0.000,0.000,123.000,3.000,0.000
2d,new,5,0.000,0.000,0.000,0.000,3.000,4.000,0.000,1.000,0.000,0.000,0.000,5.000,0.000
2d,new,6,0.000,0.000,0.000,0.000,5.000,13.000,0.000,5.000,1.000,0.000,0.000,19.000,0.000
2d,new,7,0.000,0.000,0.000,0.000,5.000,17.000,0.000,11.000,0.000,0.000,0.000,36.000,0.000
2d,new,8,0.000,0.000,0.000,0.000,0.000,0.000,0.000,0.000,0.000,0.000,0.000,5.000,0.000
2d,new,9,0.000,0.000,0.000,0.000,1.000,3.000,0.000,1.000,0.000,0.000,0.000,4.000,0.000
2d,new,10,0.000,0.000,0.000,0.000,6.000,13.000,0.000,6.000,0.000,0.000,0.000,24.000,0.000
2d,new,11,0.000,0.000,0.000,0.000,4.000,13.000,0.000,8.000,0.000,0.000,0.000,29.000,0.000
2d,new,12,0.000,0.000,0.000,0.000,0.000,0.000,0.000,0.000,0.000,0.000,0.000,2.000,0.000
30a,new,0,0.000,0.000,0.000,0.000,0.000,0.000,0.000,0.000,0.000,0.000,0.000,0.000,0.000
30a,new,1,0.000,0.000,0.000,0.000,0.000,0.000,0.000,0.000,0.000,0.000,122.000,0.000,0.000
30a,new,2,0.000,0.000,0.000,0.000,0.000,0.000,0.000,0.000,0.000,0.000,0.000,0.000,0.000
30a,new,3,0.000,0.000,0.000,0.000,0.000,1.000,0.000,1.000,0.000,0.000,0.000,2.000,0.000
30a,new,4,0.000,0.000,0.000,0.000,0.000,0.000,0.000,0.000,0.000,0.000,118.000,0.000,0.000
30a,new,5,0.000,0.000,0.000,0.000,0.000,0.000,0.000,0.000,0.000,0.000,0.000,1.000,0.000
30a,new,6,0.000,0.000,0.000,0.000,0.000,0.000,0.000,0.000,0.000,0.000,140.000,2.000,0.000
30a,new,7,0.000,0.000,0.000,0.000,0.000,0.000,0.000,0.000,0.000,0.000,137.000,1.000,0.000
30a,new,8,0.000,0.000,0.000,0.000,0.000,0.000,0.000,0.000,0.000,0.000,125.000,1.000,0.000
30a,new,9,0.000,0.000,0.000,0.000,0.000,0.000,0.000,0.000,0.000,0.000,115.000,1.000,0.000
30a,new,10,0.000,0.000,0.000,0.000,0.000,0.000,0.000,0.000,0.000,0.000,0.000,0.000,0.000
30a,new,11,0.000,0.000,0.000,0.000,0.000,0.000,0.000,0.000,0.000,0.000,0.000,0.000,0.000
30a,new,12,0.000,0.000,0.000,0.000,0.000,1.000,0.000,0.000,0.000,0.000,0.000,1.000,0.000
30a,new,13,0.000,0.000,0.000,0.000,0.000,0.000,0.000,0.000,0.000,0.000,0.000,0.000,0.000
30a,new,14,0.000,0.000,0.000,0.000,0.000,0.000,0.000,0.000,0.000,0.000,0.000,2.000,0.000
30a,new,15,0.000,0.000,0.000,0.000,0.000,0.000,0.000,0.000,0.000,0.000,0.000,5.000,0.000
30a,new,16,0.000,0.000,0.000,0.000,0.000,0.000,0.000,0.000,0.000,0.000,0.000,2.000,0.000
30a,new,17,0.000,0.000,0.000,0.000,0.000,0.000,0.000,0.000,0.000,0.000,0.000,1.000,0.000
30a,new,18,0.000,0.000,0.000,0.000,0.000,0.000,0.000,0.000,0.000,0.000,0.000,2.000,0.000
30a,new,19,0.000,0.000,0.000,0.000,0.000,0.000,0.000,0.000,0.000,0.000,0.000,0.000,0.000
30a,new,20,0.000,0.000,0.000,0.000,0.000,0.000,0.000,0.000,0.000,0.000,0.000,0.000,0.000
30a,new,21,0.000,0.000,0.000,0.000,0.000,1.000,0.000,1.000,0.000,0.000,0.000,1.000,0.000
30a,new,22,0.000,0.000,0.000,0.000,0.000,0.000,0.000,0.000,0.000,0.000,0.000,0.000,0.000
30a,new,23,0.000,0.000,0.000,0.000,0.000,0.000,0.000,0.000,0.000,0.000,0.000,2.000,0.000
30a,new,24,0.000,0.000,0.000,0.000,0.000,0.000,0.000,0.000,0.000,0.000,0.000,5.000,0.000
30a,new,25,0.000,0.000,0.000,0.000,0.000,0.000,0.000,0.000,0.000,0.000,0.000,1.000,0.000
30a,new,26,0.000,0.000,0.000,0.000,0.000,0.000,0.000,0.000,0.000,0.000,0.000,1.000,0.000
30a,new,27,0.000,0.000,0.000,0.000,0.000,0.000,0.000,0.000,0.000,0.000,0.000,2.000,0.000
30b,new,0,0.000,0.000,0.000,0.000,0.000,0.000,0.000,0.000,0.000,0.000,0.000,0.000,0.000
30b,new,1,0.000,0.000,0.000,0.000,0.000,0.000,0.000,0.000,0.000,0.000,127.000,0.000,0.000
30b,new,2,0.000,0.000,0.000,0.000,0.000,0.000,0.000,0.000,0.000,0.000,0.000,0.000,0.000
30b,new,3,0.000,0.000,0.000,0.000,0.000,0.000,0.000,0.000,0.000,0.000,116.000,0.000,0.000
30b,new,4,0.000,0.000,0.000,0.000,0.000,0.000,0.000,0.000,0.000,0.000,0.000,0.000,0.000
30b,new,5,0.000,0.000,0.000,0.000,0.000,0.000,0.000,0.000,0.000,0.000,121.000,0.000,0.000
30b,new,6,0.000,0.000,0.000,0.000,0.000,0.000,0.000,0.000,0.000,0.000,123.000,0.000,0.000
30b,new,7,0.000,0.000,0.000,0.000,0.000,0.000,0.000,0.000,0.000,0.000,0.000,0.000,0.000
30b,new,8,0.000,0.000,0.000,0.000,0.000,0.000,0.000,0.000,0.000,0.000,110.000,1.000,0.000
30b,new,9,0.000,0.000,0.000,0.000,0.000,0.000,0.000,0.000,0.000,0.000,116.000,0.000,0.000
30b,new,10,0.000,0.000,0.000,0.000,0.000,0.000,0.000,0.000,0.000,0.000,0.000,0.000,0.000
30b,new,11,0.000,0.000,0.000,0.000,0.000,0.000,0.000,0.000,0.000,0.000,0.000,0.000,0.000
30b,new,12,0.000,0.000,0.000,0.000,0.000,0.000,0.000,0.000,0.000,0.000,0.000,0.000,0.000
30b,new,13,0.000,0.000,0.000,0.000,0.000,0.000,0.000,0.000,0.000,0.000,0.000,0.000,0.000
30b,new,14,0.000,0.000,0.000,0.000,0.000,0.000,0.000,0.000,0.000,0.000,0.000,0.000,0.000
30b,new,15,0.000,0.000,0.000,0.000,0.000,0.000,0.000,0.000,0.000,0.000,0.000,0.000,0.000
30b,new,16,0.000,0.000,0.000,0.000,0.000,0.000,0.000,0.000,0.000,0.000,0.000,0.000,0.000
30b,new,17,0.000,0.000,0.000,0.000,0.000,0.000,0.000,0.000,0.000,0.000,0.000,3.000,0.000
30b,new,18,0.000,0.000,0.000,0.000,0.000,0.000,0.000,0.000,0.000,0.000,0.000,0.000,0.000
30b,new,19,0.000,0.000,0.000,0.000,0.000,0.000,0.000,0.000,0.000,0.000,0.000,0.000,0.000
30b,new,20,0.000,0.000,0.000,0.000,0.000,0.000,0.000,0.000,0.000,0.000,0.000,0.000,0.000
30b,new,21,0.000,0.000,0.000,0.000,0.000,0.000,0.000,0.000,0.000,0.000,0.000,0.000,0.000
30b,new,22,0.000,0.000,0.000,0.000,0.000,0.000,0.000,0.000,0.000,0.000,0.000,0.000,0.000
30b,new,23,0.000,0.000,0.000,0.000,0.000,0.000,0.000,0.000,0.000,0.000,0.000,0.000,0.000
30b,new,24,0.000,0.000,0.000,0.000,0.000,0.000,0.000,0.000,0.000,0.000,0.000,0.000,0.000
30b,new,25,0.000,0.000,0.000,0.000,0.000,0.000,0.000,0.000,0.000,0.000,0.000,0.000,0.000
30b,new,26,0.000,0.000,0.000,0.000,0.000,0.000,0.000,0.000,0.000,0.000,0.000,1.000,0.000
30b,new,27,0.000,0.000,0.000,0.000,0.000,0.000,0.000,0.000,0.000,0.000,0.000,0.000,0.000
30c,new,0,0.000,0.000,0.000,0.000,0.000,0.000,0.000,0.000,0.000,0.000,0.000,0.000,0.000
30c,new,1,0.000,0.000,0.000,0.000,0.000,0.000,0.000,0.000,0.000,0.000,120.000,0.000,0.000
30c,new,2,0.000,0.000,0.000,0.000,0.000,1.000,0.000,0.000,0.000,0.000,0.000,1.000,0.000
30c,new,3,0.000,0.000,0.000,0.000,0.000,0.000,0.000,0.000,0.000,0.000,123.000,1.000,0.000
30c,new,4,0.000,0.000,0.000,0.000,0.000,0.000,0.000,0.000,0.000,0.000,0.000,3.000,0.000
30c,new,5,0.000,0.000,0.000,0.000,0.000,0.000,0.000,0.000,0.000,0.000,0.000,7.000,0.000
30c,new,6,0.000,0.000,0.000,0.000,0.000,0.000,0.000,0.000,0.000,0.000,116.000,2.000,0.000
30c,new,7,0.000,0.000,0.000,0.000,0.000,0.000,0.000,0.000,0.000,0.000,120.000,2.000,0.000
30c,new,8,0.000,0.000,0.000,0.000,0.000,0.000,0.000,0.000,0.000,0.000,107.000,1.000,0.000
30c,new,9,0.000,0.000,0.000,0.000,0.000,0.000,0.000,0.000,0.000,0.000,0.000,0.000,0.000
30c,new,10,0.000,0.000,0.000,0.000,0.000,1.000,0.000,0.000,0.000,0.000,0.000,1.000,0.000
30c,new,11,0.000,0.000,0.000,0.000,0.000,0.000,0.000,0.000,0.000,0.000,0.000,1.000,0.000
30c,new,12,0.000,0.000,0.000,0.000,0.000,0.000,0.000,0.000,0.000,0.000,0.000,2.000,0.000
30c,new,13,0.000,0.000,0.000,0.000,0.000,0.000,0.000,0.000,0.000,0.000,0.000,6.000,0.000
30c,new,14,0.000,0.000,0.000,0.000,0.000,0.000,0.000,0.000,0.000,0.000,0.000,1.000,0.000
30c,new,15,0.000,0.000,0.000,0.000,0.000,0.000,0.000,0.000,0.000,0.000,0.000,2.000,0.000
30c,new,16,0.000,0.000,0.000,0.000,0.000,0.000,0.000,0.000,0.000,0.000,0.000,2.000,0.000
30c,new,17,0.000,0.000,0.000,0.000,0.000,0.000,0.000,0.000,0.000,0.000,0.000,0.000,0.000
30c,new,18,0.000,0.000,0.000,0.000,0.000,1.000,0.000,0.000,0.000,0.000,0.000,1.000,0.000
30c,new,19,0.000,0.000,0.000,0.000,0.000,0.000,0.000,0.000,0.000,0.000,0.000,1.000,0.000
30c,new,20,0.000,0.000,0.000,0.000,0.000,0.000,0.000,0.000,0.000,0.000,0.000,2.000,0.000
30c,new,21,0.000,0.000,0.000,0.000,0.000,0.000,0.000,0.000,0.000,0.000,0.000,6.000,0.000
30c,new,22,0.000,0.000,0.000,0.000,0.000,0.000,0.000,0.000,0.000,0.000,0.000,1.000,0.000
30c,new,23,0.000,0.000,0.000,0.000,0.000,0.000,0.000,0.000,0.000,0.000,0.000,3.000,0.000
30c,new,24,0.000,0.000,0.000,0.000,0.000,0.000,0.000,0.000,0.000,0.000,0.000,2.000,0.000
31a,new,0,0.000,0.000,0.000,0.000,0.000,0.000,0.000,0.000,0.000,0.000,0.000,0.000,0.000
31a,new,1,0.000,0.000,0.000,0.000,0.000,0.000,0.000,0.000,0.000,0.000,130.000,0.000,0.000
31a,new,2,0.000,0.000,0.000,0.000,0.000,0.000,0.000,0.000,0.000,0.000,0.000,0.000,0.000
31a,new,3,0.000,0.000,0.000,0.000,0.000,0.000,0.000,0.000,0.000,0.000,0.000,6.000,0.000
31a,new,4,0.000,0.000,0.000,0.000,0.000,0.000,0.000,0.000,0.000,0.000,104.000,0.000,0.000
31a,new,5,0.000,0.000,0.000,0.000,0.000,0.000,0.000,0.000,0.000,0.000,122.000,3.000,0.000
31a,new,6,0.000,0.000,0.000,0.000,0.000,0.000,0.000,0.000,0.000,0.000,140.000,2.000,0.000
31a,new,7,0.000,0.000,0.000,0.000,0.000,0.000,0.000,0.000,0.000,0.000,0.000,4.000,0.000
31a,new,8,0.000,0.000,0.000,0.000,0.000,0.000,0.000,0.000,0.000,0.000,135.000,2.000,0.000
31a,new,9,0.000,0.000,0.000,0.000,0.000,0.000,0.000,0.000,0.000,0.000,141.000,3.000,0.000
31a,new,10,0.000,0.000,0.000,0.000,0.000,0.000,0.000,0.000,0.000,0.000,0.000,0.000,0.000
31a,new,11,0.000,0.000,0.000,0.000,0.000,0.000,0.000,0.000,0.000,0.000,0.000,0.000,0.000
31a,new,12,0.000,0.000,0.000,0.000,0.000,0.000,0.000,0.000,0.000,0.000,0.000,4.000,0.000
31a,new,13,0.000,0.000,0.000,0.000,0.000,0.000,0.000,0.000,0.000,0.000,0.000,0.000,0.000
31a,new,14,0.000,0.000,0.000,0.000,0.000,0.000,0.000,0.000,0.000,0.000,0.000,2.000,0.000
31a,new,15,0.000,0.000,0.000,0.000,0.000,0.000,0.000,0.000,0.000,0.000,0.000,2.000,0.000
31a,new,16,0.000,0.000,0.000,0.000,0.000,0.000,0.000,0.000,0.000,0.000,0.000,3.000,0.000
31a,new,17,0.000,0.000,0.000,0.000,0.000,0.000,0.000,0.000,0.000,0.000,0.000,1.000,0.000
31a,new,18,0.000,0.000,0.000,0.000,0.000,0.000,0.000,0.000,0.000,0.000,0.000,2.000,0.000
31a,new,19,0.000,0.000,0.000,0.000,0.000,0.000,0.000,0.000,0.000,0.000,0.000,0.000,0.000
31a,new,20,0.000,0.000,0.000,0.000,0.000,0.000,0.000,0.000,0.000,0.000,0.000,0.000,0.000
31a,new,21,0.000,0.000,0.000,0.000,0.000,0.000,0.000,0.000,0.000,0.000,0.000,3.000,0.000
31a,new,22,0.000,0.000,0.000,0.000,0.000,0.000,0.000,0.000,0.000,0.000,0.000,0.000,0.000
31a,new,23,0.000,0.000,0.000,0.000,0.000,0.000,0.000,0.000,0.000,0.000,0.000,1.000,0.000
31a,new,24,0.000,0.000,0.000,0.000,0.000,0.000,0.000,0.000,0.000,0.000,0.000,1.000,0.000
31a,new,25,0.000,0.000,0.000,0.000,0.000,0.000,0.000,0.000,0.000,0.000,0.000,2.000,0.000
31a,new,26,0.000,0.000,0.000,0.000,0.000,0.000,0.000,0.000,0.000,0.000,0.000,1.000,0.000
31a,new,27,0.000,0.000,0.000,0.000,0.000,0.000,0.000,0.000,0.000,0.000,0.000,1.000,0.000
31b,new,0,0.000,0.000,0.000,0.000,0.000,0.000,0.000,0.000,0.000,0.000,0.000,0.000,0.000
31b,new,1,0.000,0.000,0.000,0.000,0.000,0.000,0.000,0.000,0.000,0.000,100.000,0.000,0.000
31b,new,2,0.000,0.000,0.000,0.000,0.000,0.000,0.000,0.000,0.000,0.000,0.000,0.000,0.000
31b,new,3,0.000,0.000,0.000,0.000,0.000,0.000,0.000,0.000,0.000,0.000,0.000,0.000,0.000
31b,new,4,0.000,0.000,0.000,0.000,0.000,0.000,0.000,0.000,0.000,0.000,122.000,0.000,0.000
31b,new,5,0.000,0.000,0.000,0.000,0.000,0.000,0.000,0.000,0.000,0.000,139.000,0.000,0.000
31b,new,6,0.000,0.000,0.000,0.000,0.000,0.000,0.000,0.000,0.000,0.000,148.000,0.000,0.000
31b,new,7,0.000,0.000,0.000,0.000,0.000,0.000,0.000,0.000,0.000,0.000,0.000,0.000,0.000
31b,new,8,0.000,0.000,0.000,0.000,0.000,0.000,0.000,0.000,0.000,0.000,140.000,0.000,0.000
31b,new,9,0.000,0.000,0.000,0.000,0.000,0.000,0.000,0.000,0.000,0.000,128.000,2.000,0.000
31b,new,10,0.000,0.000,0.000,0.000,0.000,0.000,0.000,0.000,0.000,0.000,0.000,0.000,0.000
31b,new,11,0.000,0.000,0.000,0.000,0.000,0.000,0.000,0.000,0.000,0.000,0.000,0.000,0.000
31b,new,12,0.000,0.000,0.000,0.000,0.000,0.000,0.000,0.000,0.000,0.000,0.000,0.000,0.000
31b,new,13,0.000,0.000,0.000,0.000,0.000,0.000,0.000,0.000,0.000,0.000,0.000,0.000,0.000
31b,new,14,0.000,0.000,0.000,0.000,0.000,0.000,0.000,0.000,0.000,0.000,0.000,0.000,0.000
31b,new,15,0.000,0.000,0.000,0.000,0.000,0.000,0.000,0.000,0.000,0.000,0.000,0.000,0.000
31b,new,16,0.000,0.000,0.000,0.000,0.000,0.000,0.000,0.000,0.000,0.000,0.000,0.000,0.000
31b,new,17,0.000,0.000,0.000,0.000,0.000,0.000,0.000,0.000,0.000,0.000,0.000,0.000,0.000
31b,new,18,0.000,0.000,0.000,0.000,0.000,0.000,0.000,0.000,0.000,0.000,0.000,2.000,0.000
31b,new,19,0.000,0.000,0.000,0.000,0.000,0.000,0.000,0.000,0.000,0.000,0.000,0.000,0.000
31b,new,20,0.000,0.000,0.000,0.000,0.000,0.000,0.000,0.000,0.000,0.000,0.000,0.000,0.000
31b,new,21,0.000,0.000,0.000,0.000,0.000,0.000,0.000,0.000,0.000,0.000,0.000,0.000,0.000
31b,new,22,0.000,0.000,0.000,0.000,0.000,0.000,0.000,0.000,0.000,0.000,0.000,0.000,0.000
31b,new,23,0.000,0.000,0.000,0.000,0.000,0.000,0.000,0.000,0.000,0.000,0.000,0.000,0.000
31b,new,24,0.000,0.000,0.000,0.000,0.000,0.000,0.000,0.000,0.000,0.000,0.000,0.000,0.000
31b,new,25,0.000,0.000,0.000,0.000,0.000,0.000,0.000,0.000,0.000,0.000,0.000,0.000,0.000
31b,new,26,0.000,0.000,0.000,0.000,0.000,0.000,0.000,0.000,0.000,0.000,0.000,0.000,0.000
31b,new,27,0.000,0.000,0.000,0.000,0.000,0.000,0.000,0.000,0.000,0.000,0.000,2.000,0.000
31c,new,0,0.000,0.000,0.000,0.000,0.000,0.000,0.000,0.000,0.000,0.000,0.000,0.000,0.000
31c,new,1,0.000,0.000,0.000,0.000,0.000,0.000,0.000,0.000,0.000,0.000,124.000,0.000,0.000
31c,new,2,0.000,0.000,0.000,0.000,0.000,0.000,0.000,0.000,0.000,0.000,0.000,0.000,0.000
31c,new,3,0.000,0.000,0.000,0.000,0.000,0.000,0.000,0.000,0.000,0.000,0.000,5.000,0.000
31c,new,4,0.000,0.000,0.000,0.000,0.000,0.000,0.000,0.000,0.000,0.000,126.000,1.000,0.000
31c,new,5,0.000,0.000,0.000,0.000,0.000,0.000,0.000,0.000,0.000,0.000,143.000,2.000,0.000
31c,new,6,0.000,0.000,0.000,0.000,0.000,0.000,0.000,0.000,0.000,0.000,115.000,2.000,0.000
31c,new,7,0.000,0.000,0.000,0.000,0.000,0.000,0.000,0.000,0.000,0.000,125.000,4.000,0.000
31c,new,8,0.000,0.000,0.000,0.000,0.000,0.000,0.000,0.000,0.000,0.000,139.000,2.000,0.000
31c,new,9,0.000,0.000,0.000,0.000,0.000,0.000,0.000,0.000,0.000,0.000,127.000,6.000,0.000
31c,new,10,0.000,0.000,0.000,0.000,0.000,0.000,0.000,0.000,0.000,0.000,0.000,0.000,0.000
31c,new,11,0.000,0.000,0.000,0.000,0.000,0.000,0.000,0.000,0.000,0.000,0.000,0.000,0.000
31c,new,12,0.000,0.000,0.000,0.000,0.000,0.000,0.000,0.000,0.000,0.000,0.000,3.000,0.000
31c,new,13,0.000,0.000,0.000,0.000,0.000,0.000,0.000,0.000,0.000,0.000,0.000,0.000,0.000
31c,new,14,0.000,0.000,0.000,0.000,0.000,0.000,0.000,0.000,0.000,0.000,0.000,1.000,0.000
31c,new,15,0.000,0.000,0.000,0.000,0.000,0.000,0.000,0.000,0.000,0.000,0.000,1.000,0.000
31c,new,16,0.000,0.000,0.000,0.000,0.000,0.000,0.000,0.000,0.000,0.000,0.000,3.000,0.000
31c,new,17,0.000,0.000,0.000,0.000,0.000,0.000,0.000,0.000,0.000,0.000,0.000,1.000,0.000
31c,new,18,0.000,0.000,0.000,0.000,0.000,0.000,0.000,0.000,0.000,0.000,0.000,4.000,0.000
31c,new,19,0.000,0.000,0.000,0.000,0.000,0.000,0.000,0.000,0.000,0.000,0.000,0.000,0.000
31c,new,20,0.000,0.000,0.000,0.000,0.000,0.000,0.000,0.000,0.000,0.000,0.000,0.000,0.000
31c,new,21,0.000,0.000,0.000,0.000,0.000,0.000,0.000,0.000,0.000,0.000,0.000,2.000,0.000
31c,new,22,0.000,0.000,0.000,0.000,0.000,0.000,0.000,0.000,0.000,0.000,0.000,0.000,0.000
31c,new,23,0.000,0.000,0.000,0.000,0.000,0.000,0.000,0.000,0.000,0.000,0.000,1.000,0.000
31c,new,24,0.000,0.000,0.000,0.000,0.000,0.000,0.000,0.000,0.000,0.000,0.000,1.000,0.000
31c,new,25,0.000,0.000,0.000,0.000,0.000,0.000,0.000,0.000,0.000,0.000,0.000,2.000,0.000
31c,new,26,0.000,0.000,0.000,0.000,0.000,0.000,0.000,0.000,0.000,0.000,0.000,1.000,0.000
31c,new,27,0.000,0.000,0.000,0.000,0.000,0.000,0.000,0.000,0.000,0.000,0.000,3.000,0.000
32a,new,0,0.000,0.000,0.000,0.000,0.000,0.000,0.000,0.000,0.000,0.000,0.000,0.000,0.000
32a,new,1,0.000,0.000,0.000,0.000,0.000,0.000,0.000,0.000,0.000,0.000,126.000,0.000,0.000
32a,new,2,0.000,0.000,0.000,0.000,2.000,4.000,0.000,2.000,0.000,0.000,130.000,5.000,0.000
32a,new,3,0.000,0.000,0.000,0.000,0.000,1.000,0.000,1.000,0.000,0.000,134.000,7.000,0.000
32a,new,4,0.000,0.000,0.000,0.000,0.000,0.000,0.000,0.000,0.000,0.000,130.000,0.000,0.000
32a,new,5,0.000,0.000,0.000,0.000,0.000,0.000,0.000,0.000,0.000,0.000,0.000,0.000,0.000
32a,new,6,0.000,0.000,0.000,0.000,1.000,3.000,0.000,1.000,0.000,0.000,0.000,3.000,0.000
32a,new,7,0.000,0.000,0.000,0.000,1.000,3.000,0.000,1.000,0.000,0.000,0.000,8.000,0.000
32a,new,8,0.000,0.000,0.000,0.000,0.000,0.000,0.000,0.000,0.000,0.000,0.000,0.000,0.000
32a,new,9,0.000,0.000,0.000,0.000,0.000,0.000,0.000,0.000,0.000,0.000,0.000,0.000,0.000
32a,new,10,0.000,0.000,0.000,0.000,1.000,2.000,0.000,1.000,0.000,0.000,0.000,2.000,0.000
32a,new,11,0.000,0.000,0.000,0.000,0.000,2.000,0.000,1.000,0.000,0.000,0.000,7.000,0.000
32a,new,12,0.000,0.000,0.000,0.000,0.000,0.000,0.000,0.000,0.000,0.000,0.000,0.000,0.000
32b,new,0,0.000,0.000,0.000,0.000,0.000,0.000,0.000,0.000,0.000,0.000,0.000,0.000,0.000
32b,new,1,0.000,0.000,0.000,0.000,0.000,0.000,0.000,0.000,0.000,0.000,117.000,0.000,0.000
32b,new,2,0.000,0.000,0.000,0.000,2.000,4.000,0.000,2.000,0.000,0.000,136.000,5.000,0.000
32b,new,3,0.000,0.000,0.000,0.000,0.000,1.000,0.000,1.000,0.000,0.000,146.000,6.000,0.000
32b,new,4,0.000,0.000,0.000,0.000,0.000,0.000,0.000,0.000,0.000,0.000,103.000,3.000,0.000
32b,new,5,0.000,0.000,0.000,0.000,0.000,0.000,0.000,0.000,0.000,0.000,128.000,6.000,0.000
32b,new,6,0.000,0.000,0.000,0.000,0.000,0.000,0.000,0.000,0.000,0.000,0.000,0.000,0.000
32b,new,7,0.000,0.000,0.000,0.000,1.000,3.000,0.000,2.000,0.000,0.000,0.000,4.000,0.000
32b,new,8,0.000,0.000,0.000,0.000,0.000,2.000,0.000,1.000,0.000,0.000,0.000,7.000,0.000
32b,new,9,0.000,0.000,0.000,0.000,0.000,0.000,0.000,0.000,0.000,0.000,0.000,2.000,0.000
32b,new,10,0.000,0.000,0.000,0.000,0.000,0.000,0.000,0.000,0.000,0.000,0.000,4.000,0.000
32b,new,11,0.000,0.000,0.000,0.000,0.000,0.000,0.000,0.000,0.000,0.000,0.000,0.000,0.000
32b,new,12,0.000,0.000,0.000,0.000,0.000,1.000,0.000,0.000,0.000,0.000,0.000,1.000,0.000
32b,new,13,0.000,0.000,0.000,0.000,0.000,1.000,0.000,1.000,0.000,0.000,0.000,5.000,0.000
32b,new,14,0.000,0.000,0.000,0.000,0.000,0.000,0.000,0.000,0.000,0.000,0.000,1.000,0.000
32b,new,15,0.000,0.000,0.000,0.000,0.000,0.000,0.000,0.000,0.000,0.000,0.000,3.000,0.000
33a,new,0,0.000,0.000,0.000,0.000,0.000,0.000,0.000,0.000,0.000,0.000,0.000,0.000,0.000
33a,new,1,0.000,0.000,0.000,0.000,0.000,0.000,0.000,0.000,0.000,0.000,125.000,0.000,0.000
33a,new,2,0.000,0.000,0.000,0.000,1.000,3.000,0.000,2.000,0.000,0.000,133.000,4.000,0.000
33a,new,3,0.000,0.000,0.000,0.000,0.000,0.000,0.000,0.000,0.000,0.000,0.000,0.000,0.000
33a,new,4,0.000,0.000,0.000,0.000,0.000,0.000,0.000,0.000,0.000,0.000,111.000,0.000,0.000
33a,new,5,0.000,0.000,0.000,0.000,0.000,0.000,0.000,0.000,0.000,0.000,140.000,0.000,0.000
33a,new,6,0.000,0.000,0.000,0.000,0.000,0.000,0.000,0.000,0.000,0.000,139.000,0.000,0.000
33a,new,7,0.000,0.000,0.000,0.000,0.000,0.000,0.000,0.000,0.000,0.000,117.000,0.000,0.000
33a,new,8,0.000,0.000,0.000,0.000,0.000,0.000,0.000,0.000,0.000,0.000,0.000,0.000,0.000
33a,new,9,0.000,0.000,0.000,0.000,0.000,0.000,0.000,0.000,0.000,0.000,129.000,0.000,0.000
33a,new,10,0.000,0.000,0.000,0.000,0.000,0.000,0.000,0.000,0.000,0.000,139.000,0.000,0.000
33a,new,11,0.000,0.000,0.000,0.000,0.000,0.000,0.000,0.000,0.000,0.000,0.000,0.000,0.000
33a,new,12,0.000,0.000,0.000,0.000,1.000,3.000,0.000,2.000,0.000,0.000,0.000,4.000,0.000
33a,new,13,0.000,0.000,0.000,0.000,0.000,0.000,0.000,0.000,0.000,0.000,0.000,0.000,0.000
33a,new,14,0.000,0.000,0.000,0.000,0.000,0.000,0.000,0.000,0.000,0.000,0.000,0.000,0.000
33a,new,15,0.000,0.000,0.000,0.000,0.000,0.000,0.000,0.000,0.000,0.000,0.000,0.000,0.000
33a,new,16,0.000,0.000,0.000,0.000,0.000,0.000,0.000,0.000,0.000,0.000,0.000,0.000,0.000
33a,new,17,0.000,0.000,0.000,0.000,0.000,0.000,0.000,0.000,0.000,0.000,0.000,0.000,0.000
33a,new,18,0.000,0.000,0.000,0.000,0.000,0.000,0.000,0.000,0.000,0.000,0.000,0.000,0.000
33a,new,19,0.000,0.000,0.000,0.000,0.000,0.000,0.000,0.000,0.000,0.000,0.000,0.000,0.000
33a,new,20,0.000,0.000,0.000,0.000,0.000,0.000,0.000,0.000,0.000,0.000,0.000,0.000,0.000
33a,new,21,0.000,0.000,0.000,0.000,0.000,0.000,0.000,0.000,0.000,0.000,0.000,0.000,0.000
33a,new,22,0.000,0.000,0.000,0.000,0.000,2.000,0.000,1.000,0.000,0.000,0.000,2.000,0.000
33a,new,23,0.000,0.000,0.000,0.000,0.000,0.000,0.000,0.000,0.000,0.000,0.000,0.000,0.000
33a,new,24,0.000,0.000,0.000,0.000,0.000,0.000,0.000,0.000,0.000,0.000,0.000,0.000,0.000
33a,new,25,0.000,0.000,0.000,0.000,0.000,0.000,0.000,0.000,0.000,0.000,0.000,0.000,0.000
33a,new,26,0.000,0.000,0.000,0.000,0.000,0.000,0.000,0.000,0.000,0.000,0.000,0.000,0.000
33a,new,27,0.000,0.000,0.000,0.000,0.000,0.000,0.000,0.000,0.000,0.000,0.000,0.000,0.000
33a,new,28,0.000,0.000,0.000,0.000,0.000,0.000,0.000,0.000,0.000,0.000,0.000,0.000,0.000
33a,new,29,0.000,0.000,0.000,0.000,0.000,0.000,0.000,0.000,0.000,0.000,0.000,0.000,0.000
33a,new,30,0.000,0.000,0.000,0.000,0.000,0.000,0.000,0.000,0.000,0.000,0.000,0.000,0.000
33b,new,0,0.000,0.000,0.000,0.000,0.000,0.000,0.000,0.000,0.000,0.000,0.000,0.000,0.000
33b,new,1,0.000,0.000,0.000,0.000,0.000,0.000,0.000,0.000,0.000,0.000,122.000,0.000,0.000
33b,new,2,0.000,0.000,0.000,0.000,0.000,0.000,0.000,0.000,0.000,0.000,137.000,1.000,0.000
33b,new,3,0.000,0.000,0.000,0.000,0.000,0.000,0.000,0.000,0.000,0.000,0.000,0.000,0.000
33b,new,4,0.000,0.000,0.000,0.000,0.000,0.000,0.000,0.000,0.000,0.000,0.000,0.000,0.000
33b,new,5,0.000,0.000,0.000,0.000,0.000,0.000,0.000,0.000,0.000,0.000,133.000,0.000,0.000
33b,new,6,0.000,0.000,0.000,0.000,0.000,0.000,0.000,0.000,0.000,0.000,120.000,0.000,0.000
33b,new,7,0.000,0.000,0.000,0.000,0.000,0.000,0.000,0.000,0.000,0.000,130.000,0.000,0.000
33b,new,8,0.000,0.000,0.000,0.000,0.000,0.000,0.000,0.000,0.000,0.000,134.000,0.000,0.000
33b,new,9,0.000,0.000,0.000,0.000,0.000,0.000,0.000,0.000,0.000,0.000,132.000,0.000,0.000
33b,new,10,0.000,0.000,0.000,0.000,0.000,0.000,0.000,0.000,0.000,0.000,112.000,0.000,0.000
33b,new,11,0.000,0.000,0.000,0.000,0.000,0.000,0.000,0.000,0.000,0.000,0.000,0.000,0.000
33b,new,12,0.000,0.000,0.000,0.000,0.000,0.000,0.000,0.000,0.000,0.000,0.000,0.000,0.000
33b,new,13,0.000,0.000,0.000,0.000,0.000,0.000,0.000,0.000,0.000,0.000,0.000,0.000,0.000
33b,new,14,0.000,0.000,0.000,0.000,0.000,0.000,0.000,0.000,0.000,0.000,0.000,0.000,0.000
33b,new,15,0.000,0.000,0.000,0.000,0.000,0.000,0.000,0.000,0.000,0.000,0.000,0.000,0.000
33b,new,16,0.000,0.000,0.000,0.000,0.000,0.000,0.000,0.000,0.000,0.000,0.000,0.000,0.000
33b,new,17,0.000,0.000,0.000,0.000,0.000,0.000,0.000,0.000,0.000,0.000,0.000,0.000,0.000
33b,new,18,0.000,0.000,0.000,0.000,0.000,0.000,0.000,0.000,0.000,0.000,0.000,0.000,0.000
33b,new,19,0.000,0.000,0.000,0.000,0.000,0.000,0.000,0.000,0.000,0.000,0.000,0.000,0.000
33b,new,20,0.000,0.000,0.000,0.000,0.000,0.000,0.000,0.000,0.000,0.000,0.000,0.000,0.000
33b,new,21,0.000,0.000,0.000,0.000,0.000,0.000,0.000,0.000,0.000,0.000,0.000,0.000,0.000
33b,new,22,0.000,0.000,0.000,0.000,0.000,0.000,0.000,0.000,0.000,0.000,0.000,0.000,0.000
33b,new,23,0.000,0.000,0.000,0.000,0.000,0.000,0.000,0.000,0.000,0.000,0.000,0.000,0.000
33b,new,24,0.000,0.000,0.000,0.000,0.000,0.000,0.000,0.000,0.000,0.000,0.000,0.000,0.000
33b,new,25,0.000,0.000,0.000,0.000,0.000,0.000,0.000,0.000,0.000,0.000,0.000,0.000,0.000
33b,new,26,0.000,0.000,0.000,0.000,0.000,0.000,0.000,0.000,0.000,0.000,0.000,0.000,0.000
33b,new,27,0.000,0.000,0.000,0.000,0.000,0.000,0.000,0.000,0.000,0.000,0.000,0.000,0.000
33b,new,28,0.000,0.000,0.000,0.000,0.000,0.000,0.000,0.000,0.000,0.000,0.000,0.000,0.000
33b,new,29,0.000,0.000,0.000,0.000,0.000,0.000,0.000,0.000,0.000,0.000,0.000,0.000,0.000
33b,new,30,0.000,0.000,0.000,0.000,0.000,0.000,0.000,0.000,0.000,0.000,0.000,0.000,0.000
33c,new,0,0.000,0.000,0.000,0.000,0.000,0.000,0.000,0.000,0.000,0.000,0.000,0.000,0.000
33c,new,1,0.000,0.000,0.000,0.000,0.000,0.000,0.000,0.000,0.000,0.000,118.000,0.000,0.000
33c,new,2,0.000,0.000,0.000,0.000,0.000,0.000,0.000,0.000,0.000,0.000,0.000,0.000,0.000
33c,new,3,0.000,0.000,0.000,0.000,0.000,0.000,0.000,0.000,0.000,0.000,0.000,0.000,0.000
33c,new,4,0.000,0.000,0.000,0.000,0.000,0.000,0.000,0.000,0.000,0.000,142.000,1.000,0.000
33c,new,5,0.000,0.000,0.000,0.000,0.000,0.000,0.000,0.000,0.000,0.000,0.000,0.000,0.000
33c,new,6,0.000,0.000,0.000,0.000,0.000,0.000,0.000,0.000,0.000,0.000,118.000,2.000,0.000
33c,new,7,0.000,0.000,0.000,0.000,0.000,0.000,0.000,0.000,0.000,0.000,0.000,4.000,0.000
33c,new,8,0.000,0.000,0.000,0.000,0.000,0.000,0.000,0.000,0.000,0.000,114.000,0.000,0.000
33c,new,9,0.000,0.000,0.000,0.000,0.000,0.000,0.000,0.000,0.000,0.000,109.000,1.000,0.000
33c,new,10,0.000,0.000,0.000,0.000,0.000,0.000,0.000,0.000,0.000,0.000,0.000,4.000,0.000
33c,new,11,0.000,0.000,0.000,0.000,0.000,0.000,0.000,0.000,0.000,0.000,134.000,4.000,0.000
33c,new,12,0.000,0.000,0.000,0.000,0.000,0.000,0.000,0.000,0.000,1.000,137.000,0.000,0.000
33c,new,13,0.000,0.000,0.000,0.000,0.000,0.000,0.000,0.000,0.000,0.000,0.000,0.000,0.000
33c,new,14,0.000,0.000,0.000,0.000,0.000,0.000,0.000,0.000,0.000,0.000,0.000,0.000,0.000
33c,new,15,0.000,0.000,0.000,0.000,0.000,0.000,0.000,0.000,0.000,0.000,0.000,0.000,0.000
33c,new,16,0.000,0.000,0.000,0.000,0.000,0.000,0.000,0.000,0.000,0.000,0.000,0.000,0.000
33c,new,17,0.000,0.000,0.000,0.000,0.000,0.000,0.000,0.000,0.000,0.000,0.000,0.000,0.000
33c,new,18,0.000,0.000,0.000,0.000,0.000,0.000,0.000,0.000,0.000,0.000,0.000,2.000,0.000
33c,new,19,0.000,0.000,0.000,0.000,0.000,0.000,0.000,0.000,0.000,0.000,0.000,4.000,0.000
33c,new,20,0.000,0.000,0.000,0.000,0.000,0.000,0.000,0.000,0.000,0.000,0.000,0.000,0.000
33c,new,21,0.000,0.000,0.000,0.000,0.000,0.000,0.000,0.000,0.000,0.000,0.000,0.000,0.000
33c,new,22,0.000,0.000,0.000,0.000,0.000,0.000,0.000,0.000,0.000,0.000,0.000,3.000,0.000
33c,new,23,0.000,0.000,0.000,0.000,0.000,0.000,0.000,0.000,0.000,0.000,0.000,3.000,0.000
33c,new,24,0.000,0.000,0.000,0.000,0.000,0.000,0.000,0.000,0.000,0.000,0.000,0.000,0.000
33c,new,25,0.000,0.000,0.000,0.000,0.000,0.000,0.000,0.000,0.000,0.000,0.000,0.000,0.000
33c,new,26,0.000,0.000,0.000,0.000,0.000,0.000,0.000,0.000,0.000,0.000,0.000,0.000,0.000
33c,new,27,0.000,0.000,0.000,0.000,0.000,0.000,0.000,0.000,0.000,0.000,0.000,0.000,0.000
33c,new,28,0.000,0.000,0.000,0.000,0.000,0.000,0.000,0.000,0.000,0.000,0.000,0.000,0.000
33c,new,29,0.000,0.000,0.000,0.000,0.000,0.000,0.000,0.000,0.000,0.000,0.000,0.000,0.000
33c,new,30,0.000,0.000,0.000,0.000,0.000,0.000,0.000,0.000,0.000,0.000,0.000,1.000,0.000
33c,new,31,0.000,0.000,0.000,0.000,0.000,0.000,0.000,0.000,0.000,0.000,0.000,2.000,0.000
33c,new,32,0.000,0.000,0.000,0.000,0.000,0.000,0.000,0.000,0.000,0.000,0.000,0.000,0.000
33c,new,33,0.000,0.000,0.000,0.000,0.000,0.000,0.000,0.000,0.000,0.000,0.000,0.000,0.000
33c,new,34,0.000,0.000,0.000,0.000,0.000,0.000,0.000,0.000,0.000,0.000,0.000,2.000,0.000
33c,new,35,0.000,0.000,0.000,0.000,0.000,0.000,0.000,0.000,0.000,0.000,0.000,2.000,0.000
33c,new,36,0.000,0.000,0.000,0.000,0.000,0.000,0.000,0.000,0.000,0.000,0.000,0.000,0.000
3a,new,0,0.000,0.000,0.000,0.000,0.000,0.000,0.000,0.000,0.000,0.000,0.000,0.000,0.000
3a,new,1,0.000,0.000,0.000,0.000,0.000,0.000,0.000,0.000,0.000,0.000,194.000,0.000,0.000
3a,new,2,0.000,0.000,0.000,0.000,0.000,0.000,0.000,0.000,0.000,0.000,0.000,13.000,0.000
3a,new,3,0.000,0.000,0.000,0.000,0.000,0.000,0.000,0.000,0.000,0.000,0.000,7.000,0.000
3a,new,4,0.000,0.000,0.000,0.000,0.000,0.000,0.000,0.000,0.000,0.000,163.000,1.000,0.000
3a,new,5,0.000,0.000,0.000,0.000,0.000,0.000,0.000,0.000,0.000,0.000,0.000,0.000,0.000
3a,new,6,0.000,0.000,0.000,0.000,0.000,0.000,0.000,0.000,0.000,0.000,0.000,9.000,0.000
3a,new,7,0.000,0.000,0.000,0.000,0.000,0.000,0.000,0.000,0.000,0.000,0.000,0.000,0.000
3a,new,8,0.000,0.000,0.000,0.000,0.000,0.000,0.000,0.000,0.000,0.000,0.000,1.000,0.000
3a,new,9,0.000,0.000,0.000,0.000,0.000,0.000,0.000,0.000,0.000,0.000,0.000,0.000,0.000
3a,new,10,0.000,0.000,0.000,0.000,0.000,0.000,0.000,0.000,0.000,0.000,0.000,7.000,0.000
3a,new,11,0.000,0.000,0.000,0.000,0.000,0.000,0.000,0.000,0.000,0.000,0.000,0.000,0.000
3a,new,12,0.000,0.000,0.000,0.000,0.000,0.000,0.000,0.000,0.000,0.000,0.000,1.000,0.000
3b,new,0,0.000,0.000,0.000,0.000,0.000,0.000,0.000,0.000,0.000,0.000,0.000,0.000,0.000
3b,new,1,0.000,0.000,0.000,0.000,0.000,0.000,0.000,0.000,0.000,0.000,114.000,0.000,0.000
3b,new,2,0.000,0.000,0.000,0.000,0.000,0.000,0.000,0.000,0.000,0.000,0.000,0.000,0.000
3b,new,3,0.000,0.000,0.000,0.000,0.000,0.000,0.000,0.000,0.000,0.000,108.000,3.000,0.000
3b,new,4,0.000,0.000,0.000,0.000,0.000,0.000,0.000,0.000,0.000,0.000,108.000,6.000,0.000
3b,new,5,0.000,0.000,0.000,0.000,0.000,0.000,0.000,0.000,0.000,0.000,0.000,0.000,0.000
3b,new,6,0.000,0.000,0.000,0.000,0.000,0.000,0.000,0.000,0.000,0.000,0.000,0.000,0.000
3b,new,7,0.000,0.000,0.000,0.000,0.000,0.000,0.000,0.000,0.000,0.000,0.000,0.000,0.000
3b,new,8,0.000,0.000,0.000,0.000,0.000,0.000,0.000,0.000,0.000,0.000,0.000,4.000,0.000
3b,new,9,0.000,0.000,0.000,0.000,0.000,0.000,0.000,0.000,0.000,0.000,0.000,0.000,0.000
3b,new,10,0.000,0.000,0.000,0.000,0.000,0.000,0.000,0.000,0.000,0.000,0.000,0.000,0.000
3b,new,11,0.000,0.000,0.000,0.000,0.000,0.000,0.000,0.000,0.000,0.000,0.000,0.000,0.000
3b,new,12,0.000,0.000,0.000,0.000,0.000,0.000,0.000,0.000,0.000,0.000,0.000,6.000,0.000
3c,new,0,0.000,0.000,0.000,0.000,0.000,0.000,0.000,0.000,0.000,0.000,0.000,0.000,0.000
3c,new,1,0.000,0.000,0.000,0.000,0.000,0.000,0.000,0.000,0.000,0.000,113.000,0.000,0.000
3c,new,2,0.000,0.000,0.000,0.000,0.000,0.000,0.000,0.000,0.000,0.000,0.000,25.000,0.000
3c,new,3,0.000,0.000,0.000,0.000,0.000,0.000,0.000,0.000,0.000,0.000,0.000,1.000,0.000
3c,new,4,0.000,0.000,0.000,0.000,0.000,0.000,0.000,0.000,0.000,0.000,114.000,2.000,0.000
3c,new,5,0.000,0.000,0.000,0.000,0.000,0.000,0.000,0.000,0.000,0.000,0.000,0.000,0.000
3c,new,6,0.000,0.000,0.000,0.000,0.000,0.000,0.000,0.000,0.000,0.000,0.000,9.000,0.000
3c,new,7,0.000,0.000,0.000,0.000,0.000,0.000,0.000,0.000,0.000,0.000,0.000,1.000,0.000
3c,new,8,0.000,0.000,0.000,0.000,0.000,0.000,0.000,0.000,0.000,0.000,0.000,2.000,0.000
3c,new,9,0.000,0.000,0.000,0.000,0.000,0.000,0.000,0.000,0.000,0.000,0.000,0.000,0.000
3c,new,10,0.000,0.000,0.000,0.000,0.000,0.000,0.000,0.000,0.000,0.000,0.000,9.000,0.000
3c,new,11,0.000,0.000,0.000,0.000,0.000,0.000,0.000,0.000,0.000,0.000,0.000,1.000,0.000
3c,new,12,0.000,0.000,0.000,0.000,0.000,0.000,0.000,0.000,0.000,0.000,0.000,2.000,0.000
4a,new,0,0.000,0.000,0.000,0.000,0.000,0.000,0.000,0.000,0.000,0.000,0.000,0.000,0.000
4a,new,1,0.000,0.000,0.000,0.000,0.000,0.000,0.000,0.000,0.000,0.000,168.000,0.000,0.000
4a,new,2,0.000,0.000,0.000,0.000,0.000,1.000,0.000,0.000,0.000,0.000,0.000,12.000,0.000
4a,new,3,0.000,0.000,0.000,0.000,0.000,0.000,0.000,0.000,0.000,0.000,116.000,1.000,0.000
4a,new,4,0.000,0.000,0.000,0.000,0.000,0.000,0.000,0.000,0.000,0.000,111.000,1.000,0.000
4a,new,5,0.000,0.000,0.000,0.000,0.000,0.000,0.000,0.000,0.000,0.000,0.000,0.000,0.000
4a,new,6,0.000,0.000,0.000,0.000,0.000,0.000,0.000,0.000,0.000,0.000,0.000,10.000,0.000
4a,new,7,0.000,0.000,0.000,0.000,0.000,0.000,0.000,0.000,0.000,0.000,0.000,1.000,0.000
4a,new,8,0.000,0.000,0.000,0.000,0.000,0.000,0.000,0.000,0.000,0.000,0.000,1.000,0.000
4a,new,9,0.000,0.000,0.000,0.000,0.000,0.000,0.000,0.000,0.000,0.000,0.000,0.000,0.000
4a,new,10,0.000,0.000,0.000,0.000,0.000,0.000,0.000,0.000,0.000,0.000,0.000,8.000,0.000
4a,new,11,0.000,0.000,0.000,0.000,0.000,0.000,0.000,0.000,0.000,0.000,0.000,1.000,0.000
4a,new,12,0.000,0.000,0.000,0.000,0.000,0.000,0.000,0.000,0.000,0.000,0.000,1.000,0.000
4b,new,0,0.000,0.000,0.000,0.000,0.000,0.000,0.000,0.000,0.000,0.000,0.000,0.000,0.000
4b,new,1,0.000,0.000,0.000,0.000,0.000,0.000,0.000,0.000,0.000,0.000,134.000,0.000,0.000
4b,new,2,0.000,0.000,0.000,0.000,0.000,0.000,0.000,0.000,0.000,0.000,113.000,0.000,0.000
4b,new,3,0.000,0.000,0.000,0.000,0.000,0.000,0.000,0.000,0.000,0.000,111.000,0.000,0.000
4b,new,4,0.000,0.000,0.000,0.000,0.000,0.000,0.000,0.000,0.000,0.000,112.000,6.000,0.000
4b,new,5,0.000,0.000,0.000,0.000,0.000,0.000,0.000,0.000,0.000,0.000,0.000,0.000,0.000
4b,new,6,0.000,0.000,0.000,0.000,0.000,0.000,0.000,0.000,0.000,0.000,0.000,0.000,0.000
4b,new,7,0.000,0.000,0.000,0.000,0.000,0.000,0.000,0.000,0.000,0.000,0.000,1.000,0.000
4b,new,8,0.000,0.000,0.000,0.000,0.000,0.000,0.000,0.000,0.000,0.000,0.000,8.000,0.000
4b,new,9,0.000,0.000,0.000,0.000,0.000,0.000,0.000,0.000,0.000,0.000,0.000,0.000,0.000
4b,new,10,0.000,0.000,0.000,0.000,0.000,0.000,0.000,0.000,0.000,0.000,0.000,0.000,0.000
4b,new,11,0.000,0.000,0.000,0.000,0.000,0.000,0.000,0.000,0.000,0.000,0.000,0.000,0.000
4b,new,12,0.000,0.000,0.000,0.000,0.000,0.000,0.000,0.000,0.000,0.000,0.000,9.000,0.000
4c,new,0,0.000,0.000,0.000,0.000,0.000,0.000,0.000,0.000,0.000,0.000,0.000,0.000,0.000
4c,new,1,0.000,0.000,0.000,0.000,0.000,0.000,0.000,0.000,0.000,0.000,140.000,0.000,0.000
4c,new,2,0.000,0.000,0.000,0.000,0.000,0.000,0.000,0.000,0.000,0.000,0.000,11.000,0.000
4c,new,3,0.000,0.000,0.000,0.000,0.000,0.000,0.000,0.000,0.000,0.000,114.000,1.000,0.000
4c,new,4,0.000,0.000,0.000,0.000,0.000,0.000,0.000,0.000,0.000,0.000,126.000,2.000,0.000
4c,new,5,0.000,0.000,0.000,0.000,0.000,0.000,0.000,0.000,0.000,0.000,0.000,0.000,0.000
4c,new,6,0.000,0.000,0.000,0.000,0.000,0.000,0.000,0.000,0.000,0.000,0.000,9.000,0.000
4c,new,7,0.000,0.000,0.000,0.000,0.000,0.000,0.000,0.000,0.000,0.000,0.000,2.000,0.000
4c,new,8,0.000,0.000,0.000,0.000,0.000,0.000,0.000,0.000,0.000,0.000,0.000,5.000,0.000
4c,new,9,0.000,0.000,0.000,0.000,0.000,0.000,0.000,0.000,0.000,0.000,0.000,0.000,0.000
4c,new,10,0.000,0.000,0.000,0.000,0.000,0.000,0.000,0.000,0.000,0.000,0.000,7.000,0.000
4c,new,11,0.000,0.000,0.000,0.000,0.000,0.000,0.000,0.000,0.000,0.000,0.000,2.000,0.000
4c,new,12,0.000,0.000,0.000,0.000,0.000,0.000,0.000,0.000,0.000,0.000,0.000,5.000,0.000
5a,new,0,0.000,0.000,0.000,0.000,0.000,0.000,0.000,0.000,0.000,0.000,0.000,0.000,0.000
5a,new,1,0.000,0.000,0.000,0.000,0.000,0.000,0.000,0.000,0.000,0.000,190.000,0.000,0.000
5a,new,2,0.000,0.000,0.000,0.000,0.000,0.000,0.000,0.000,0.000,0.000,0.000,0.000,0.000
5a,new,3,0.000,0.000,0.000,0.000,0.000,0.000,0.000,0.000,0.000,0.000,0.000,0.000,0.000
5a,new,4,0.000,0.000,0.000,0.000,0.000,0.000,0.000,0.000,0.000,0.000,0.000,0.000,0.000
5a,new,5,0.000,0.000,0.000,0.000,0.000,0.000,0.000,0.000,0.000,0.000,0.000,0.000,0.000
5a,new,6,0.000,0.000,0.000,0.000,0.000,0.000,0.000,0.000,0.000,0.000,0.000,0.000,0.000
5b,new,0,0.000,0.000,0.000,0.000,0.000,0.000,0.000,0.000,0.000,0.000,0.000,0.000,0.000
5b,new,1,0.000,0.000,0.000,0.000,0.000,0.000,0.000,0.000,0.000,0.000,117.000,0.000,0.000
5b,new,2,0.000,0.000,0.000,0.000,0.000,0.000,0.000,0.000,0.000,0.000,0.000,0.000,0.000
5b,new,3,0.000,0.000,0.000,0.000,0.000,0.000,0.000,0.000,0.000,0.000,0.000,0.000,0.000
5c,new,0,0.000,0.000,0.000,0.000,0.000,0.000,0.000,0.000,0.000,0.000,0.000,0.000,0.000
5c,new,1,0.000,0.000,0.000,0.000,0.000,0.000,0.000,0.000,0.000,0.000,124.000,0.000,0.000
5c,new,2,0.000,0.000,0.000,0.000,0.000,0.000,0.000,0.000,0.000,0.000,0.000,0.000,0.000
5c,new,3,0.000,0.000,0.000,0.000,0.000,0.000,0.000,0.000,0.000,0.000,114.000,1.000,0.000
5c,new,4,0.000,0.000,0.000,0.000,0.000,0.000,0.000,0.000,0.000,0.000,117.000,2.000,0.000
5c,new,5,0.000,0.000,0.000,0.000,0.000,0.000,0.000,0.000,0.000,0.000,0.000,0.000,0.000
5c,new,6,0.000,0.000,0.000,0.000,0.000,0.000,0.000,0.000,0.000,0.000,0.000,0.000,0.000
5c,new,7,0.000,0.000,0.000,0.000,0.000,0.000,0.000,0.000,0.000,0.000,0.000,4.000,0.000
5c,new,8,0.000,0.000,0.000,0.000,0.000,0.000,0.000,0.000,0.000,0.000,0.000,2.000,0.000
5c,new,9,0.000,0.000,0.000,0.000,0.000,0.000,0.000,0.000,0.000,0.000,0.000,0.000,0.000
5c,new,10,0.000,0.000,0.000,0.000,0.000,0.000,0.000,0.000,0.000,0.000,0.000,0.000,0.000
5c,new,11,0.000,0.000,0.000,0.000,0.000,0.000,0.000,0.000,0.000,0.000,0.000,2.000,0.000
5c,new,12,0.000,0.000,0.000,0.000,0.000,0.000,0.000,0.000,0.000,0.000,0.000,2.000,0.000
6a,new,0,0.000,0.000,0.000,0.000,0.000,0.000,0.000,0.000,0.000,0.000,0.000,0.000,0.000
6a,new,1,0.000,0.000,0.000,0.000,0.000,0.000,0.000,0.000,0.000,0.000,128.000,0.000,0.000
6a,new,2,0.000,0.000,0.000,0.000,0.000,0.000,0.000,0.000,0.000,0.000,109.000,1.000,0.000
6a,new,3,0.000,0.000,0.000,0.000,0.000,0.000,0.000,0.000,0.000,0.000,0.000,0.000,0.000
6a,new,4,0.000,0.000,0.000,0.000,0.000,0.000,0.000,0.000,0.000,0.000,116.000,10.000,0.000
6a,new,5,0.000,0.000,0.000,0.000,0.000,0.000,0.000,0.000,0.000,0.000,0.000,0.000,0.000
6a,new,6,0.000,0.000,0.000,0.000,0.000,0.000,0.000,0.000,0.000,0.000,0.000,0.000,0.000
6a,new,7,0.000,0.000,0.000,0.000,0.000,0.000,0.000,0.000,0.000,0.000,0.000,0.000,0.000
6a,new,8,0.000,0.000,0.000,0.000,0.000,0.000,0.000,0.000,0.000,0.000,0.000,9.000,0.000
6a,new,9,0.000,0.000,0.000,0.000,0.000,0.000,0.000,0.000,0.000,0.000,0.000,0.000,0.000
6a,new,10,0.000,0.000,0.000,0.000,0.000,0.000,0.000,0.000,0.000,0.000,0.000,0.000,0.000
6a,new,11,0.000,0.000,0.000,0.000,0.000,0.000,0.000,0.000,0.000,0.000,0.000,0.000,0.000
6a,new,12,0.000,0.000,0.000,0.000,0.000,0.000,0.000,0.000,0.000,0.000,0.000,10.000,0.000
6b,new,0,0.000,0.000,0.000,0.000,0.000,0.000,0.000,0.000,0.000,0.000,0.000,0.000,0.000
6b,new,1,0.000,0.000,0.000,0.000,0.000,0.000,0.000,0.000,0.000,0.000,137.000,0.000,0.000
6b,new,2,0.000,0.000,0.000,0.000,0.000,0.000,0.000,0.000,0.000,0.000,0.000,0.000,0.000
6b,new,3,0.000,0.000,0.000,0.000,0.000,0.000,0.000,0.000,0.000,0.000,0.000,0.000,0.000
6b,new,4,0.000,0.000,0.000,0.000,0.000,0.000,0.000,0.000,0.000,0.000,129.000,1.000,0.000
6b,new,5,0.000,0.000,0.000,0.000,0.000,0.000,0.000,0.000,0.000,0.000,126.000,6.000,0.000
6b,new,6,0.000,0.000,0.000,0.000,0.000,0.000,0.000,0.000,0.000,0.000,0.000,0.000,0.000
6b,new,7,0.000,0.000,0.000,0.000,0.000,0.000,0.000,0.000,0.000,0.000,0.000,0.000,0.000
6b,new,8,0.000,0.000,0.000,0.000,0.000,0.000,0.000,0.000,0.000,0.000,0.000,0.000,0.000
6b,new,9,0.000,0.000,0.000,0.000,0.000,0.000,0.000,0.000,0.000,0.000,0.000,1.000,0.000
6b,new,10,0.000,0.000,0.000,0.000,0.000,0.000,0.000,0.000,0.000,0.000,0.000,9.000,0.000
6b,new,11,0.000,0.000,0.000,0.000,0.000,0.000,0.000,0.000,0.000,0.000,0.000,0.000,0.000
6b,new,12,0.000,0.000,0.000,0.000,0.000,0.000,0.000,0.000,0.000,0.000,0.000,0.000,0.000
6b,new,13,0.000,0.000,0.000,0.000,0.000,0.000,0.000,0.000,0.000,0.000,0.000,0.000,0.000
6b,new,14,0.000,0.000,0.000,0.000,0.000,0.000,0.000,0.000,0.000,0.000,0.000,1.000,0.000
6b,new,15,0.000,0.000,0.000,0.000,0.000,0.000,0.000,0.000,0.000,0.000,0.000,8.000,0.000
6c,new,0,0.000,0.000,0.000,0.000,0.000,0.000,0.000,0.000,0.000,0.000,0.000,0.000,0.000
6c,new,1,0.000,0.000,0.000,0.000,0.000,0.000,0.000,0.000,0.000,0.000,112.000,0.000,0.000
6c,new,2,0.000,0.000,0.000,0.000,0.000,0.000,0.000,0.000,0.000,0.000,0.000,0.000,0.000
6c,new,3,0.000,0.000,0.000,0.000,0.000,0.000,0.000,0.000,0.000,0.000,114.000,3.000,0.000
6c,new,4,0.000,0.000,0.000,0.000,0.000,0.000,0.000,0.000,0.000,0.000,116.000,8.000,0.000
6c,new,5,0.000,0.000,0.000,0.000,0.000,0.000,0.000,0.000,0.000,0.000,0.000,0.000,0.000
6c,new,6,0.000,0.000,0.000,0.000,0.000,0.000,0.000,0.000,0.000,0.000,0.000,0.000,0.000
6c,new,7,0.000,0.000,0.000,0.000,0.000,0.000,0.000,0.000,0.000,0.000,0.000,0.000,0.000
6c,new,8,0.000,0.000,0.000,0.000,0.000,0.000,0.000,0.000,0.000,0.000,0.000,8.000,0.000
6c,new,9,0.000,0.000,0.000,0.000,0.000,0.000,0.000,0.000,0.000,0.000,0.000,0.000,0.000
6c,new,10,0.000,0.000,0.000,0.000,0.000,0.000,0.000,0.000,0.000,0.000,0.000,0.000,0.000
6c,new,11,0.000,0.000,0.000,0.000,0.000,0.000,0.000,0.000,0.000,0.000,0.000,0.000,0.000
6c,new,12,0.000,0.000,0.000,0.000,0.000,0.000,0.000,0.000,0.000,0.000,0.000,8.000,0.000
6d,new,0,0.000,0.000,0.000,0.000,0.000,0.000,0.000,0.000,0.000,0.000,0.000,0.000,0.000
6d,new,1,0.000,0.000,0.000,0.000,0.000,0.000,0.000,0.000,0.000,0.000,121.000,0.000,0.000
6d,new,2,0.000,0.000,0.000,0.000,0.000,0.000,0.000,0.000,0.000,0.000,0.000,0.000,0.000
6d,new,3,0.000,0.000,0.000,0.000,0.000,1.000,0.000,1.000,0.000,0.000,126.000,6.000,0.000
6d,new,4,0.000,0.000,0.000,0.000,0.000,1.000,0.000,0.000,0.000,0.000,133.000,3.000,0.000
6d,new,5,0.000,0.000,0.000,0.000,0.000,0.000,0.000,0.000,0.000,0.000,117.000,6.000,0.000
6d,new,6,0.000,0.000,0.000,0.000,0.000,0.000,0.000,0.000,0.000,0.000,0.000,0.000,0.000
6d,new,7,0.000,0.000,0.000,0.000,0.000,0.000,0.000,0.000,0.000,0.000,0.000,0.000,0.000
6d,new,8,0.000,0.000,0.000,0.000,0.000,2.000,0.000,1.000,0.000,0.000,0.000,6.000,0.000
6d,new,9,0.000,0.000,0.000,0.000,0.000,0.000,0.000,0.000,0.000,0.000,0.000,3.000,0.000
6d,new,10,0.000,0.000,0.000,0.000,0.000,0.000,0.000,0.000,0.000,0.000,0.000,10.000,0.000
6d,new,11,0.000,0.000,0.000,0.000,0.000,0.000,0.000,0.000,0.000,0.000,0.000,0.000,0.000
6d,new,12,0.000,0.000,0.000,0.000,0.000,0.000,0.000,0.000,0.000,0.000,0.000,0.000,0.000
6d,new,13,0.000,0.000,0.000,0.000,0.000,4.000,0.000,4.000,0.000,0.000,0.000,7.000,0.000
6d,new,14,0.000,0.000,0.000,0.000,0.000,1.000,0.000,0.000,0.000,0.000,0.000,3.000,0.000
6d,new,15,0.000,0.000,0.000,0.000,0.000,0.000,0.000,0.000,0.000,0.000,0.000,7.000,0.000
6e,new,0,0.000,0.000,0.000,0.000,0.000,0.000,0.000,0.000,0.000,0.000,0.000,0.000,0.000
6e,new,1,0.000,0.000,0.000,0.000,0.000,0.000,0.000,0.000,0.000,0.000,125.000,0.000,0.000
6e,new,2,0.000,0.000,0.000,0.000,0.000,0.000,0.000,0.000,0.000,0.000,122.000,2.000,0.000
6e,new,3,0.000,0.000,0.000,0.000,0.000,0.000,0.000,0.000,0.000,0.000,0.000,1.000,0.000
6e,new,4,0.000,0.000,0.000,0.000,0.000,0.000,0.000,0.000,0.000,0.000,117.000,6.000,0.000
6e,new,5,0.000,0.000,0.000,0.000,0.000,0.000,0.000,0.000,0.000,0.000,0.000,0.000,0.000
6e,new,6,0.000,0.000,0.000,0.000,0.000,0.000,0.000,0.000,0.000,0.000,0.000,0.000,0.000
6e,new,7,0.000,0.000,0.000,0.000,0.000,0.000,0.000,0.000,0.000,0.000,0.000,3.000,0.000
6e,new,8,0.000,0.000,0.000,0.000,0.000,0.000,0.000,0.000,0.000,0.000,0.000,6.000,0.000
6e,new,9,0.000,0.000,0.000,0.000,0.000,0.000,0.000,0.000,0.000,0.000,0.000,0.000,0.000
6e,new,10,0.000,0.000,0.000,0.000,0.000,0.000,0.000,0.000,0.000,0.000,0.000,0.000,0.000
6e,new,11,0.000,0.000,0.000,0.000,0.000,0.000,0.000,0.000,0.000,0.000,0.000,1.000,0.000
6e,new,12,0.000,0.000,0.000,0.000,0.000,0.000,0.000,0.000,0.000,0.000,0.000,8.000,0.000
6f,new,0,0.000,0.000,0.000,0.000,0.000,0.000,0.000,0.000,0.000,0.000,0.000,0.000,0.000
6f,new,1,0.000,0.000,0.000,0.000,0.000,0.000,0.000,0.000,0.000,0.000,115.000,0.000,0.000
6f,new,2,0.000,0.000,0.000,0.000,0.000,5.000,3.000,1.000,0.000,0.000,121.000,14.000,0.000
6f,new,3,0.000,0.000,0.000,0.000,0.000,0.000,0.000,0.000,0.000,0.000,0.000,3.000,0.000
6f,new,4,0.000,0.000,0.000,0.000,28.000,64.000,1.000,33.000,1.000,0.000,119.000,212.000,0.000
6f,new,5,0.000,0.000,0.000,0.000,0.000,0.000,0.000,0.000,0.000,0.000,152.000,82.000,0.000
6f,new,6,0.000,0.000,0.000,0.000,0.000,0.000,0.000,0.000,0.000,0.000,0.000,0.000,0.000
6f,new,7,0.000,0.000,0.000,0.000,4.000,6.000,0.000,1.000,0.000,0.000,0.000,8.000,0.000
6f,new,8,0.000,0.000,0.000,0.000,0.000,6.000,6.000,0.000,0.000,0.000,0.000,9.000,0.000
6f,new,9,0.000,0.000,0.000,0.000,30.000,83.000,3.000,48.000,1.000,0.000,0.000,234.000,0.000
6f,new,10,0.000,0.000,0.000,0.000,0.000,0.000,0.000,0.000,0.000,0.000,0.000,40.000,0.000
6f,new,11,0.000,0.000,0.000,0.000,0.000,0.000,0.000,0.000,0.000,0.000,0.000,0.000,0.000
6f,new,12,0.000,0.000,0.000,0.000,0.000,2.000,0.000,1.000,0.000,0.000,0.000,3.000,0.000
6f,new,13,0.000,0.000,0.000,0.000,0.000,0.000,0.000,0.000,0.000,0.000,0.000,2.000,0.000
6f,new,14,0.000,0.000,0.000,0.000,30.000,66.000,1.000,33.000,1.000,0.000,0.000,192.000,0.000
6f,new,15,0.000,0.000,0.000,0.000,0.000,0.000,0.000,0.000,0.000,0.000,0.000,38.000,0.000
7a,new,0,0.000,0.000,0.000,0.000,0.000,0.000,0.000,0.000,0.000,0.000,0.000,0.000,0.000
7a,new,1,0.000,0.000,0.000,0.000,0.000,0.000,0.000,0.000,0.000,0.000,126.000,0.000,0.000
7a,new,2,0.000,0.000,0.000,0.000,0.000,0.000,0.000,0.000,0.000,0.000,118.000,4.000,0.000
7a,new,3,0.000,0.000,0.000,0.000,0.000,0.000,0.000,0.000,0.000,0.000,110.000,0.000,0.000
7a,new,4,0.000,0.000,0.000,0.000,0.000,0.000,0.000,0.000,0.000,0.000,0.000,0.000,0.000
7a,new,5,0.000,0.000,0.000,0.000,0.000,0.000,0.000,0.000,0.000,0.000,109.000,0.000,0.000
7a,new,6,0.000,0.000,0.000,0.000,0.000,0.000,0.000,0.000,0.000,0.000,111.000,52.000,0.000
7a,new,7,0.000,0.000,0.000,0.000,0.000,0.000,0.000,0.000,0.000,0.000,0.000,0.000,0.000
7a,new,8,0.000,0.000,0.000,0.000,0.000,0.000,0.000,0.000,0.000,0.000,0.000,0.000,0.000
7a,new,9,0.000,0.000,0.000,0.000,0.000,0.000,0.000,0.000,0.000,0.000,0.000,0.000,0.000
7a,new,10,0.000,0.000,0.000,0.000,0.000,0.000,0.000,0.000,0.000,0.000,0.000,0.000,0.000
7a,new,11,0.000,0.000,0.000,0.000,0.000,0.000,0.000,0.000,0.000,0.000,0.000,0.000,0.000
7a,new,12,0.000,0.000,0.000,0.000,0.000,0.000,0.000,0.000,0.000,0.000,0.000,60.000,0.000
7a,new,13,0.000,0.000,0.000,0.000,0.000,0.000,0.000,0.000,0.000,0.000,0.000,0.000,0.000
7a,new,14,0.000,0.000,0.000,0.000,0.000,0.000,0.000,0.000,0.000,0.000,0.000,3.000,0.000
7a,new,15,0.000,0.000,0.000,0.000,0.000,0.000,0.000,0.000,0.000,0.000,0.000,0.000,0.000
7a,new,16,0.000,0.000,0.000,0.000,0.000,0.000,0.000,0.000,0.000,0.000,0.000,0.000,0.000
7a,new,17,0.000,0.000,0.000,0.000,0.000,0.000,0.000,0.000,0.000,0.000,0.000,0.000,0.000
7a,new,18,0.000,0.000,0.000,0.000,0.000,0.000,0.000,0.000,0.000,0.000,0.000,56.000,0.000
7b,new,0,0.000,0.000,0.000,0.000,0.000,0.000,0.000,0.000,0.000,0.000,0.000,0.000,0.000
7b,new,1,0.000,0.000,0.000,0.000,0.000,0.000,0.000,0.000,0.000,0.000,159.000,0.000,0.000
7b,new,2,0.000,0.000,0.000,0.000,0.000,0.000,0.000,0.000,0.000,0.000,118.000,0.000,0.000
7b,new,3,0.000,0.000,0.000,0.000,0.000,0.000,0.000,0.000,0.000,0.000,189.000,0.000,0.000
7b,new,4,0.000,0.000,0.000,0.000,0.000,0.000,0.000,0.000,0.000,0.000,0.000,0.000,0.000
7b,new,5,0.000,0.000,0.000,0.000,0.000,0.000,0.000,0.000,0.000,0.000,124.000,0.000,0.000
7b,new,6,0.000,0.000,0.000,0.000,0.000,0.000,0.000,0.000,0.000,0.000,146.000,6.000,0.000
7b,new,7,0.000,0.000,0.000,0.000,0.000,0.000,0.000,0.000,0.000,0.000,0.000,0.000,0.000
7b,new,8,0.000,0.000,0.000,0.000,0.000,0.000,0.000,0.000,0.000,0.000,0.000,0.000,0.000
7b,new,9,0.000,0.000,0.000,0.000,0.000,0.000,0.000,0.000,0.000,0.000,0.000,0.000,0.000
7b,new,10,0.000,0.000,0.000,0.000,0.000,0.000,0.000,0.000,0.000,0.000,0.000,0.000,0.000
7b,new,11,0.000,0.000,0.000,0.000,0.000,0.000,0.000,0.000,0.000,0.000,0.000,0.000,0.000
7b,new,12,0.000,0.000,0.000,0.000,0.000,0.000,0.000,0.000,0.000,0.000,0.000,10.000,0.000
7b,new,13,0.000,0.000,0.000,0.000,0.000,0.000,0.000,0.000,0.000,0.000,0.000,0.000,0.000
7b,new,14,0.000,0.000,0.000,0.000,0.000,0.000,0.000,0.000,0.000,0.000,0.000,0.000,0.000
7b,new,15,0.000,0.000,0.000,0.000,0.000,0.000,0.000,0.000,0.000,0.000,0.000,0.000,0.000
7b,new,16,0.000,0.000,0.000,0.000,0.000,0.000,0.000,0.000,0.000,0.000,0.000,0.000,0.000
7b,new,17,0.000,0.000,0.000,0.000,0.000,0.000,0.000,0.000,0.000,0.000,0.000,0.000,0.000
7b,new,18,0.000,0.000,0.000,0.000,0.000,0.000,0.000,0.000,0.000,0.000,0.000,7.000,0.000
7c,new,0,0.000,0.000,0.000,0.000,0.000,0.000,0.000,0.000,0.000,0.000,0.000,0.000,0.000
7c,new,1,0.000,0.000,0.000,0.000,0.000,0.000,0.000,0.000,0.000,0.000,139.000,0.000,0.000
7c,new,2,0.000,0.000,0.000,0.000,0.000,1.000,0.000,1.000,0.000,0.000,0.000,1.000,0.000
7c,new,3,0.000,0.000,0.000,0.000,0.000,0.000,0.000,0.000,0.000,0.000,174.000,7.000,0.000
7c,new,4,0.000,0.000,0.000,0.000,2.000,9.000,0.000,7.000,0.000,0.000,137.000,10.000,0.000
7c,new,5,0.000,0.000,0.000,0.000,0.000,0.000,0.000,0.000,0.000,0.000,0.000,3.000,0.000
7c,new,6,0.000,0.000,0.000,0.000,0.000,0.000,0.000,0.000,0.000,0.000,112.000,7.000,0.000
7c,new,7,0.000,0.000,0.000,0.000,0.000,0.000,0.000,0.000,0.000,0.000,127.000,74.000,0.000
7c,new,8,0.000,0.000,0.000,0.000,0.000,0.000,0.000,0.000,0.000,0.000,0.000,0.000,0.000
7c,new,9,0.000,0.000,0.000,0.000,0.000,2.000,0.000,1.000,0.000,0.000,0.000,2.000,0.000
7c,new,10,0.000,0.000,0.000,0.000,0.000,0.000,0.000,0.000,0.000,0.000,0.000,4.000,0.000
7c,new,11,0.000,0.000,0.000,0.000,2.000,8.000,0.000,5.000,0.000,0.000,0.000,10.000,0.000
7c,new,12,0.000,0.000,0.000,0.000,0.000,1.000,0.000,0.000,0.000,0.000,0.000,2.000,0.000
7c,new,13,0.000,0.000,0.000,0.000,0.000,0.000,0.000,0.000,0.000,0.000,0.000,12.000,0.000
7c,new,14,0.000,0.000,0.000,0.000,0.000,0.000,0.000,0.000,0.000,0.000,0.000,90.000,0.000
7c,new,15,0.000,0.000,0.000,0.000,0.000,0.000,0.000,0.000,0.000,0.000,0.000,0.000,0.000
7c,new,16,0.000,0.000,0.000,0.000,0.000,2.000,0.000,1.000,0.000,0.000,0.000,2.000,0.000
7c,new,17,0.000,0.000,0.000,0.000,0.000,0.000,0.000,0.000,0.000,0.000,0.000,3.000,0.000
7c,new,18,0.000,0.000,0.000,0.000,2.000,8.000,0.000,5.000,0.000,0.000,0.000,10.000,0.000
7c,new,19,0.000,0.000,0.000,0.000,0.000,0.000,0.000,0.000,0.000,0.000,0.000,1.000,0.000
7c,new,20,0.000,0.000,0.000,0.000,0.000,0.000,0.000,0.000,0.000,0.000,0.000,3.000,0.000
7c,new,21,0.000,0.000,0.000,0.000,0.000,0.000,0.000,0.000,0.000,0.000,0.000,68.000,0.000
8a,new,0,0.000,0.000,0.000,0.000,0.000,0.000,0.000,0.000,0.000,0.000,0.000,0.000,0.000
8a,new,1,0.000,0.000,0.000,0.000,0.000,0.000,0.000,0.000,0.000,0.000,119.000,0.000,0.000
8a,new,2,0.000,0.000,0.000,0.000,0.000,1.000,0.000,0.000,0.000,0.000,0.000,1.000,0.000
8a,new,3,0.000,0.000,0.000,0.000,0.000,0.000,0.000,0.000,0.000,0.000,125.000,0.000,0.000
8a,new,4,0.000,0.000,0.000,0.000,0.000,0.000,0.000,0.000,0.000,0.000,116.000,0.000,0.000
8a,new,5,0.000,0.000,0.000,0.000,0.000,0.000,0.000,0.000,0.000,0.000,0.000,1.000,0.000
8a,new,6,0.000,0.000,0.000,0.000,0.000,0.000,0.000,0.000,0.000,0.000,112.000,2.000,0.000
8a,new,7,0.000,0.000,0.000,0.000,0.000,0.000,0.000,0.000,0.000,0.000,0.000,0.000,0.000
8a,new,8,0.000,0.000,0.000,0.000,0.000,1.000,0.000,1.000,0.000,0.000,0.000,1.000,0.000
8a,new,9,0.000,0.000,0.000,0.000,0.000,0.000,0.000,0.000,0.000,0.000,0.000,0.000,0.000
8a,new,10,0.000,0.000,0.000,0.000,0.000,0.000,0.000,0.000,0.000,0.000,0.000,0.000,0.000
8a,new,11,0.000,0.000,0.000,0.000,0.000,0.000,0.000,0.000,0.000,0.000,0.000,2.000,0.000
8a,new,12,0.000,0.000,0.000,0.000,0.000,0.000,0.000,0.000,0.000,0.000,0.000,3.000,0.000
8a,new,13,0.000,0.000,0.000,0.000,0.000,0.000,0.000,0.000,0.000,0.000,0.000,0.000,0.000
8a,new,14,0.000,0.000,0.000,0.000,0.000,1.000,0.000,0.000,0.000,0.000,0.000,1.000,0.000
8a,new,15,0.000,0.000,0.000,0.000,0.000,0.000,0.000,0.000,0.000,0.000,0.000,0.000,0.000
8a,new,16,0.000,0.000,0.000,0.000,0.000,0.000,0.000,0.000,0.000,0.000,0.000,0.000,0.000
8a,new,17,0.000,0.000,0.000,0.000,0.000,0.000,0.000,0.000,0.000,0.000,0.000,1.000,0.000
8a,new,18,0.000,0.000,0.000,0.000,0.000,0.000,0.000,0.000,0.000,0.000,0.000,4.000,0.000
8b,new,0,0.000,0.000,0.000,0.000,0.000,0.000,0.000,0.000,0.000,0.000,0.000,0.000,0.000
8b,new,1,0.000,0.000,0.000,0.000,0.000,0.000,0.000,0.000,0.000,0.000,167.000,0.000,0.000
8b,new,2,0.000,0.000,0.000,0.000,0.000,0.000,0.000,0.000,0.000,0.000,0.000,0.000,0.000
8b,new,3,0.000,0.000,0.000,0.000,0.000,0.000,0.000,0.000,0.000,0.000,113.000,0.000,0.000
8b,new,4,0.000,0.000,0.000,0.000,0.000,0.000,0.000,0.000,0.000,0.000,121.000,0.000,0.000
8b,new,5,0.000,0.000,0.000,0.000,0.000,0.000,0.000,0.000,0.000,0.000,116.000,0.000,0.000
8b,new,6,0.000,0.000,0.000,0.000,0.000,0.000,0.000,0.000,0.000,0.000,116.000,0.000,0.000
8b,new,7,0.000,0.000,0.000,0.000,0.000,0.000,0.000,0.000,0.000,0.000,0.000,0.000,0.000
8b,new,8,0.000,0.000,0.000,0.000,0.000,0.000,0.000,0.000,0.000,0.000,0.000,0.000,0.000
8b,new,9,0.000,0.000,0.000,0.000,0.000,0.000,0.000,0.000,0.000,0.000,0.000,0.000,0.000
8b,new,10,0.000,0.000,0.000,0.000,0.000,0.000,0.000,0.000,0.000,0.000,0.000,0.000,0.000
8b,new,11,0.000,0.000,0.000,0.000,0.000,0.000,0.000,0.000,0.000,0.000,0.000,0.000,0.000
8b,new,12,0.000,0.000,0.000,0.000,0.000,0.000,0.000,0.000,0.000,0.000,0.000,0.000,0.000
8b,new,13,0.000,0.000,0.000,0.000,0.000,0.000,0.000,0.000,0.000,0.000,0.000,0.000,0.000
8b,new,14,0.000,0.000,0.000,0.000,0.000,0.000,0.000,0.000,0.000,0.000,0.000,0.000,0.000
8b,new,15,0.000,0.000,0.000,0.000,0.000,1.000,0.000,0.000,0.000,0.000,0.000,1.000,0.000
8b,new,16,0.000,0.000,0.000,0.000,0.000,0.000,0.000,0.000,0.000,0.000,0.000,0.000,0.000
8b,new,17,0.000,0.000,0.000,0.000,0.000,0.000,0.000,0.000,0.000,0.000,0.000,0.000,0.000
8b,new,18,0.000,0.000,0.000,0.000,0.000,0.000,0.000,0.000,0.000,0.000,0.000,0.000,0.000
8c,new,0,0.000,0.000,0.000,0.000,0.000,0.000,0.000,0.000,0.000,0.000,0.000,0.000,0.000
8c,new,1,0.000,0.000,0.000,0.000,5.000,12.000,0.000,6.000,0.000,0.000,142.000,15.000,0.000
8c,new,2,0.000,0.000,0.000,0.000,38.000,96.000,1.000,56.000,1.000,0.000,118.000,103.000,0.000
8c,new,3,0.000,0.000,0.000,0.000,22.000,52.000,0.000,28.000,0.000,0.000,0.000,65.000,0.000
8c,new,4,0.000,0.000,0.000,0.000,56.000,107.000,1.000,46.000,1.000,0.000,0.000,133.000,0.000
8c,new,5,0.000,0.000,0.000,0.000,42.000,115.000,1.000,70.000,1.000,0.000,132.000,181.000,0.000
8c,new,6,0.000,0.000,0.000,0.000,0.000,0.000,0.000,0.000,0.000,0.000,122.000,154.000,0.000
8c,new,7,0.000,0.000,0.000,0.000,2.000,11.000,0.000,9.000,0.000,0.000,0.000,12.000,0.000
8c,new,8,0.000,0.000,0.000,0.000,44.000,110.000,1.000,63.000,1.000,0.000,0.000,119.000,0.000
8c,new,9,0.000,0.000,0.000,0.000,26.000,61.000,0.000,33.000,1.000,0.000,0.000,79.000,0.000
8c,new,10,0.000,0.000,0.000,0.000,68.000,122.000,1.000,50.000,2.000,0.000,0.000,144.000,0.000
8c,new,11,0.000,0.000,0.000,0.000,41.000,97.000,1.000,52.000,1.000,0.000,0.000,161.000,0.000
8c,new,12,0.000,0.000,0.000,0.000,0.000,0.000,0.000,0.000,0.000,0.000,0.000,123.000,0.000
8c,new,13,0.000,0.000,0.000,0.000,2.000,13.000,0.000,10.000,0.000,0.000,0.000,15.000,0.000
8c,new,14,0.000,0.000,0.000,0.000,50.000,111.000,1.000,57.000,1.000,0.000,0.000,118.000,0.000
8c,new,15,0.000,0.000,0.000,0.000,24.000,68.000,0.000,41.000,1.000,0.000,0.000,90.000,0.000
8c,new,16,0.000,0.000,0.000,0.000,74.000,124.000,1.000,46.000,1.000,0.000,0.000,154.000,0.000
8c,new,17,0.000,0.000,0.000,0.000,43.000,98.000,1.000,52.000,1.000,0.000,0.000,164.000,0.000
8c,new,18,0.000,0.000,0.000,0.000,0.000,0.000,0.000,0.000,0.000,0.000,0.000,120.000,0.000
8d,new,0,0.000,0.000,0.000,0.000,0.000,0.000,0.000,0.000,0.000,0.000,0.000,0.000,0.000
8d,new,1,0.000,0.000,0.000,0.000,3.000,9.000,0.000,6.000,0.000,0.000,137.000,10.000,0.000
8d,new,2,0.000,0.000,0.000,0.000,15.000,32.000,1.000,14.000,0.000,0.000,132.000,39.000,0.000
8d,new,3,0.000,0.000,0.000,0.000,0.000,1.000,0.000,0.000,0.000,0.000,0.000,3.000,0.000
8d,new,4,0.000,0.000,0.000,0.000,3.000,15.000,0.000,11.000,0.000,0.000,145.000,21.000,0.000
8d,new,5,0.000,0.000,0.000,0.000,11.000,37.000,0.000,21.000,4.000,0.000,125.000,62.000,0.000
8d,new,6,0.000,0.000,0.000,0.000,0.000,0.000,0.000,0.000,0.000,0.000,153.000,31.000,0.000
8d,new,7,0.000,0.000,0.000,0.000,2.000,16.000,0.000,13.000,0.000,0.000,0.000,16.000,0.000
8d,new,8,0.000,0.000,0.000,0.000,8.000,18.000,0.000,9.000,0.000,0.000,0.000,30.000,0.000
8d,new,9,0.000,0.000,0.000,0.000,0.000,0.000,0.000,0.000,0.000,0.000,0.000,2.000,0.000
8d,new,10,0.000,0.000,0.000,0.000,2.000,9.000,0.000,6.000,0.000,0.000,0.000,22.000,0.000
8d,new,11,0.000,0.000,0.000,0.000,5.000,18.000,0.000,12.000,0.000,0.000,0.000,39.000,0.000
8d,new,12,0.000,0.000,0.000,0.000,0.000,0.000,0.000,0.000,0.000,0.000,0.000,22.000,0.000
8d,new,13,0.000,0.000,0.000,0.000,2.000,8.000,0.000,5.000,0.000,0.000,0.000,8.000,0.000
8d,new,14,0.000,0.000,0.000,0.000,7.000,17.000,0.000,8.000,0.000,0.000,0.000,27.000,0.000
8d,new,15,0.000,0.000,0.000,0.000,0.000,0.000,0.000,0.000,0.000,0.000,0.000,2.000,0.000
8d,new,16,0.000,0.000,0.000,0.000,2.000,9.000,0.000,6.000,0.000,0.000,0.000,20.000,0.000
8d,new,17,0.000,0.000,0.000,0.000,5.000,18.000,0.000,12.000,0.000,0.000,0.000,38.000,0.000
8d,new,18,0.000,0.000,0.000,0.000,0.000,0.000,0.000,0.000,0.000,0.000,0.000,22.000,0.000
9a,new,0,0.000,0.000,0.000,0.000,0.000,0.000,0.000,0.000,0.000,0.000,0.000,0.000,0.000
9a,new,1,0.000,0.000,0.000,0.000,0.000,0.000,0.000,0.000,0.000,0.000,139.000,0.000,0.000
9a,new,2,0.000,0.000,0.000,0.000,0.000,0.000,0.000,0.000,0.000,0.000,122.000,7.000,0.000
9a,new,3,0.000,0.000,0.000,0.000,0.000,0.000,0.000,0.000,0.000,0.000,137.000,0.000,0.000
9a,new,4,0.000,0.000,0.000,0.000,0.000,0.000,0.000,0.000,0.000,0.000,158.000,0.000,0.000
9a,new,5,0.000,0.000,0.000,0.000,0.000,0.000,0.000,0.000,0.000,0.000,0.000,1.000,0.000
9a,new,6,0.000,0.000,0.000,0.000,0.000,0.000,0.000,0.000,0.000,0.000,105.000,0.000,0.000
9a,new,7,0.000,0.000,0.000,0.000,0.000,0.000,0.000,0.000,0.000,0.000,106.000,3.000,0.000
9a,new,8,0.000,0.000,0.000,0.000,0.000,0.000,0.000,0.000,0.000,0.000,0.000,0.000,0.000
9a,new,9,0.000,0.000,0.000,0.000,0.000,0.000,0.000,0.000,0.000,0.000,0.000,1.000,0.000
9a,new,10,0.000,0.000,0.000,0.000,0.000,0.000,0.000,0.000,0.000,0.000,0.000,0.000,0.000
9a,new,11,0.000,0.000,0.000,0.000,0.000,0.000,0.000,0.000,0.000,0.000,0.000,0.000,0.000
9a,new,12,0.000,0.000,0.000,0.000,0.000,0.000,0.000,0.000,0.000,0.000,0.000,3.000,0.000
9a,new,13,0.000,0.000,0.000,0.000,0.000,0.000,0.000,0.000,0.000,0.000,0.000,0.000,0.000
9a,new,14,0.000,0.000,0.000,0.000,0.000,0.000,0.000,0.000,0.000,0.000,0.000,5.000,0.000
9a,new,15,0.000,0.000,0.000,0.000,0.000,0.000,0.000,0.000,0.000,0.000,0.000,0.000,0.000
9a,new,16,0.000,0.000,0.000,0.000,0.000,0.000,0.000,0.000,0.000,0.000,0.000,1.000,0.000
9a,new,17,0.000,0.000,0.000,0.000,0.000,0.000,0.000,0.000,0.000,0.000,0.000,0.000,0.000
9a,new,18,0.000,0.000,0.000,0.000,0.000,0.000,0.000,0.000,0.000,0.000,0.000,0.000,0.000
9a,new,19,0.000,0.000,0.000,0.000,0.000,0.000,0.000,0.000,0.000,0.000,0.000,3.000,0.000
9a,new,20,0.000,0.000,0.000,0.000,0.000,0.000,0.000,0.000,0.000,0.000,0.000,0.000,0.000
9a,new,21,0.000,0.000,0.000,0.000,0.000,0.000,0.000,0.000,0.000,0.000,0.000,4.000,0.000
9b,new,0,0.000,0.000,0.000,0.000,0.000,0.000,0.000,0.000,0.000,0.000,0.000,0.000,0.000
9b,new,1,0.000,0.000,0.000,0.000,0.000,0.000,0.000,0.000,0.000,0.000,132.000,0.000,0.000
9b,new,2,0.000,0.000,0.000,0.000,0.000,0.000,0.000,0.000,0.000,0.000,111.000,0.000,0.000
9b,new,3,0.000,0.000,0.000,0.000,0.000,0.000,0.000,0.000,0.000,0.000,131.000,1.000,0.000
9b,new,4,0.000,0.000,0.000,0.000,0.000,0.000,0.000,0.000,0.000,0.000,115.000,0.000,0.000
9b,new,5,0.000,0.000,0.000,0.000,0.000,0.000,0.000,0.000,0.000,0.000,0.000,0.000,0.000
9b,new,6,0.000,0.000,0.000,0.000,0.000,0.000,0.000,0.000,0.000,0.000,112.000,0.000,0.000
9b,new,7,0.000,0.000,0.000,0.000,0.000,0.000,0.000,0.000,0.000,0.000,123.000,3.000,0.000
9b,new,8,0.000,0.000,0.000,0.000,0.000,0.000,0.000,0.000,0.000,0.000,0.000,0.000,0.000
9b,new,9,0.000,0.000,0.000,0.000,0.000,0.000,0.000,0.000,0.000,0.000,0.000,0.000,0.000
9b,new,10,0.000,0.000,0.000,0.000,0.000,0.000,0.000,0.000,0.000,0.000,0.000,1.000,0.000
9b,new,11,0.000,0.000,0.000,0.000,0.000,0.000,0.000,0.000,0.000,0.000,0.000,0.000,0.000
9b,new,12,0.000,0.000,0.000,0.000,0.000,0.000,0.000,0.000,0.000,0.000,0.000,0.000,0.000
9b,new,13,0.000,0.000,0.000,0.000,0.000,0.000,0.000,0.000,0.000,0.000,0.000,0.000,0.000
9b,new,14,0.000,0.000,0.000,0.000,0.000,0.000,0.000,0.000,0.000,0.000,0.000,6.000,0.000
9b,new,15,0.000,0.000,0.000,0.000,0.000,1.000,0.000,0.000,0.000,0.000,0.000,1.000,0.000
9b,new,16,0.000,0.000,0.000,0.000,0.000,0.000,0.000,0.000,0.000,0.000,0.000,0.000,0.000
9b,new,17,0.000,0.000,0.000,0.000,0.000,0.000,0.000,0.000,0.000,0.000,0.000,0.000,0.000
9b,new,18,0.000,0.000,0.000,0.000,0.000,0.000,0.000,0.000,0.000,0.000,0.000,0.000,0.000
9b,new,19,0.000,0.000,0.000,0.000,0.000,0.000,0.000,0.000,0.000,0.000,0.000,0.000,0.000
9b,new,20,0.000,0.000,0.000,0.000,0.000,0.000,0.000,0.000,0.000,0.000,0.000,0.000,0.000
9b,new,21,0.000,0.000,0.000,0.000,0.000,0.000,0.000,0.000,0.000,0.000,0.000,6.000,0.000
9c,new,0,0.000,0.000,0.000,0.000,0.000,0.000,0.000,0.000,0.000,0.000,0.000,0.000,0.000
9c,new,1,0.000,0.000,0.000,0.000,1.000,4.000,0.000,3.000,0.000,0.000,139.000,5.000,0.000
9c,new,2,0.000,0.000,0.000,0.000,0.000,1.000,0.000,0.000,0.000,0.000,0.000,3.000,0.000
9c,new,3,0.000,0.000,0.000,0.000,2.000,8.000,0.000,5.000,0.000,0.000,106.000,9.000,0.000
9c,new,4,0.000,0.000,0.000,0.000,0.000,0.000,0.000,0.000,0.000,0.000,118.000,1.000,0.000
9c,new,5,0.000,0.000,0.000,0.000,0.000,0.000,0.000,0.000,0.000,0.000,107.000,3.000,0.000
9c,new,6,0.000,0.000,0.000,0.000,0.000,0.000,0.000,0.000,0.000,0.000,115.000,4.000,0.000
9c,new,7,0.000,0.000,0.000,0.000,0.000,0.000,0.000,0.000,0.000,0.000,110.000,6.000,0.000
9c,new,8,0.000,0.000,0.000,0.000,1.000,3.000,0.000,2.000,0.000,0.000,0.000,3.000,0.000
9c,new,9,0.000,0.000,0.000,0.000,0.000,0.000,0.000,0.000,0.000,0.000,0.000,3.000,0.000
9c,new,10,0.000,0.000,0.000,0.000,2.000,7.000,0.000,4.000,0.000,0.000,0.000,7.000,0.000
9c,new,11,0.000,0.000,0.000,0.000,0.000,0.000,0.000,0.000,0.000,0.000,0.000,1.000,0.000
9c,new,12,0.000,0.000,0.000,0.000,0.000,0.000,0.000,0.000,0.000,0.000,0.000,6.000,0.000
9c,new,13,0.000,0.000,0.000,0.000,0.000,0.000,0.000,0.000,0.000,0.000,0.000,8.000,0.000
9c,new,14,0.000,0.000,0.000,0.000,0.000,0.000,0.000,0.000,0.000,0.000,0.000,4.000,0.000
9c,new,15,0.000,0.000,0.000,0.000,1.000,3.000,0.000,2.000,0.000,0.000,0.000,3.000,0.000
9c,new,16,0.000,0.000,0.000,0.000,0.000,0.000,0.000,0.000,0.000,0.000,0.000,2.000,0.000
9c,new,17,0.000,0.000,0.000,0.000,2.000,7.000,0.000,5.000,0.000,0.000,0.000,7.000,0.000
9c,new,18,0.000,0.000,0.000,0.000,0.000,0.000,0.000,0.000,0.000,0.000,0.000,1.000,0.000
9c,new,19,0.000,0.000,0.000,0.000,0.000,0.000,0.000,0.000,0.000,0.000,0.000,4.000,0.000
9c,new,20,0.000,0.000,0.000,0.000,0.000,0.000,0.000,0.000,0.000,0.000,0.000,6.000,0.000
9c,new,21,0.000,0.000,0.000,0.000,0.000,0.000,0.000,0.000,0.000,0.000,0.000,6.000,0.000
9d,new,0,0.000,0.000,0.000,0.000,0.000,0.000,0.000,0.000,0.000,0.000,0.000,0.000,0.000
9d,new,1,0.000,0.000,0.000,0.000,2.000,9.000,0.000,7.000,0.000,0.000,115.000,9.000,0.000
9d,new,2,0.000,0.000,0.000,0.000,7.000,15.000,0.000,6.000,0.000,0.000,105.000,17.000,0.000
9d,new,3,0.000,0.000,0.000,0.000,0.000,0.000,0.000,0.000,0.000,0.000,122.000,2.000,0.000
9d,new,4,0.000,0.000,0.000,0.000,18.000,48.000,0.000,28.000,0.000,0.000,114.000,60.000,0.000
9d,new,5,0.000,0.000,0.000,0.000,0.000,2.000,0.000,1.000,0.000,0.000,0.000,8.000,0.000
9d,new,6,0.000,0.000,0.000,0.000,16.000,48.000,0.000,29.000,0.000,0.000,118.000,63.000,0.000
9d,new,7,0.000,0.000,0.000,0.000,0.000,0.000,0.000,0.000,0.000,0.000,140.000,25.000,0.000
9d,new,8,0.000,0.000,0.000,0.000,6.000,15.000,0.000,9.000,0.000,0.000,0.000,18.000,0.000
9d,new,9,0.000,0.000,0.000,0.000,7.000,19.000,0.000,10.000,0.000,0.000,0.000,20.000,0.000
9d,new,10,0.000,0.000,0.000,0.000,0.000,1.000,0.000,1.000,0.000,0.000,0.000,4.000,0.000
9d,new,11,0.000,0.000,0.000,0.000,14.000,39.000,0.000,22.000,0.000,0.000,0.000,50.000,0.000
9d,new,12,0.000,0.000,0.000,0.000,0.000,2.000,0.000,1.000,0.000,0.000,0.000,8.000,0.000
9d,new,13,0.000,0.000,0.000,0.000,13.000,37.000,0.000,22.000,0.000,0.000,0.000,54.000,0.000
9d,new,14,0.000,0.000,0.000,0.000,0.000,0.000,0.000,0.000,0.000,0.000,0.000,23.000,0.000
9d,new,15,0.000,0.000,0.000,0.000,2.000,7.000,0.000,5.000,0.000,0.000,0.000,8.000,0.000
9d,new,16,0.000,0.000,0.000,0.000,7.000,14.000,0.000,6.000,0.000,0.000,0.000,15.000,0.000
9d,new,17,0.000,0.000,0.000,0.000,0.000,0.000,0.000,0.000,0.000,0.000,0.000,1.000,0.000
9d,new,18,0.000,0.000,0.000,0.000,15.000,40.000,0.000,23.000,0.000,0.000,0.000,50.000,0.000
9d,new,19,0.000,0.000,0.000,0.000,0.000,2.000,0.000,1.000,0.000,0.000,0.000,6.000,0.000
9d,new,20,0.000,0.000,0.000,0.000,13.000,37.000,0.000,22.000,0.000,0.000,0.000,53.000,0.000
9d,new,21,0.000,0.000,0.000,0.000,0.000,0.000,0.000,0.000,0.000,0.000,0.000,23.000,0.000
